city_code,merchant_a,merchant_b,weight,sppmi,support,z_score
shanghai,0000003,0070169,4.421458624324622,,7,
shanghai,0000003,0015480,2.6990299129458126,,5,
shanghai,0000003,0158788,2.240170273773253,,3,
shanghai,0000003,0090413,2.1248470477732657,,3,
shanghai,0000003,0117065,2.0818545002272377,,4,
shanghai,0000003,0203649,1.8149205133808892,,4,
shanghai,0000003,0044212,1.5420454338231515,,4,
shanghai,0000004,0070169,5.142293881718271,,6,
shanghai,0000004,0203649,0.8381357469225506,,3,
shanghai,0000004,0035647,5.713477620161908,,7,
shanghai,0000004,0204331,1.6652667004204391,,3,
shanghai,0000006,0036687,3.2678653411160083,,4,
shanghai,0000006,0129232,2.0724065034625343,,3,
shanghai,0000007,0235046,5.616516161470721,,8,
shanghai,0000007,0235047,4.94280424905806,,6,
shanghai,0000007,0035644,2.17854801418882,,3,
shanghai,0000009,0076995,1.8775441107591913,,3,
shanghai,0000039,0000041,2.1366163048153854,,3,
shanghai,0000131,0150980,2.5103333082363433,,3,
shanghai,0000202,0082069,7.734888683650108,,9,
shanghai,0000202,0082071,4.013270545643496,,5,
shanghai,0000220,0000250,1.2466069338741208,,3,
shanghai,0000227,0000250,2.993485266175581,,4,
shanghai,0000246,0000253,2.0436432741071555,,3,
shanghai,0000250,0000253,2.2410174179657663,,3,
shanghai,0000259,0000273,3.6677668807097956,,5,
shanghai,0000261,0000264,1.828720824252691,,3,
shanghai,0000264,0000299,3.1781220935735326,,5,
shanghai,0000264,0000266,2.0280051011548936,,3,
shanghai,0000264,0000294,1.9497062140095944,,3,
shanghai,0000264,0000277,1.8398507196786227,,3,
shanghai,0000264,0000306,1.8340721115983458,,3,
shanghai,0000264,0000308,1.6421040952153965,,3,
shanghai,0000271,0000304,1.339982941941635,,3,
shanghai,0000273,0000301,4.868553153012019,,5,
shanghai,0000273,0000275,1.8531033981307083,,3,
shanghai,0000306,0000308,1.432623886487102,,3,
shanghai,0000404,0000438,3.8853241004526153,,7,
shanghai,0000404,0000431,2.2518318063093354,,4,
shanghai,0000407,0000438,3.943081154037199,,6,
shanghai,0000410,0000438,2.6413162761883537,,5,
shanghai,0000411,0000438,2.635126799130547,,4,
shanghai,0000413,0000431,1.5047208688126297,,3,
shanghai,0000413,0000438,1.959723082946164,,3,
shanghai,0000414,0000431,2.0784391981667882,,4,
shanghai,0000414,0000438,2.1353861077426544,,3,
shanghai,0000416,0000438,2.4506688614066565,,4,
shanghai,0000417,0000438,5.61046671045858,,9,
shanghai,0000431,0000438,6.360319463354093,,8,
shanghai,0000431,0000432,3.4253606981236904,,5,
shanghai,0000431,0000434,2.41624681245995,,3,
shanghai,0000431,0000442,1.908138229952708,,4,
shanghai,0000431,0000444,1.5292410718050742,,3,
shanghai,0000431,0000437,1.0339664350098665,,3,
shanghai,0000432,0000438,4.197389857381816,,6,
shanghai,0000437,0000438,3.0784721491722102,,5,
shanghai,0000438,0000444,5.6560899673584535,,8,
shanghai,0000438,0000450,3.609069100689953,,4,
shanghai,0000438,0000442,3.2257005757663872,,5,
shanghai,0000445,0000450,1.5950495353447083,,3,
shanghai,0000467,0000487,2.6603661756587345,,4,
shanghai,0000467,0000491,1.4611214290639243,,3,
shanghai,0000469,0000487,2.748552723548586,,4,
shanghai,0000473,0000487,2.121322173276907,,3,
shanghai,0000482,0000487,1.9292685173734707,,3,
shanghai,0000537,0000573,2.4335339265018363,,3,
shanghai,0000547,0000577,2.4254492152300626,,3,
shanghai,0000566,0000585,2.4593107871070337,,3,
shanghai,0000606,0000616,1.9769482709436095,,3,
shanghai,0000628,0000656,3.3910373624052763,,5,
shanghai,0000634,0000663,2.0176642254420836,,3,
shanghai,0000640,0000662,1.9189551964920577,,3,
shanghai,0000644,0000656,2.4348698497214705,,4,
shanghai,0000646,0000663,2.7410455624234586,,4,
shanghai,0000648,0000663,2.3137622308576726,,4,
shanghai,0000648,0000662,1.9905696925617173,,3,
shanghai,0000648,0000667,2.6492994287715996,,3,
shanghai,0000649,0000656,2.346836210804706,,3,
shanghai,0000656,0000657,2.804760193038165,,4,
shanghai,0000656,0000663,2.291292123261632,,3,
shanghai,0000657,0000662,3.138738385703922,,5,
shanghai,0000659,0000663,1.867223542248219,,3,
shanghai,0000669,0000708,4.670041398712541,,5,
shanghai,0000669,0000688,3.2223399442629383,,5,
shanghai,0000669,0000709,2.7665314768195106,,3,
shanghai,0000669,0000677,1.9183742886107216,,3,
shanghai,0000678,0000708,2.7734497182349127,,4,
shanghai,0000678,0000710,2.0990637078009535,,3,
shanghai,0000682,0000708,3.004140357452476,,4,
shanghai,0000682,0000716,2.4171050105363707,,3,
shanghai,0000682,0000707,1.9089251762888206,,3,
shanghai,0000694,0000708,2.2358214414084365,,3,
shanghai,0000699,0000708,1.8236828088560095,,3,
shanghai,0000703,0000708,4.519440361169768,,6,
shanghai,0000707,0000709,1.9443934717296667,,3,
shanghai,0000708,0000712,2.199030409357746,,3,
shanghai,0000709,0000716,2.0295734916320463,,3,
shanghai,0000745,0000759,2.057746263677498,,4,
shanghai,0000748,0000759,1.9536030736305827,,4,
shanghai,0000772,0000805,1.6238055793325605,,3,
shanghai,0000778,0000805,2.114202016120996,,3,
shanghai,0000785,0000805,1.903367610445013,,3,
shanghai,0000798,0000805,2.7430278416709375,,3,
shanghai,0000844,0000868,1.702870293594832,,3,
shanghai,0000857,0000868,2.4047975033027362,,4,
shanghai,0000858,0000868,2.993544187281944,,4,
shanghai,0000860,0000871,1.9341703803401336,,3,
shanghai,0000861,0000868,2.1254641049611847,,3,
shanghai,0000862,0000871,1.7487534316105837,,3,
shanghai,0000864,0000868,2.9561311664230514,,4,
shanghai,0000864,0000871,2.7373738203513978,,4,
shanghai,0000868,0000870,2.4463768477322585,,4,
shanghai,0000868,0000872,2.18656596224337,,3,
shanghai,0000918,0000948,2.5430818216467865,,4,
shanghai,0000923,0000951,2.715867231541189,,4,
shanghai,0000925,0000948,3.1004796723588055,,5,
shanghai,0000929,0000950,2.9341198723774027,,3,
shanghai,0000933,0000948,2.0526686770250984,,3,
shanghai,0000937,0000948,3.0546461076938463,,4,
shanghai,0000938,0000948,2.711517340761576,,5,
shanghai,0000941,0000948,2.1371563789544332,,3,
shanghai,0000943,0000948,1.8933307724511468,,3,
shanghai,0001065,0001073,1.814425673021841,,3,
shanghai,0001073,0001078,3.507134995974173,,5,
shanghai,0001113,0001149,3.4299616782894624,,4,
shanghai,0001113,0001161,2.9610487188232066,,4,
shanghai,0001113,0001137,2.666519642624092,,3,
shanghai,0001113,0001173,2.2481691587423187,,4,
shanghai,0001114,0001168,3.722913825027377,,5,
shanghai,0001117,0001168,2.8318905844174607,,4,
shanghai,0001120,0001161,2.724638080330337,,4,
shanghai,0001123,0001161,0.9696776166892219,,3,
shanghai,0001123,0001173,2.5659200603326973,,4,
shanghai,0001123,0001168,2.749717393361917,,4,
shanghai,0001125,0001140,3.7803289854994198,,5,
shanghai,0001126,0001168,2.5297085602797944,,3,
shanghai,0001126,0001140,2.230593504672413,,3,
shanghai,0001132,0001168,3.1713567025108937,,4,
shanghai,0001137,0001140,2.0331167859215706,,3,
shanghai,0001138,0001173,3.236335040901483,,5,
shanghai,0001138,0001168,2.464866557538736,,3,
shanghai,0001139,0001168,2.3783831476690818,,3,
shanghai,0001139,0001140,2.143911642598472,,3,
shanghai,0001140,0001171,2.426457408155863,,3,
shanghai,0001140,0001163,2.4183975381511984,,3,
shanghai,0001143,0001173,1.6423134276641393,,3,
shanghai,0001143,0001168,2.2913748497239776,,3,
shanghai,0001147,0001161,1.4381533670927988,,3,
shanghai,0001147,0001168,2.224568533687683,,3,
shanghai,0001155,0001161,2.456375396201689,,4,
shanghai,0001155,0001173,1.955587723055929,,4,
shanghai,0001155,0001168,2.6590404656195714,,3,
shanghai,0001156,0001173,2.2016608618461753,,4,
shanghai,0001157,0001161,2.0227229803062325,,3,
shanghai,0001159,0001161,2.021078554777126,,3,
shanghai,0001159,0001168,3.4728472807086246,,5,
shanghai,0001161,0001173,2.3083996382357257,,3,
shanghai,0001161,0001171,1.917824314400498,,3,
shanghai,0001161,0001163,1.910846647090242,,3,
shanghai,0001165,0001168,3.520158572206409,,4,
shanghai,0001168,0001175,2.1633553520286872,,3,
shanghai,0001179,0001225,2.4107027223975255,,3,
shanghai,0001180,0001225,3.0988991234782426,,4,
shanghai,0001183,0001225,4.0215858523297605,,6,
shanghai,0001185,0001225,2.428473416984581,,3,
shanghai,0001185,0001227,2.154480694823985,,3,
shanghai,0001186,0001225,2.3323869295937802,,3,
shanghai,0001186,0001227,2.845135022876738,,4,
shanghai,0001187,0001225,3.5589467381783177,,5,
shanghai,0001187,0001227,1.6024729460417613,,3,
shanghai,0001189,0001225,1.9277193558077326,,3,
shanghai,0001189,0001227,2.124647030271559,,3,
shanghai,0001191,0001225,3.7464693777226685,,6,
shanghai,0001191,0001233,1.4990874092882116,,4,
shanghai,0001192,0001225,1.9244399441020004,,3,
shanghai,0001193,0001227,1.3241541019566085,,3,
shanghai,0001199,0001225,2.5415426620073034,,4,
shanghai,0001199,0001227,2.4562622781799597,,4,
shanghai,0001199,0001228,2.246306722223875,,3,
shanghai,0001200,0001225,2.2694497780037746,,4,
shanghai,0001201,0001225,2.556232165039142,,3,
shanghai,0001201,0001227,1.8507948309488533,,3,
shanghai,0001202,0001227,2.0985373211689007,,3,
shanghai,0001203,0001225,2.145470339291886,,3,
shanghai,0001204,0001227,2.3334200450471028,,4,
shanghai,0001204,0001233,1.48189265187609,,3,
shanghai,0001205,0001227,1.1145649932483739,,3,
shanghai,0001205,0001233,1.8975194183304749,,3,
shanghai,0001206,0001225,2.3604950418604016,,3,
shanghai,0001206,0001227,2.0235287227972747,,3,
shanghai,0001206,0001233,2.037595930220144,,3,
shanghai,0001208,0001227,2.3120094713985484,,3,
shanghai,0001209,0001233,2.150893488176563,,4,
shanghai,0001210,0001227,2.238881707508349,,3,
shanghai,0001223,0001225,2.627507708859337,,4,
shanghai,0001223,0001227,1.9203241961440523,,3,
shanghai,0001223,0001231,2.0635450695689377,,3,
shanghai,0001246,0001267,2.1113861500444093,,3,
shanghai,0001254,0001286,2.3354092522447454,,3,
shanghai,0001255,0001286,1.763761218703224,,4,
shanghai,0001269,0001286,2.005515418989793,,3,
shanghai,0001269,0001275,2.697400971495733,,3,
shanghai,0001270,0001281,1.9129306015745544,,3,
shanghai,0001275,0001278,2.624682762539428,,3,
shanghai,0001275,0001284,2.4014203470209474,,3,
shanghai,0001278,0001286,2.3139835376669446,,3,
shanghai,0001280,0001281,2.259364636280749,,3,
shanghai,0001280,0001283,2.8409986057314356,,4,
shanghai,0001281,0001286,1.6155819829952138,,3,
shanghai,0001282,0001286,1.95462931117149,,3,
shanghai,0001286,0001287,1.9013601068337924,,3,
shanghai,0001294,0001349,2.5955329182690283,,3,
shanghai,0001305,0001349,2.2669919500060685,,3,
shanghai,0001305,0001350,3.480010784542098,,5,
shanghai,0001308,0001350,3.2417546794896297,,4,
shanghai,0001312,0001349,3.5951764552034327,,5,
shanghai,0001312,0001350,4.089994951412036,,6,
shanghai,0001313,0001350,2.3140264072713723,,3,
shanghai,0001317,0001319,3.4942277118583505,,4,
shanghai,0001321,0001349,2.0996707472818206,,3,
shanghai,0001321,0001350,1.8434334877139045,,3,
shanghai,0001323,0001349,4.52213495246148,,7,
shanghai,0001324,0001349,2.810168717319763,,4,
shanghai,0001325,0001349,2.1742953628641812,,3,
shanghai,0001326,0001350,2.4457402803762434,,4,
shanghai,0001333,0001349,2.039243709250082,,3,
shanghai,0001345,0001349,2.077366894797081,,3,
shanghai,0001346,0001349,3.9380492895194603,,4,
shanghai,0001347,0001349,1.959297028799433,,3,
shanghai,0001349,0001350,2.35989477057999,,3,
shanghai,0001360,0001397,2.26800080076377,,3,
shanghai,0001402,0001421,3.284109547557022,,4,
shanghai,0001402,0001420,2.6218966346308106,,3,
shanghai,0001402,0001426,2.417195887146048,,3,
shanghai,0001409,0001440,2.5088714633088514,,4,
shanghai,0001414,0001437,1.850469410133078,,3,
shanghai,0001415,0001440,1.9236388020034472,,3,
shanghai,0001419,0001440,1.905073138538055,,3,
shanghai,0001420,0001440,2.1310077414805515,,3,
shanghai,0001423,0001440,2.715961369613238,,4,
shanghai,0001424,0001440,4.912971390036836,,7,
shanghai,0001427,0001440,5.035056347505771,,7,
shanghai,0001427,0001454,2.5642949502453654,,4,
shanghai,0001429,0001440,1.9411397164012243,,3,
shanghai,0001429,0001442,2.18282159133394,,3,
shanghai,0001430,0001437,3.353657867694663,,5,
shanghai,0001431,0001437,1.6686478865283954,,3,
shanghai,0001432,0001440,3.826564161494369,,5,
shanghai,0001434,0001440,1.801724322803861,,3,
shanghai,0001437,0001440,6.627140560149809,,10,
shanghai,0001440,0001441,3.8514300464161,,4,
shanghai,0001440,0001449,3.3571757575015297,,5,
shanghai,0001458,0001517,2.2128697212300694,,4,
shanghai,0001460,0001517,2.3456291589953784,,4,
shanghai,0001460,0001518,1.7828299648754182,,3,
shanghai,0001460,0001516,1.7400602690095197,,3,
shanghai,0001461,0001516,2.171025298102159,,4,
shanghai,0001461,0001506,1.5604148921272811,,3,
shanghai,0001464,0001516,3.478819541495828,,5,
shanghai,0001464,0001510,2.7818761425505363,,3,
shanghai,0001468,0001517,2.010809273680695,,4,
shanghai,0001470,0001516,2.8024972806857504,,4,
shanghai,0001473,0001517,2.916241405837579,,5,
shanghai,0001473,0001516,2.8040408186713655,,4,
shanghai,0001473,0001506,2.085579376837137,,4,
shanghai,0001474,0001506,1.5335893533615104,,3,
shanghai,0001475,0001517,1.8690712175218058,,3,
shanghai,0001475,0001518,1.442400092926234,,3,
shanghai,0001480,0001517,2.029295431898623,,3,
shanghai,0001481,0001517,3.2291399045100264,,5,
shanghai,0001481,0001516,2.25647451395595,,3,
shanghai,0001481,0001511,2.1786628080371897,,3,
shanghai,0001483,0001516,2.275285868500234,,3,
shanghai,0001487,0001516,1.96474670871714,,3,
shanghai,0001488,0001516,2.0124303881298395,,3,
shanghai,0001506,0001508,2.687536514072337,,4,
shanghai,0001508,0001517,1.7204320529905983,,3,
shanghai,0001526,0001548,1.5661996325719605,,3,
shanghai,0001566,0001605,3.755724923002187,,5,
shanghai,0001566,0001597,2.0161244130688134,,3,
shanghai,0001572,0001593,2.252397775642266,,3,
shanghai,0001573,0001605,2.3770558277454064,,3,
shanghai,0001581,0001593,2.4017095270440594,,4,
shanghai,0001593,0001594,2.7868968934123015,,3,
shanghai,0001607,0001630,1.9129453689195093,,3,
shanghai,0001660,0001691,1.652186031122612,,3,
shanghai,0001666,0001691,1.6443910041226761,,3,
shanghai,0001670,0001691,1.9207352908826507,,3,
shanghai,0001688,0001689,1.5535339847423026,,3,
shanghai,0001702,0001737,2.421387046571975,,3,
shanghai,0001711,0001737,1.9046550030331928,,3,
shanghai,0001714,0001738,2.7281896772869665,,3,
shanghai,0001718,0001734,2.1162887418698744,,3,
shanghai,0001742,0001791,2.4338679271301467,,4,
shanghai,0001742,0001780,1.947055480467253,,3,
shanghai,0001744,0001780,3.0170979718591973,,4,
shanghai,0001747,0001780,2.008559395282624,,3,
shanghai,0001748,0001780,1.9567538189314209,,3,
shanghai,0001756,0001791,2.4091425478527664,,4,
shanghai,0001759,0001780,2.8581080950770428,,4,
shanghai,0001759,0001791,3.362593485297189,,4,
shanghai,0001760,0001791,2.1603459403225505,,4,
shanghai,0001760,0001786,2.055898655816829,,3,
shanghai,0001761,0001780,3.565732252976408,,5,
shanghai,0001761,0001791,3.731338845731784,,5,
shanghai,0001761,0001786,2.2297422761956174,,3,
shanghai,0001762,0001791,1.8983803506892891,,3,
shanghai,0001767,0001791,2.079141017091222,,3,
shanghai,0001770,0001780,2.2113350276703847,,3,
shanghai,0001772,0001791,1.840770386674566,,3,
shanghai,0001773,0008390,1.5307465454441742,,3,
shanghai,0001780,0001791,3.9113969542449363,,5,
shanghai,0001780,0001799,2.1308566157567155,,3,
shanghai,0001780,0001790,1.616535052569378,,3,
shanghai,0001786,0001795,5.832550805587414,,6,
shanghai,0001786,0001790,2.259689552100877,,3,
shanghai,0001786,0001800,2.0633953813754884,,3,
shanghai,0001791,0001800,3.5872367969201537,,6,
shanghai,0001791,0001796,2.7149119394415737,,3,
shanghai,0001791,0001799,1.9928573064514719,,3,
shanghai,0001858,0001861,2.0024565174638598,,3,
shanghai,0001858,0001886,1.6808516462660492,,3,
shanghai,0001858,0001885,1.4862431304312307,,3,
shanghai,0001914,0001923,2.150028161874488,,3,
shanghai,0001916,0001923,2.252091395745861,,3,
shanghai,0001916,0001922,3.1238688123339466,,4,
shanghai,0001916,0001917,2.8549763733512292,,3,
shanghai,0002133,0002138,1.2954838043280321,,3,
shanghai,0002138,0002141,2.0809841233108815,,3,
shanghai,0002138,0002168,1.6210415915372813,,3,
shanghai,0002138,0002159,1.5553243790438105,,4,
shanghai,0002138,0002139,1.3546685056601215,,3,
shanghai,0002139,0002171,1.8931355428066046,,3,
shanghai,0002140,0002171,2.457352564951018,,3,
shanghai,0002141,0002171,1.9162122422829126,,3,
shanghai,0002152,0108566,1.51746473082882,,3,
shanghai,0002160,0002171,1.447385457569546,,3,
shanghai,0002185,0002233,1.8053312443276361,,3,
shanghai,0002193,0002225,2.2111453679314215,,3,
shanghai,0002197,0002224,2.1092147514342607,,3,
shanghai,0002200,0002225,2.9243517363278415,,5,
shanghai,0002200,0002224,1.8717020855662438,,3,
shanghai,0002204,0002225,3.270537744389893,,5,
shanghai,0002210,0002225,2.6802884878851545,,4,
shanghai,0002214,0002225,2.843561406472453,,4,
shanghai,0002223,0002224,1.4388093414956575,,3,
shanghai,0002224,0002225,2.715146213229813,,4,
shanghai,0002224,0002231,2.1604432747815268,,3,
shanghai,0002225,0002231,1.714265930131507,,3,
shanghai,0002267,0002301,1.691329336862713,,3,
shanghai,0002270,0002301,1.6115840261501475,,3,
shanghai,0002270,0002285,3.263380560245882,,5,
shanghai,0002272,0002301,1.9727528828207657,,3,
shanghai,0002276,0002301,3.0926877683135503,,4,
shanghai,0002276,0002285,3.755759741517373,,5,
shanghai,0002279,0002299,3.393647928201863,,4,
shanghai,0002279,0002310,1.8046068031869622,,3,
shanghai,0002282,0002285,2.3970700312163085,,3,
shanghai,0002285,0002301,6.481312804621373,,8,
shanghai,0002285,0002292,4.350962315892517,,6,
shanghai,0002285,0002321,4.063951384789721,,6,
shanghai,0002285,0002303,3.549287516471411,,5,
shanghai,0002285,0002315,3.3149202849610955,,5,
shanghai,0002285,0002309,3.265091839277925,,5,
shanghai,0002285,0002310,2.773583638508747,,4,
shanghai,0002285,0002290,1.8200496980307213,,3,
shanghai,0002285,0002311,1.6459984238829142,,3,
shanghai,0002295,0002301,2.3249378414535062,,3,
shanghai,0002301,0002321,5.629578178082494,,9,
shanghai,0002301,0002310,2.3598324377620123,,4,
shanghai,0002330,0002349,1.9784714416689784,,3,
shanghai,0002338,0002351,3.714592903159165,,5,
shanghai,0002340,0002351,2.970102029154863,,4,
shanghai,0002345,0002349,1.6345636249003954,,3,
shanghai,0002345,0002351,2.211729055791095,,3,
shanghai,0002361,0002395,1.6025817837382865,,3,
shanghai,0002363,0002395,2.7426860213939555,,5,
shanghai,0002366,0002396,1.625939007089201,,3,
shanghai,0002367,0111411,1.7070366179907257,,3,
shanghai,0002371,0002395,1.816323931340636,,3,
shanghai,0002371,0002396,2.5106187844407324,,4,
shanghai,0002377,0002395,3.83430853244011,,6,
shanghai,0002377,0002396,2.967952252714744,,4,
shanghai,0002378,0002395,2.8815695907996557,,4,
shanghai,0002378,0002396,2.6787689484822206,,3,
shanghai,0002382,0002395,1.8005968107252546,,3,
shanghai,0002382,0002396,3.3219171033820483,,5,
shanghai,0002384,0002395,2.961173919573078,,4,
shanghai,0002384,0002396,3.220920327683982,,4,
shanghai,0002388,0002395,1.4389815897243108,,3,
shanghai,0002388,0002396,1.9269685910523047,,3,
shanghai,0002393,0002395,2.1827016911515402,,3,
shanghai,0002395,0002396,2.537930822961004,,3,
shanghai,0002396,0002397,2.1277768816592206,,3,
shanghai,0002445,0002455,1.9868005145780707,,3,
shanghai,0002472,0002474,1.3185716619252477,,3,
shanghai,0002528,0002542,3.169161079071479,,5,
shanghai,0002620,0002634,1.6832241877123881,,4,
shanghai,0002624,0002636,2.846571757897289,,4,
shanghai,0002626,0002636,1.9468350797444018,,3,
shanghai,0002628,0002634,2.299021194595306,,4,
shanghai,0002631,0002634,2.4983863998284694,,4,
shanghai,0002632,0002634,5.577964019657355,,9,
shanghai,0002632,0002636,3.2207997139373754,,5,
shanghai,0002634,0002639,2.9669443989355155,,5,
shanghai,0002634,0002654,2.596529870819213,,4,
shanghai,0002634,0002640,2.449313731405558,,4,
shanghai,0002634,0002638,2.1796770859100447,,3,
shanghai,0002634,0002635,2.0226993083764,,3,
shanghai,0002636,0002649,5.61804335153326,,8,
shanghai,0002636,0002660,2.831299406724117,,3,
shanghai,0002636,0002639,2.2074927586658113,,3,
shanghai,0002636,0002653,2.072392480715589,,3,
shanghai,0002670,0002682,1.575350462137004,,3,
shanghai,0002682,0002698,2.232428995164907,,3,
shanghai,0002702,0002727,1.9395098203367214,,3,
shanghai,0002703,0002727,2.7148139243972,,4,
shanghai,0002704,0002727,2.3257822480404062,,4,
shanghai,0002708,0002727,1.930850702050706,,3,
shanghai,0002727,0111448,1.0862756142009542,,3,
shanghai,0002737,0002751,1.4571174223970456,,3,
shanghai,0002742,0002775,2.747723965614108,,4,
shanghai,0002743,0002775,2.5873190132165185,,3,
shanghai,0002999,0003021,3.32560977149944,,4,
shanghai,0003003,0003021,3.940658099387323,,6,
shanghai,0003009,0003021,1.6684409552953414,,3,
shanghai,0003010,0003021,2.8220358127147964,,4,
shanghai,0003012,0003021,1.7656583801799415,,3,
shanghai,0003018,0003021,1.3588289613886844,,3,
shanghai,0003019,0003021,2.590179591026461,,4,
shanghai,0003032,0003057,3.6619499357749863,,6,
shanghai,0003032,0003062,2.2762956996805146,,3,
shanghai,0003050,0003057,3.0988860996641403,,5,
shanghai,0003057,0003067,2.9181211193668637,,4,
shanghai,0003057,0003066,2.6905135248423893,,4,
shanghai,0003057,0003062,2.3344874406209746,,3,
shanghai,0003101,0003117,1.8321489077077378,,3,
shanghai,0003112,0003117,1.7983436648601288,,3,
shanghai,0003229,0003246,3.704053000618998,,5,
shanghai,0003229,0003248,2.1385364319795657,,3,
shanghai,0003240,0003248,2.1725351261374115,,3,
shanghai,0003244,0003248,1.682613479289406,,3,
shanghai,0003260,0003301,1.5915820110994403,,3,
shanghai,0003262,0003287,1.8074325325589133,,3,
shanghai,0003301,0003303,2.0435314148533688,,3,
shanghai,0003316,0003335,1.6299702072045275,,3,
shanghai,0003359,0003373,2.017457429686756,,3,
shanghai,0003363,0003373,2.3316022725656946,,3,
shanghai,0003363,0003376,2.2915413543121916,,4,
shanghai,0003367,0003373,2.2891544682030682,,3,
shanghai,0003405,0003420,2.539425058658389,,4,
shanghai,0003406,0003420,1.745307764762225,,3,
shanghai,0003411,0003420,2.205671172487792,,3,
shanghai,0003412,0003420,2.604468821980556,,4,
shanghai,0003420,0003424,3.0768035928078143,,5,
shanghai,0003420,0003428,2.2829543778365844,,4,
shanghai,0003420,0003427,2.2131044242011555,,4,
shanghai,0003420,0003433,1.9191401210497883,,4,
shanghai,0003422,0003428,2.1980556820255597,,4,
shanghai,0003475,0003488,2.4533409290992654,,3,
shanghai,0003476,0003488,2.248993158154203,,3,
shanghai,0004007,0107391,2.0885032168613025,,3,
shanghai,0004105,0004114,1.9948458843330275,,3,
shanghai,0004302,0004345,2.7646017063024404,,4,
shanghai,0004428,0188633,3.1010552825564104,,4,
shanghai,0004685,0185299,2.445051648366831,,3,
shanghai,0007289,0124403,1.5959067079528984,,3,
shanghai,0007714,0158262,3.7666621650957572,,4,
shanghai,0007790,0236781,4.679931804376037,,5,
shanghai,0007925,0125470,2.3715292700790034,,3,
shanghai,0008044,0018390,3.488499566395125,,4,
shanghai,0008180,0018267,3.19172333532278,,4,
shanghai,0008603,0098028,2.6284265369446795,,3,
shanghai,0009531,0164789,1.6748915120116938,,3,
shanghai,0009621,0050321,1.5423926261618301,,3,
shanghai,0011053,0011054,2.8149163608113525,,4,
shanghai,0011078,0011080,3.0786177012700797,,6,
shanghai,0011082,0011085,2.889878247907906,,5,
shanghai,0011082,0011084,1.4879889437685356,,3,
shanghai,0011084,0011086,2.046033934609986,,4,
shanghai,0011084,0011085,2.028357920529464,,3,
shanghai,0011085,0011086,5.198897642177159,,9,
shanghai,0011085,0011087,3.280129513804571,,5,
shanghai,0011086,0011087,1.046030539941083,,3,
shanghai,0011210,0089252,2.6341713101263933,,4,
shanghai,0011739,0077156,1.1270024540683767,,3,
shanghai,0011821,0048624,2.768242716729851,,3,
shanghai,0012016,0109573,2.410369442362841,,3,
shanghai,0012667,0022351,2.3514539070271927,,3,
shanghai,0012667,0022371,1.9932950603362152,,3,
shanghai,0012669,0145651,1.880548972847314,,3,
shanghai,0012677,0012680,0.7031295586662735,,3,
shanghai,0012678,0012680,3.1675352205622986,,4,
shanghai,0012681,0083504,3.6219165363181,,4,
shanghai,0012847,0013020,3.1156699136140458,,7,
shanghai,0012885,0013063,2.1751685986549556,,4,
shanghai,0013088,0062432,1.782376476887407,,3,
shanghai,0013838,0091987,2.234415474281626,,3,
shanghai,0013838,0064535,1.630163850261848,,3,
shanghai,0014006,0089361,2.6602973849797418,,3,
shanghai,0014007,0089361,2.574802522440853,,3,
shanghai,0014222,0078747,1.5017378092388207,,4,
shanghai,0014248,0078819,4.065548778283431,,6,
shanghai,0014248,0078818,3.5895430082810345,,5,
shanghai,0014248,0078820,3.0995392857980466,,4,
shanghai,0014248,0084198,2.444974625572828,,3,
shanghai,0014248,0086152,2.4348911091934764,,4,
shanghai,0014248,0086148,1.6743135531981783,,6,
shanghai,0014248,0020321,1.5175406081448561,,3,
shanghai,0014249,0078819,4.714504789878318,,7,
shanghai,0014249,0078820,4.230317607734056,,6,
shanghai,0014249,0086152,1.9384197517160833,,3,
shanghai,0014249,0038116,1.162924770686692,,3,
shanghai,0014262,0078819,2.096392753848773,,3,
shanghai,0014269,0078820,1.5806299718270818,,3,
shanghai,0014269,0234894,3.2449919176485205,,6,
shanghai,0014269,0100728,3.22922097712155,,4,
shanghai,0014269,0234895,2.153700450777328,,3,
shanghai,0014272,0078889,2.233554719091232,,3,
shanghai,0014273,0038762,2.1900921266653555,,3,
shanghai,0014292,0014311,4.052288136668357,,6,
shanghai,0014292,0014300,3.430631991267218,,6,
shanghai,0014292,0014299,2.433049438957687,,6,
shanghai,0014292,0014304,1.3053900174294446,,3,
shanghai,0014292,0014301,0.7557225640747816,,3,
shanghai,0014294,0014304,2.133567671953686,,5,
shanghai,0014294,0063067,1.9370619750947937,,3,
shanghai,0014294,0014309,1.6263070319960902,,3,
shanghai,0014294,0014302,1.2318302503685272,,3,
shanghai,0014295,0014308,2.6340738182878485,,4,
shanghai,0014295,0063067,2.6151496267798313,,4,
shanghai,0014295,0063080,2.6475485716743465,,4,
shanghai,0014295,0063060,2.4889992821269953,,4,
shanghai,0014295,0014310,2.276157611318692,,4,
shanghai,0014295,0063072,1.3187732497166076,,3,
shanghai,0014297,0014299,3.2597726399704157,,7,
shanghai,0014297,0014300,2.421889458385382,,4,
shanghai,0014297,0014301,1.8593506028352942,,3,
shanghai,0014297,0014308,3.332096884046876,,6,
shanghai,0014297,0063067,2.775128002397783,,4,
shanghai,0014297,0014310,3.082634413571418,,5,
shanghai,0014297,0063060,1.5416381681428342,,4,
shanghai,0014297,0063084,6.022604914653205,,9,
shanghai,0014297,0063064,2.108463604456727,,3,
shanghai,0014297,0014305,1.923748441057025,,3,
shanghai,0014297,0063078,1.8772708058797307,,3,
shanghai,0014298,0014299,1.4052282825712905,,3,
shanghai,0014298,0014301,1.2009035554245509,,3,
shanghai,0014299,0014308,4.203602896186488,,9,
shanghai,0014299,0014301,3.680131567471599,,6,
shanghai,0014299,0014310,3.6433246140964837,,7,
shanghai,0014299,0014320,2.470487023030651,,5,
shanghai,0014299,0063078,2.188797403123452,,3,
shanghai,0014299,0063082,1.670307016900689,,3,
shanghai,0014299,0014311,1.6530164658361264,,3,
shanghai,0014299,0063057,1.202082717465546,,3,
shanghai,0014300,0014305,6.281945178846126,,10,
shanghai,0014300,0063084,5.817638753655501,,8,
shanghai,0014300,0014308,4.477140003955041,,9,
shanghai,0014300,0063077,2.3003292331993705,,4,
shanghai,0014300,0063064,2.246348355435031,,3,
shanghai,0014300,0063060,2.0692364775161036,,4,
shanghai,0014300,0014311,1.954575842537501,,3,
shanghai,0014300,0014303,1.793241529080024,,3,
shanghai,0014300,0014307,1.724952869242822,,4,
shanghai,0014300,0014302,1.6510828399040185,,3,
shanghai,0014300,0063082,1.6400243175334648,,4,
shanghai,0014300,0014301,1.4756409593631257,,4,
shanghai,0014301,0014311,5.403922838110669,,9,
shanghai,0014301,0014310,5.282720867826908,,10,
shanghai,0014301,0063060,3.171100335147396,,7,
shanghai,0014301,0014305,2.3183107039742024,,4,
shanghai,0014301,0014319,2.1226125636087234,,3,
shanghai,0014301,0063084,1.8905607609347235,,4,
shanghai,0014301,0014320,1.1868571109088126,,3,
shanghai,0014301,0063067,0.9632104603975278,,3,
shanghai,0014302,0014304,3.085244984070543,,5,
shanghai,0014304,0014309,3.011085661454509,,5,
shanghai,0014304,0063084,1.634646132076078,,3,
shanghai,0014305,0014310,1.457833011554932,,3,
shanghai,0014305,0063072,1.7008784738912932,,3,
shanghai,0014305,0063084,1.4541798698364312,,3,
shanghai,0014308,0014311,3.8255750170031018,,8,
shanghai,0014308,0164332,2.8429015525397117,,8,
shanghai,0014308,0063060,14.427253042382391,,24,
shanghai,0014308,0063067,10.636817264342943,,17,
shanghai,0014308,0063082,9.421946193665367,,14,
shanghai,0014308,0014332,7.4612340668509125,,11,
shanghai,0014308,0014339,5.1536491424022035,,6,
shanghai,0014308,0014341,3.8681729033095538,,5,
shanghai,0014308,0063057,3.4857133225054437,,6,
shanghai,0014308,0063064,2.9861631144723537,,6,
shanghai,0014308,0037671,2.764545011224776,,7,
shanghai,0014310,0014311,2.6083521100208076,,5,
shanghai,0014310,0063077,1.7966237332554347,,4,
shanghai,0014310,0063080,1.7067042223711388,,3,
shanghai,0014311,0063067,3.4294274829123106,,6,
shanghai,0014311,0014320,2.6676711113402276,,4,
shanghai,0014311,0063060,2.155146580610531,,4,
shanghai,0014311,0063077,1.9925561609701568,,4,
shanghai,0014311,0014329,1.4804174861759043,,3,
shanghai,0014311,0063080,1.0191160810725641,,3,
shanghai,0014311,0063057,0.8804918112712108,,3,
shanghai,0014311,0063082,0.7964365504631503,,3,
shanghai,0014320,0014329,1.380215400622795,,3,
shanghai,0014323,0063067,1.3382282087658128,,3,
shanghai,0014332,0063067,2.380751666981997,,5,
shanghai,0014332,0063060,3.3918104532019564,,5,
shanghai,0014332,0063082,4.893074950041204,,7,
shanghai,0014341,0063082,3.283820165133341,,4,
shanghai,0014350,0014622,3.691684529805245,,5,
shanghai,0014350,0014626,2.4426843397347215,,5,
shanghai,0014350,0014624,2.3256874233086156,,3,
shanghai,0014350,0014627,2.245595320190356,,3,
shanghai,0014350,0014632,2.1531968624441693,,4,
shanghai,0014351,0014622,6.223326190840344,,10,
shanghai,0014351,0014624,1.903498331769668,,3,
shanghai,0014351,0014626,1.9931830947862812,,4,
shanghai,0014351,0014627,1.3865848572005202,,3,
shanghai,0014351,0014632,2.8888263739036115,,5,
shanghai,0014351,0014634,2.849704857055967,,5,
shanghai,0014351,0109278,2.262203224377977,,4,
shanghai,0014351,0109277,1.6061858011407413,,3,
shanghai,0014363,0014373,4.39465291677454,,5,
shanghai,0014367,0014373,2.6782231816620614,,3,
shanghai,0014368,0014373,2.198369462162289,,3,
shanghai,0014370,0014373,1.7667443756915082,,3,
shanghai,0014370,0014374,2.3331693741196022,,4,
shanghai,0014372,0014374,1.987740736862406,,4,
shanghai,0014373,0014374,10.45059779172168,,12,
shanghai,0014373,0014375,4.366056111563369,,5,
shanghai,0014373,0026721,1.7936378499908585,,3,
shanghai,0014394,0014395,2.014149314205979,,4,
shanghai,0014441,0014467,3.57578873435625,,5,
shanghai,0014467,0072625,1.429085132409503,,3,
shanghai,0014474,0016121,5.273726191543702,,11,
shanghai,0014474,0073066,4.162076408436086,,7,
shanghai,0014474,0016119,2.9058998869077657,,6,
shanghai,0014474,0016120,2.7143536851644705,,6,
shanghai,0014474,0075345,2.4061331955956513,,4,
shanghai,0014474,0016117,2.3587538587796946,,5,
shanghai,0014474,0040460,2.2329280112681857,,5,
shanghai,0014474,0114873,2.2203636315426327,,4,
shanghai,0014474,0089628,1.9383317471439927,,4,
shanghai,0014474,0074342,1.7898162062626146,,3,
shanghai,0014474,0114872,1.623449344769538,,3,
shanghai,0014474,0075744,1.5600492144562925,,3,
shanghai,0014474,0119063,1.527492901010904,,3,
shanghai,0014474,0016126,1.424984205486449,,3,
shanghai,0014474,0114871,1.3036757276871929,,4,
shanghai,0014477,0109221,3.02168799801966,,4,
shanghai,0014478,0014481,13.408511010797826,,20,
shanghai,0014478,0073836,3.1899961867900544,,6,
shanghai,0014478,0232412,3.1579335456858795,,6,
shanghai,0014478,0035648,2.9356943334920187,,6,
shanghai,0014478,0025110,1.6457679904135967,,3,
shanghai,0014478,0172941,1.6049022019618224,,3,
shanghai,0014478,0234885,1.4559650236092918,,3,
shanghai,0014479,0084670,3.0901597767339184,,4,
shanghai,0014479,0114596,1.5688923787789595,,3,
shanghai,0014479,0084671,1.4136781323901848,,3,
shanghai,0014479,0022241,1.2298236184035527,,3,
shanghai,0014479,0044129,1.2219540522695118,,4,
shanghai,0014480,0014486,4.3644606654399745,,7,
shanghai,0014480,0073651,2.3986911901615007,,4,
shanghai,0014481,0234885,2.3120250085904894,,4,
shanghai,0014481,0114229,1.3713689648270477,,4,
shanghai,0014481,0232412,1.2451347472655618,,3,
shanghai,0014483,0020387,1.9178078001539476,,3,
shanghai,0014483,0044143,1.486974478921972,,3,
shanghai,0014483,0089316,1.041962332345367,,3,
shanghai,0014486,0114215,3.4348414463291945,,5,
shanghai,0014486,0114216,2.99367821762707,,5,
shanghai,0014486,0231597,2.506775265192495,,4,
shanghai,0014486,0114217,2.2453259654857245,,4,
shanghai,0014486,0084727,1.815383739927513,,3,
shanghai,0014486,0084665,1.5205340020141613,,3,
shanghai,0014487,0188300,2.7526978290409554,,4,
shanghai,0014497,0014499,1.5808802186704811,,4,
shanghai,0014497,0014502,0.9569051262235471,,3,
shanghai,0014499,0080125,3.5177718660283723,,6,
shanghai,0014499,0080124,1.6698108077631788,,4,
shanghai,0014502,0080125,5.927848132168374,,9,
shanghai,0014502,0014503,1.8921513756653292,,3,
shanghai,0014502,0080124,1.6636750630538377,,3,
shanghai,0014509,0079006,3.633492389937009,,6,
shanghai,0014509,0079003,2.4740483394760493,,6,
shanghai,0014509,0014516,1.8089489342880085,,3,
shanghai,0014509,0014510,1.2214169083610262,,3,
shanghai,0014510,0014512,2.3628092135183705,,4,
shanghai,0014510,0079007,1.7664907576449713,,4,
shanghai,0014510,0079006,1.578155343714279,,4,
shanghai,0014513,0014516,1.7208588515614216,,3,
shanghai,0014513,0014517,2.1208816924431995,,4,
shanghai,0014516,0079002,1.0075493831804592,,3,
shanghai,0014517,0079006,2.047683556994916,,5,
shanghai,0014519,0014524,3.439640986154063,,6,
shanghai,0014519,0014525,2.0624025490211295,,4,
shanghai,0014520,0014523,1.7421826785492782,,3,
shanghai,0014522,0014524,3.107488053701199,,4,
shanghai,0014522,0014561,1.3441317310270207,,3,
shanghai,0014522,0078827,1.0896139740798543,,3,
shanghai,0014524,0014525,2.7452273889925416,,5,
shanghai,0014524,0109315,1.9064906511849298,,3,
shanghai,0014525,0109318,1.8013354022417798,,3,
shanghai,0014531,0014560,2.3472421662956737,,4,
shanghai,0014537,0014561,1.8133543690736986,,4,
shanghai,0014537,0014538,2.6530712864461456,,4,
shanghai,0014537,0014541,2.469785148568877,,3,
shanghai,0014537,0014539,2.223891230544804,,4,
shanghai,0014539,0014559,1.5752175081889406,,3,
shanghai,0014541,0014559,2.3941262920824933,,5,
shanghai,0014541,0078841,1.0006144169918654,,3,
shanghai,0014552,0014561,2.721049394226765,,4,
shanghai,0014561,0078863,3.399409998552134,,7,
shanghai,0014561,0015043,1.6809412677754707,,3,
shanghai,0014561,0078879,1.6282796400696737,,4,
shanghai,0014561,0078842,0.8931885345991033,,3,
shanghai,0014582,0014587,2.604211126983278,,3,
shanghai,0014582,0075015,1.9895084559616423,,3,
shanghai,0014587,0062855,2.282103993007949,,3,
shanghai,0014591,0014592,1.9452029402190807,,3,
shanghai,0014592,0062857,1.6112123485580385,,3,
shanghai,0014595,0014596,2.0351056269841967,,3,
shanghai,0014622,0014627,9.031934893137075,,15,
shanghai,0014622,0014626,8.964885722650088,,19,
shanghai,0014622,0014632,6.87001327921587,,12,
shanghai,0014622,0014628,6.090956205431519,,10,
shanghai,0014622,0014624,3.7651261134313914,,6,
shanghai,0014622,0014634,2.6456331050477218,,6,
shanghai,0014622,0014623,2.113108335890144,,3,
shanghai,0014622,0109277,2.0202067478136247,,4,
shanghai,0014622,0014629,1.8979761668582436,,3,
shanghai,0014622,0146987,1.105813350077083,,3,
shanghai,0014624,0014626,4.960639941469745,,9,
shanghai,0014624,0014627,4.4674330433444815,,8,
shanghai,0014624,0109278,3.281221260028717,,4,
shanghai,0014624,0014628,2.0948029394703735,,4,
shanghai,0014626,0014632,6.931029499144576,,12,
shanghai,0014626,0014628,4.590823855619129,,9,
shanghai,0014626,0014627,3.0625074768749525,,6,
shanghai,0014626,0014634,1.7328279859407436,,4,
shanghai,0014626,0109278,1.5409095041157939,,3,
shanghai,0014627,0014631,2.4335831642097183,,3,
shanghai,0014627,0014632,2.2170121361039627,,5,
shanghai,0014628,0014632,1.796582433465041,,4,
shanghai,0014629,0014632,4.024811621626195,,6,
shanghai,0014631,0146987,1.7434401279345246,,3,
shanghai,0014632,0014634,2.0530889827277803,,4,
shanghai,0014633,0146987,2.5201852050713884,,3,
shanghai,0014634,0109278,2.6332804465168236,,3,
shanghai,0014634,0109276,2.066787434791939,,3,
shanghai,0014634,0146987,1.6943637008682926,,3,
shanghai,0014636,0014640,2.136439564896177,,4,
shanghai,0014636,0014642,1.8333418074557817,,3,
shanghai,0014637,0014640,2.5460887494636166,,4,
shanghai,0014637,0109306,1.2015573503238923,,3,
shanghai,0014640,0014642,2.991449485785611,,6,
shanghai,0014640,0014780,1.642028759423532,,3,
shanghai,0014640,0018726,1.338542647090668,,3,
shanghai,0014640,0014753,1.2339691030115063,,3,
shanghai,0014642,0040446,2.64339932248284,,5,
shanghai,0014642,0018727,2.185552868262754,,3,
shanghai,0014642,0019434,1.808352206221045,,3,
shanghai,0014642,0014758,1.7554691277023207,,3,
shanghai,0014642,0172925,1.6090936879294593,,3,
shanghai,0014642,0018728,1.4395035517709225,,3,
shanghai,0014642,0036788,1.2721567263609947,,3,
shanghai,0014642,0088332,1.0890727866235577,,3,
shanghai,0014644,0014650,2.3268153167880596,,3,
shanghai,0014644,0014647,1.9819237059222274,,3,
shanghai,0014646,0014647,3.431296031036,,5,
shanghai,0014646,0075782,2.3608578002036547,,3,
shanghai,0014646,0014694,2.14630216293458,,3,
shanghai,0014646,0063020,1.7733354098240766,,3,
shanghai,0014647,0014649,4.347734708515641,,6,
shanghai,0014647,0014650,1.9470759403731503,,3,
shanghai,0014647,0063027,1.1409165660336098,,3,
shanghai,0014648,0014650,2.077334705587482,,3,
shanghai,0014648,0063052,2.312168871614454,,3,
shanghai,0014649,0014650,4.096125632463633,,5,
shanghai,0014652,0014653,4.726679256800623,,8,
shanghai,0014652,0014655,4.350244675415968,,7,
shanghai,0014652,0014661,2.026300879347936,,4,
shanghai,0014653,0014654,3.0352849473489654,,5,
shanghai,0014653,0014661,2.368384129959765,,3,
shanghai,0014653,0014662,2.331875182904154,,4,
shanghai,0014653,0014672,2.1038937703271756,,3,
shanghai,0014653,0014656,2.072931567394571,,3,
shanghai,0014655,0014672,1.1838780029851965,,3,
shanghai,0014656,0014662,1.6516776856409665,,3,
shanghai,0014658,0014662,1.7544621459566003,,3,
shanghai,0014661,0014662,3.834918653860195,,5,
shanghai,0014662,0014680,1.8985141950231228,,4,
shanghai,0014662,0063037,1.28127616237617,,3,
shanghai,0014664,0014665,2.0114978306166633,,3,
shanghai,0014665,0117427,1.6691569760060008,,3,
shanghai,0014668,0014669,4.0881197292734575,,5,
shanghai,0014672,0014682,5.849376858944952,,9,
shanghai,0014672,0014673,4.16454917594837,,6,
shanghai,0014672,0014681,2.8622050856772887,,4,
shanghai,0014672,0014674,2.109354332938838,,3,
shanghai,0014672,0014677,1.2929830117648575,,3,
shanghai,0014673,0014682,5.337296249398493,,8,
shanghai,0014673,0117429,1.5916249053352618,,3,
shanghai,0014673,0014681,1.3056686898999224,,3,
shanghai,0014674,0063055,2.0472574063431295,,3,
shanghai,0014674,0014682,1.0352116683175008,,3,
shanghai,0014676,0014680,1.9587167557478824,,3,
shanghai,0014676,0014677,3.1363681530792635,,5,
shanghai,0014676,0117429,1.4738267566728882,,3,
shanghai,0014676,0014683,2.385888081768545,,3,
shanghai,0014676,0014691,1.401341134485513,,3,
shanghai,0014677,0014680,2.895662840923908,,4,
shanghai,0014677,0014683,2.0001397681203836,,3,
shanghai,0014680,0063027,1.5196148961151756,,3,
shanghai,0014680,0014681,6.494243056573556,,9,
shanghai,0014680,0014683,6.48951510286406,,9,
shanghai,0014680,0014682,2.9888396177620704,,5,
shanghai,0014680,0014689,2.1124816390361523,,3,
shanghai,0014681,0014682,4.141279622223003,,6,
shanghai,0014681,0014686,1.6093806605653762,,3,
shanghai,0014681,0117429,1.388050955773769,,3,
shanghai,0014682,0014683,5.680462518109473,,9,
shanghai,0014682,0063028,2.092325394389105,,4,
shanghai,0014682,0063016,1.8763113374841915,,3,
shanghai,0014683,0063037,0.9272642548031595,,3,
shanghai,0014683,0117427,1.423515797943176,,3,
shanghai,0014683,0063036,1.4927174551053763,,3,
shanghai,0014686,0014694,3.62564394112269,,4,
shanghai,0014686,0014695,4.213628656184809,,5,
shanghai,0014686,0063028,2.228646791597813,,3,
shanghai,0014687,0014694,3.5270060084943853,,4,
shanghai,0014687,0014695,9.760374630647414,,11,
shanghai,0014688,0014694,3.68002705746672,,4,
shanghai,0014688,0117429,2.227745692066593,,4,
shanghai,0014688,0014695,3.045946053168013,,4,
shanghai,0014689,0014694,2.60275287991417,,3,
shanghai,0014689,0014695,4.551583971850373,,6,
shanghai,0014690,0014694,2.703631596753024,,3,
shanghai,0014690,0014695,3.311433141692631,,4,
shanghai,0014691,0014694,2.3853060204154177,,3,
shanghai,0014691,0014695,6.789212508312158,,8,
shanghai,0014691,0014692,1.9855919439645393,,3,
shanghai,0014692,0014694,3.6381188628626466,,4,
shanghai,0014692,0063027,1.8520872110334248,,3,
shanghai,0014692,0014695,3.1875510744811537,,4,
shanghai,0014692,0014697,2.849444971385651,,3,
shanghai,0014694,0014695,4.950891644853354,,6,
shanghai,0014694,0055212,2.300534988955354,,3,
shanghai,0014724,0014727,4.6547890249916755,,7,
shanghai,0014724,0014731,2.99162016483559,,7,
shanghai,0014724,0014732,2.505531929375611,,4,
shanghai,0014724,0014734,2.4366709803604136,,4,
shanghai,0014724,0014725,2.1265639322465635,,4,
shanghai,0014724,0014728,1.7516412906148529,,3,
shanghai,0014724,0014730,1.4492283484962605,,3,
shanghai,0014725,0014734,2.847988663182616,,4,
shanghai,0014726,0014727,1.475559375528781,,3,
shanghai,0014726,0014728,4.266839721142525,,7,
shanghai,0014726,0014730,2.982219125336558,,5,
shanghai,0014726,0014731,4.114355610759202,,8,
shanghai,0014726,0014732,5.226724805705125,,9,
shanghai,0014726,0014734,4.11465579614237,,6,
shanghai,0014726,0014729,1.4073177490894269,,3,
shanghai,0014727,0014729,9.95996815311486,,15,
shanghai,0014727,0014728,5.510187770482686,,9,
shanghai,0014727,0014731,5.264742803978316,,9,
shanghai,0014727,0014730,4.041936218989426,,8,
shanghai,0014727,0014734,3.777337366785985,,7,
shanghai,0014727,0014745,2.5981134012573928,,4,
shanghai,0014727,0014732,2.38148213191674,,4,
shanghai,0014727,0109130,2.1356766355558863,,3,
shanghai,0014727,0014744,2.01625481147943,,3,
shanghai,0014727,0037841,0.9631581056488882,,3,
shanghai,0014728,0014730,4.712801393569174,,11,
shanghai,0014728,0014731,3.770780902145151,,8,
shanghai,0014728,0014734,3.5178475837061063,,6,
shanghai,0014728,0014732,2.599375460970583,,4,
shanghai,0014728,0014729,2.3706232318868574,,4,
shanghai,0014728,0037841,2.1290074747387315,,3,
shanghai,0014728,0014733,2.085099825410748,,3,
shanghai,0014728,0014743,1.8193044884351508,,3,
shanghai,0014729,0014730,5.306290688291748,,11,
shanghai,0014729,0014731,2.3650715230726767,,5,
shanghai,0014729,0014732,2.98951907988641,,6,
shanghai,0014729,0014734,2.697466780252131,,4,
shanghai,0014730,0014731,10.99872228735952,,17,
shanghai,0014730,0014732,5.324057671558909,,10,
shanghai,0014730,0014734,4.250421207215255,,8,
shanghai,0014730,0014735,3.287487521214251,,6,
shanghai,0014730,0014733,2.9790638074739206,,5,
shanghai,0014730,0014736,1.9147573618973528,,3,
shanghai,0014730,0017528,1.6277339986554482,,3,
shanghai,0014730,0109130,1.3557757641472035,,3,
shanghai,0014731,0014734,5.6508643408252235,,9,
shanghai,0014731,0014743,4.956932726068885,,7,
shanghai,0014731,0014732,3.74704344927237,,8,
shanghai,0014731,0014736,1.8199378288184564,,4,
shanghai,0014731,0109130,1.228620489222933,,3,
shanghai,0014731,0016103,1.0625304230605759,,4,
shanghai,0014731,0016107,0.9172280707280265,,3,
shanghai,0014732,0014734,4.452602664662522,,7,
shanghai,0014734,0014744,1.4428052460980152,,3,
shanghai,0014754,0014758,2.6307886455803513,,4,
shanghai,0014760,0117570,1.7665583751701348,,4,
shanghai,0014760,0118860,1.64533192310614,,3,
shanghai,0014761,0018728,1.8246493463856397,,3,
shanghai,0014761,0014784,3.0793300437923268,,5,
shanghai,0014779,0014784,3.104786037323514,,4,
shanghai,0014784,0018726,1.0439972599706702,,3,
shanghai,0014784,0017644,1.104240480827877,,3,
shanghai,0014786,0014795,3.24404996857562,,6,
shanghai,0014786,0014794,2.58479437428575,,5,
shanghai,0014786,0014787,2.346233555250903,,4,
shanghai,0014787,0014796,7.321328728472425,,11,
shanghai,0014787,0014793,2.608577941435228,,4,
shanghai,0014787,0147416,2.529458763973672,,4,
shanghai,0014790,0147413,1.68094252530617,,3,
shanghai,0014792,0014796,1.4036305857149778,,3,
shanghai,0014792,0147416,3.327592325215342,,7,
shanghai,0014792,0147408,4.2867580391865125,,7,
shanghai,0014792,0014797,3.7922599107296167,,7,
shanghai,0014792,0147419,3.316267173562549,,6,
shanghai,0014792,0147412,2.525010834867167,,4,
shanghai,0014793,0014796,3.360235180562214,,5,
shanghai,0014794,0147418,4.401615701675816,,7,
shanghai,0014794,0147412,3.596799242306526,,6,
shanghai,0014794,0147419,3.381179749031252,,5,
shanghai,0014794,0014796,3.041567268957692,,4,
shanghai,0014794,0147408,2.399679382553585,,4,
shanghai,0014794,0045444,1.7195237993254506,,3,
shanghai,0014795,0147418,1.4132212739625702,,3,
shanghai,0014797,0147416,1.7426220583524021,,3,
shanghai,0014797,0147408,2.718414403827096,,5,
shanghai,0014797,0147419,2.3268933852929856,,4,
shanghai,0014800,0100407,2.1508814287627613,,3,
shanghai,0014800,0100406,1.845822747029661,,3,
shanghai,0014803,0100416,3.106857652419095,,6,
shanghai,0014817,0014819,2.1721044006663153,,3,
shanghai,0014825,0014826,4.606754468699492,,7,
shanghai,0014825,0078931,1.9416289086767524,,3,
shanghai,0014826,0078931,6.483046190661127,,9,
shanghai,0014826,0109245,6.225809148337589,,9,
shanghai,0014826,0078929,5.110026150019094,,8,
shanghai,0014826,0078930,3.870581151442307,,6,
shanghai,0014826,0047507,3.4176703319957635,,5,
shanghai,0014826,0109246,2.925799946031488,,4,
shanghai,0014826,0047508,2.4055946630844556,,4,
shanghai,0014826,0078927,2.382823499343866,,4,
shanghai,0014826,0093976,1.6218323727685482,,3,
shanghai,0014826,0047509,1.4560675732383033,,3,
shanghai,0014829,0014832,11.72725428349401,,19,
shanghai,0014829,0063583,9.749747506946782,,17,
shanghai,0014829,0063587,7.8330177950319575,,14,
shanghai,0014829,0100446,5.921759473476213,,10,
shanghai,0014829,0078936,5.394918746431489,,9,
shanghai,0014829,0100452,4.299944984788986,,8,
shanghai,0014829,0063581,4.033975233082702,,7,
shanghai,0014829,0035198,3.7819221627274118,,6,
shanghai,0014829,0035200,3.292365829468967,,6,
shanghai,0014829,0014837,2.962190877081536,,5,
shanghai,0014829,0014831,2.8993752148002483,,5,
shanghai,0014829,0100450,2.807046881153934,,6,
shanghai,0014829,0014835,2.690928103659906,,6,
shanghai,0014829,0063588,2.6073292069498812,,4,
shanghai,0014830,0014835,11.764697808315658,,15,
shanghai,0014830,0063585,1.8589917198001384,,4,
shanghai,0014831,0014832,2.016170875894156,,3,
shanghai,0014832,0014838,4.782403609562484,,8,
shanghai,0014832,0063587,4.226730182786561,,8,
shanghai,0014832,0015466,3.8844160795175733,,6,
shanghai,0014832,0100450,2.7091350321809986,,5,
shanghai,0014832,0035198,2.3935148026453383,,4,
shanghai,0014832,0100453,2.22727831939686,,5,
shanghai,0014832,0063583,1.9083659618925817,,3,
shanghai,0014832,0100446,1.8150362404324576,,3,
shanghai,0014833,0014835,3.549217985288543,,5,
shanghai,0014834,0014837,1.7449225559678865,,3,
shanghai,0014835,0063581,7.129547932882553,,12,
shanghai,0014835,0014837,4.378703608473033,,7,
shanghai,0014835,0063583,3.9061834314770607,,6,
shanghai,0014835,0063590,3.21931110311369,,5,
shanghai,0014835,0035195,2.8073488851082544,,7,
shanghai,0014835,0035194,2.515134338720046,,5,
shanghai,0014835,0035191,2.322178401697096,,5,
shanghai,0014835,0035197,1.592907891908345,,3,
shanghai,0014835,0040274,1.3012672938435923,,3,
shanghai,0014837,0063581,7.663243071572863,,12,
shanghai,0014837,0063590,6.9605022313778395,,10,
shanghai,0014837,0063588,2.1784462479270275,,3,
shanghai,0014837,0063583,2.0304713735287736,,3,
shanghai,0014837,0100454,1.4557519115078619,,3,
shanghai,0014838,0063581,5.646379669345137,,9,
shanghai,0014838,0100452,4.969125526026074,,8,
shanghai,0014838,0063590,3.772510459134797,,6,
shanghai,0014838,0063588,3.3412978733195424,,5,
shanghai,0014838,0100446,2.2856029202631762,,5,
shanghai,0014838,0014840,2.2850490353817,,4,
shanghai,0014838,0014839,2.257124303839401,,4,
shanghai,0014838,0063585,2.134432774661631,,5,
shanghai,0014838,0063583,1.7024914776819886,,3,
shanghai,0014838,0100450,1.5950397683984305,,4,
shanghai,0014839,0063583,1.8175544653151179,,4,
shanghai,0014839,0078936,1.8913257984533915,,3,
shanghai,0014839,0015466,2.4829977700561345,,4,
shanghai,0014839,0100454,1.0415757498991611,,3,
shanghai,0014840,0035190,1.255345331961596,,3,
shanghai,0014843,0015006,4.050989016668247,,6,
shanghai,0014843,0063581,3.354976674438984,,5,
shanghai,0014843,0035195,2.728703719364023,,4,
shanghai,0014843,0035201,3.172162112686303,,4,
shanghai,0014843,0035192,2.474436491760527,,3,
shanghai,0014851,0035198,4.309034423935205,,5,
shanghai,0014851,0035200,2.4506002328248098,,3,
shanghai,0014851,0035191,2.6128788401948313,,3,
shanghai,0014851,0035195,3.824480107464085,,5,
shanghai,0014851,0035197,3.620213784928828,,4,
shanghai,0014851,0014855,3.676080800585834,,4,
shanghai,0014855,0014858,9.193066929423424,,10,
shanghai,0014855,0035198,3.4791218595081608,,4,
shanghai,0014855,0035204,3.8599398583470093,,5,
shanghai,0014855,0035191,4.262323128047414,,5,
shanghai,0014855,0035197,2.1735277037496834,,3,
shanghai,0014855,0035192,4.7841562920906595,,6,
shanghai,0014855,0015015,2.7766486594000144,,3,
shanghai,0014855,0015003,2.301637126971855,,3,
shanghai,0014858,0015006,7.700668876802613,,10,
shanghai,0014858,0035192,6.816833055508409,,8,
shanghai,0014858,0035197,6.715151563275336,,9,
shanghai,0014858,0035191,6.5242764118911065,,8,
shanghai,0014858,0035204,6.205534613973898,,7,
shanghai,0014858,0035194,6.186412712386718,,7,
shanghai,0014858,0015011,6.144343900117704,,7,
shanghai,0014858,0015015,5.507231355162429,,6,
shanghai,0014858,0035195,5.245186783990049,,7,
shanghai,0014858,0035193,5.1085514975804545,,6,
shanghai,0014858,0195862,4.10085048221259,,5,
shanghai,0014858,0035201,3.6140271744803227,,4,
shanghai,0014858,0035203,3.4358196640053453,,4,
shanghai,0014858,0035198,2.764691285015869,,3,
shanghai,0014859,0015015,2.6634007527237773,,3,
shanghai,0014861,0014868,7.3964381247008335,,11,
shanghai,0014861,0014894,2.2467622206333697,,3,
shanghai,0014861,0014910,2.083638755208153,,3,
shanghai,0014861,0014869,1.9240553346320628,,4,
shanghai,0014861,0014901,1.3575323529182528,,3,
shanghai,0014862,0014868,2.176699448098769,,4,
shanghai,0014862,0014869,3.963222226633357,,6,
shanghai,0014862,0014873,5.3163896029069715,,8,
shanghai,0014862,0118338,1.9995868737140687,,4,
shanghai,0014863,0014868,1.3112383924751203,,3,
shanghai,0014863,0014869,3.2793460019476712,,6,
shanghai,0014863,0014873,1.5774377597164388,,3,
shanghai,0014864,0014873,2.9451037127181197,,4,
shanghai,0014866,0014868,1.843757944759767,,3,
shanghai,0014866,0014894,2.0136561132733393,,3,
shanghai,0014866,0014878,2.1452315119338836,,3,
shanghai,0014868,0014869,3.6407450227568723,,6,
shanghai,0014868,0014873,2.9490520272076415,,5,
shanghai,0014868,0014878,2.168651156476291,,3,
shanghai,0014868,0061511,1.8849456827944544,,3,
shanghai,0014868,0014921,1.035757825947749,,3,
shanghai,0014869,0014873,3.0007930868262482,,7,
shanghai,0014869,0109333,2.5498284181876656,,3,
shanghai,0014869,0014871,1.3126223716397263,,3,
shanghai,0014869,0014875,1.30013935890499,,3,
shanghai,0014869,0085763,0.9959126410746686,,3,
shanghai,0014871,0014873,1.8329665404590187,,3,
shanghai,0014873,0014878,3.3856011122899536,,6,
shanghai,0014873,0014875,2.8805504658172496,,4,
shanghai,0014873,0014881,2.064227203416162,,3,
shanghai,0014873,0014919,1.993804999831344,,3,
shanghai,0014873,0014898,1.8944130580168133,,3,
shanghai,0014873,0014896,1.7693975059898845,,4,
shanghai,0014873,0014888,1.706494412857309,,3,
shanghai,0014875,0014878,1.9082350941322646,,3,
shanghai,0014875,0014889,3.037496235667323,,5,
shanghai,0014875,0014881,1.1571917280936868,,3,
shanghai,0014878,0014894,4.8199185484620335,,8,
shanghai,0014878,0014881,2.0762440350239233,,3,
shanghai,0014878,0014908,1.7264960928780413,,3,
shanghai,0014878,0117385,1.6057545685494672,,3,
shanghai,0014878,0014921,1.385220948756453,,3,
shanghai,0014878,0014914,1.3035346974934785,,3,
shanghai,0014881,0039301,1.635085337019842,,3,
shanghai,0014882,0014884,5.555919855716933,,7,
shanghai,0014883,0014885,2.4624243032815203,,3,
shanghai,0014889,0014894,11.611594524763166,,13,
shanghai,0014889,0014898,8.254375275457013,,10,
shanghai,0014889,0014919,3.384970984321496,,5,
shanghai,0014889,0014890,5.541060170335405,,6,
shanghai,0014889,0014899,2.827229917763221,,3,
shanghai,0014889,0014900,2.6028320726079657,,3,
shanghai,0014889,0014913,2.573310039096614,,3,
shanghai,0014889,0109332,2.392639475482153,,3,
shanghai,0014889,0014892,2.01974029419613,,3,
shanghai,0014889,0014908,2.0153466598872534,,3,
shanghai,0014890,0014894,4.42370344576925,,5,
shanghai,0014890,0014893,6.121505471972849,,7,
shanghai,0014891,0014910,2.440378342063199,,3,
shanghai,0014892,0014898,10.956546011340144,,12,
shanghai,0014892,0014893,4.44278877220351,,6,
shanghai,0014892,0014902,3.600349468463545,,4,
shanghai,0014892,0014900,2.6688411235922573,,3,
shanghai,0014892,0014918,2.573049193788483,,3,
shanghai,0014893,0014894,7.880350242179054,,9,
shanghai,0014893,0014898,7.908220896401208,,10,
shanghai,0014893,0014899,5.00351549332209,,6,
shanghai,0014893,0014896,4.336531322194478,,5,
shanghai,0014893,0014909,4.24853663798609,,7,
shanghai,0014893,0014919,2.7876736195791754,,4,
shanghai,0014893,0014918,2.5534863951715434,,3,
shanghai,0014893,0014911,2.5431388648680633,,3,
shanghai,0014893,0014920,2.390566942283418,,3,
shanghai,0014893,0014905,2.3496541449590915,,3,
shanghai,0014893,0014900,2.3406147817671923,,3,
shanghai,0014893,0014907,1.81838664172625,,3,
shanghai,0014893,0014908,1.6714776854881226,,4,
shanghai,0014894,0014898,11.601970687454353,,14,
shanghai,0014894,0014896,4.340588315250814,,5,
shanghai,0014894,0014921,3.0552486266162764,,4,
shanghai,0014894,0014908,2.5410951094332126,,4,
shanghai,0014894,0014909,2.476353038652313,,4,
shanghai,0014894,0014911,2.3907662385572226,,3,
shanghai,0014894,0014922,2.3903300048274656,,3,
shanghai,0014894,0014904,2.298744551395181,,4,
shanghai,0014894,0014905,2.182532750709881,,3,
shanghai,0014896,0014898,4.125958659190851,,5,
shanghai,0014896,0014908,3.7468876010459273,,5,
shanghai,0014896,0014904,3.179179115092479,,4,
shanghai,0014896,0014900,2.721942327433739,,3,
shanghai,0014896,0014899,2.6906817270315133,,3,
shanghai,0014898,0014901,2.656831582627479,,3,
shanghai,0014898,0014905,6.4758141977773205,,8,
shanghai,0014898,0014909,5.486871292107717,,7,
shanghai,0014898,0014902,4.949674459174302,,6,
shanghai,0014898,0014899,4.77201994994778,,6,
shanghai,0014898,0014919,3.341114935998408,,4,
shanghai,0014898,0014900,3.0513192954998165,,4,
shanghai,0014898,0014922,2.6212357683940457,,3,
shanghai,0014898,0014917,2.4091291015182303,,3,
shanghai,0014899,0014901,2.1730179627451593,,3,
shanghai,0014899,0014902,4.4839452715424235,,5,
shanghai,0014899,0014913,2.6394621152323787,,3,
shanghai,0014901,0014919,9.324106148615767,,10,
shanghai,0014901,0014921,1.8849496116793212,,3,
shanghai,0014902,0014913,3.566291224552953,,4,
shanghai,0014904,0014921,5.616873369650401,,6,
shanghai,0014904,0014919,3.8711152952936727,,4,
shanghai,0014904,0014908,3.8299063854607254,,4,
shanghai,0014904,0014914,2.5288643319147877,,3,
shanghai,0014904,0014905,3.8300310543417826,,4,
shanghai,0014905,0014919,5.680648477835229,,6,
shanghai,0014905,0014908,5.607650279490938,,6,
shanghai,0014905,0014907,2.9116168465720174,,3,
shanghai,0014905,0014909,2.7957655210823797,,3,
shanghai,0014907,0014921,6.936305279544766,,8,
shanghai,0014907,0014908,3.6777180684041624,,4,
shanghai,0014907,0014922,6.5682651400197924,,7,
shanghai,0014907,0014909,4.829614243095803,,5,
shanghai,0014908,0014921,5.18584779158429,,6,
shanghai,0014908,0014919,3.591893638724228,,4,
shanghai,0014908,0014922,4.842050504127485,,5,
shanghai,0014908,0014914,4.799618983948432,,5,
shanghai,0014908,0014909,4.663790227282955,,5,
shanghai,0014909,0014919,4.449348773400243,,5,
shanghai,0014909,0014914,2.86967664012295,,3,
shanghai,0014909,0014922,5.593978923624763,,6,
shanghai,0014911,0014913,2.664324133624296,,3,
shanghai,0014914,0014921,6.8317368076433835,,8,
shanghai,0014914,0014919,3.5568747269198453,,4,
shanghai,0014918,0014920,2.67010926587314,,3,
shanghai,0014919,0014921,3.3851726590799256,,5,
shanghai,0014926,0075820,2.4368515552311387,,3,
shanghai,0014930,0014989,2.3245991308611664,,3,
shanghai,0014930,0054387,2.029658318473844,,3,
shanghai,0014930,0113526,0.9967423191341215,,3,
shanghai,0014930,0165109,0.9903427714450307,,3,
shanghai,0014933,0014974,2.5065660923084865,,4,
shanghai,0014933,0014941,2.1259051195530074,,3,
shanghai,0014933,0089722,1.8695094232577094,,3,
shanghai,0014933,0089342,1.6797851436874223,,3,
shanghai,0014933,0014946,1.4170273087016518,,3,
shanghai,0014936,0014941,3.7259638157831145,,4,
shanghai,0014936,0014975,4.627930470489768,,5,
shanghai,0014936,0014970,3.635779217225235,,4,
shanghai,0014936,0014982,3.466328594522307,,4,
shanghai,0014936,0083034,2.225592094575486,,3,
shanghai,0014937,0014988,1.8271175761781664,,3,
shanghai,0014938,0165108,0.9720358548282596,,3,
shanghai,0014939,0014984,3.0193363343797603,,5,
shanghai,0014939,0014976,1.4983983745299962,,3,
shanghai,0014941,0014989,2.2376946501349995,,3,
shanghai,0014941,0014985,5.514424905976831,,7,
shanghai,0014941,0100329,2.4914248815685704,,3,
shanghai,0014941,0143844,2.4849463407197434,,3,
shanghai,0014941,0039762,1.4346283095549606,,3,
shanghai,0014941,0040376,1.4335978530734605,,3,
shanghai,0014943,0089342,2.530730965175413,,3,
shanghai,0014943,0014988,1.9308022696684979,,3,
shanghai,0014943,0014949,2.1375349956836946,,4,
shanghai,0014943,0014981,2.098522455417343,,3,
shanghai,0014945,0014974,2.3213362282055057,,4,
shanghai,0014946,0014973,4.836007592174326,,7,
shanghai,0014946,0014949,4.801424818623533,,7,
shanghai,0014946,0014974,2.3274183471864625,,5,
shanghai,0014946,0014984,1.8541897714889262,,4,
shanghai,0014946,0014994,1.7954717343835604,,3,
shanghai,0014949,0014974,5.219890554095611,,9,
shanghai,0014949,0014988,1.7101514663751134,,3,
shanghai,0014949,0014984,4.333849463356763,,8,
shanghai,0014949,0040376,1.5450901370766132,,3,
shanghai,0014949,0014973,2.642836811198745,,5,
shanghai,0014949,0014994,1.3199564347940107,,3,
shanghai,0014949,0109297,1.1916142875401154,,3,
shanghai,0014950,0014982,2.7112788021203897,,3,
shanghai,0014950,0014952,2.452200124564195,,3,
shanghai,0014952,0014989,4.81161320430469,,6,
shanghai,0014952,0165109,1.8392015251177263,,3,
shanghai,0014952,0014980,4.509077123105991,,5,
shanghai,0014952,0147704,1.859923085348845,,4,
shanghai,0014952,0054281,1.7601854844424112,,4,
shanghai,0014952,0091087,1.5073007361428052,,3,
shanghai,0014953,0014988,1.7683221928719086,,3,
shanghai,0014953,0014984,1.3394898766876597,,3,
shanghai,0014953,0014994,2.5302225321649576,,4,
shanghai,0014953,0014962,6.606628620923514,,9,
shanghai,0014953,0014979,2.6426843941385703,,4,
shanghai,0014953,0014955,2.1175168067773584,,4,
shanghai,0014955,0014969,3.6984619538117425,,6,
shanghai,0014955,0014979,1.935343436124806,,3,
shanghai,0014966,0014994,1.7781473673340544,,3,
shanghai,0014970,0014989,2.121236795271596,,3,
shanghai,0014970,0109296,2.416349270237314,,3,
shanghai,0014970,0165108,1.110754085468987,,3,
shanghai,0014970,0086823,1.0077636569231154,,3,
shanghai,0014973,0014974,2.806997173183841,,5,
shanghai,0014973,0014976,2.8285380731332816,,5,
shanghai,0014974,0014992,1.6861525362140344,,4,
shanghai,0014974,0014984,1.381136026002708,,3,
shanghai,0014974,0063738,1.3788196585436454,,3,
shanghai,0014975,0100329,2.750762317961489,,3,
shanghai,0014975,0109296,2.0769605937439692,,3,
shanghai,0014978,0014984,3.042956749286432,,5,
shanghai,0014979,0014988,2.9486030507432863,,4,
shanghai,0014979,0014994,4.651607114947097,,7,
shanghai,0014979,0117450,1.6156701473998027,,3,
shanghai,0014980,0083034,2.994701853736689,,4,
shanghai,0014981,0109297,4.128534446891905,,5,
shanghai,0014981,0109298,3.3034063005522554,,4,
shanghai,0014981,0014987,2.5839634953883004,,4,
shanghai,0014984,0165109,1.0197906568599455,,3,
shanghai,0014984,0014994,1.9127714353785654,,3,
shanghai,0014985,0079002,1.6628391605406858,,3,
shanghai,0014985,0014989,2.8151394309531454,,4,
shanghai,0014986,0234649,2.2233892794827677,,3,
shanghai,0014987,0089722,2.155179367049047,,3,
shanghai,0014987,0014988,1.4214520206205998,,3,
shanghai,0014987,0014991,2.196407027879694,,3,
shanghai,0014988,0014994,3.7266444369426117,,5,
shanghai,0014988,0014993,1.8438858377381802,,3,
shanghai,0014991,0089722,2.0158033163660654,,3,
shanghai,0014991,0165108,0.7352001040667728,,3,
shanghai,0014991,0091087,1.4411870338400572,,3,
shanghai,0014991,0040375,1.3660654994355224,,3,
shanghai,0014992,0234649,2.754414343132579,,3,
shanghai,0015001,0035200,3.1330890276546928,,6,
shanghai,0015001,0035203,2.5769407398359077,,4,
shanghai,0015001,0035197,1.6706126822123255,,3,
shanghai,0015003,0035198,2.944323176320666,,5,
shanghai,0015003,0035191,3.4879940864001595,,6,
shanghai,0015003,0035194,1.85826863581859,,3,
shanghai,0015003,0035195,2.1140739759486578,,3,
shanghai,0015003,0035201,2.3089691272699273,,3,
shanghai,0015003,0015009,4.386779742295132,,5,
shanghai,0015003,0015011,2.796333811082017,,3,
shanghai,0015003,0109248,2.463027698781381,,3,
shanghai,0015004,0109248,2.0837954970877033,,3,
shanghai,0015005,0035200,2.6337888695374394,,4,
shanghai,0015005,0035194,3.062908942572752,,5,
shanghai,0015005,0035201,3.1151894030470766,,5,
shanghai,0015005,0035199,2.407910363905151,,4,
shanghai,0015006,0035195,12.031883115633784,,18,
shanghai,0015006,0035193,10.224520232621915,,17,
shanghai,0015006,0035191,10.039940234369968,,15,
shanghai,0015006,0035198,9.792496672072259,,16,
shanghai,0015006,0035197,7.897850460259715,,12,
shanghai,0015006,0035200,7.760958167316369,,12,
shanghai,0015006,0035194,6.83415749365053,,11,
shanghai,0015006,0035192,5.691085725249772,,8,
shanghai,0015006,0035204,4.916025996843427,,7,
shanghai,0015006,0035203,4.748913702440429,,8,
shanghai,0015006,0035199,4.2910252759866285,,6,
shanghai,0015006,0015015,4.004876725484199,,5,
shanghai,0015006,0063581,3.4726704014709147,,6,
shanghai,0015009,0035191,2.840309937683136,,3,
shanghai,0015010,0015012,2.760739805443877,,3,
shanghai,0015012,0035193,3.7126200649396397,,4,
shanghai,0015015,0035200,4.939734589170058,,6,
shanghai,0015015,0035204,3.687483952315829,,4,
shanghai,0015015,0035191,2.8497631489528885,,3,
shanghai,0015015,0035195,2.7568693367201296,,3,
shanghai,0015015,0035197,3.03713330191958,,4,
shanghai,0015015,0035192,3.1478190606040117,,4,
shanghai,0015015,0035201,2.228687033011596,,4,
shanghai,0015015,0035199,3.1993239592382086,,4,
shanghai,0015015,0089132,2.569456740858222,,3,
shanghai,0015015,0109249,2.26933656957086,,3,
shanghai,0015018,0015023,1.9199821665389725,,4,
shanghai,0015018,0015028,1.8637129390466192,,3,
shanghai,0015018,0015021,1.6476046161674578,,3,
shanghai,0015021,0015023,2.433847331013518,,3,
shanghai,0015021,0015027,2.159701815002254,,3,
shanghai,0015023,0015028,2.0305503544117425,,3,
shanghai,0015025,0015028,1.4624183844650447,,3,
shanghai,0015026,0079062,1.3921719877895198,,4,
shanghai,0015027,0015028,1.9160058809439495,,3,
shanghai,0015030,0015033,5.066582311584138,,7,
shanghai,0015030,0015031,2.91896358796089,,4,
shanghai,0015030,0015066,2.6073577208867755,,5,
shanghai,0015030,0078752,2.154004440630148,,4,
shanghai,0015030,0015035,1.8151793325622005,,3,
shanghai,0015031,0015033,2.799524608786181,,5,
shanghai,0015031,0078753,1.9738753429473261,,4,
shanghai,0015031,0015069,1.9032376578842616,,3,
shanghai,0015031,0015040,1.8428607382433317,,3,
shanghai,0015031,0015067,1.7466946379042914,,3,
shanghai,0015031,0015855,1.6651250989010054,,3,
shanghai,0015031,0015032,1.6555265561689811,,3,
shanghai,0015031,0015851,1.4172441646313194,,3,
shanghai,0015033,0015035,1.708982734210559,,3,
shanghai,0015033,0078750,1.3716213202858065,,3,
shanghai,0015033,0015062,1.1484652245932487,,3,
shanghai,0015036,0015040,2.8961149382679245,,5,
shanghai,0015036,0015070,2.121687899011275,,3,
shanghai,0015037,0015066,1.340919370828585,,3,
shanghai,0015037,0015069,1.504294056141281,,3,
shanghai,0015037,0015070,2.1200763342701734,,3,
shanghai,0015037,0015065,1.6808676033961194,,3,
shanghai,0015040,0015069,2.384128463909815,,4,
shanghai,0015040,0015070,2.3054225365501857,,3,
shanghai,0015041,0015068,2.069728359906648,,3,
shanghai,0015043,0078755,2.393647335622934,,4,
shanghai,0015044,0015061,1.7138051042131637,,3,
shanghai,0015045,0015057,2.85385546875273,,4,
shanghai,0015047,0015070,1.7164481186458502,,3,
shanghai,0015048,0015061,1.6942594014749826,,3,
shanghai,0015049,0015066,5.179413099968658,,8,
shanghai,0015049,0015069,2.986319191171339,,5,
shanghai,0015049,0015070,1.5697122089633173,,3,
shanghai,0015049,0015059,3.4788492834257383,,5,
shanghai,0015049,0078756,2.366331431385116,,5,
shanghai,0015055,0015057,3.6958672555000485,,5,
shanghai,0015055,0078756,1.8398178455522203,,3,
shanghai,0015055,0015058,2.6646737863893817,,4,
shanghai,0015059,0015066,2.2312014766144976,,3,
shanghai,0015059,0015067,2.4951186933670697,,4,
shanghai,0015064,0015067,2.4402483581511247,,3,
shanghai,0015065,0015066,3.8876419581181403,,5,
shanghai,0015065,0015069,2.627631564751053,,4,
shanghai,0015066,0015069,5.121172221121194,,8,
shanghai,0015066,0078756,3.2536805240044893,,7,
shanghai,0015066,0015067,2.5447732260833416,,4,
shanghai,0015067,0015069,4.34562054050903,,7,
shanghai,0015067,0015070,1.6820433335002363,,4,
shanghai,0015068,0041643,1.086532851317101,,3,
shanghai,0015069,0078756,2.4625081043834385,,4,
shanghai,0015069,0015070,1.9448247300654986,,4,
shanghai,0015070,0078753,1.1951998678666398,,3,
shanghai,0015083,0015087,2.6001620710410243,,4,
shanghai,0015084,0015087,3.2674052824637574,,8,
shanghai,0015084,0015085,5.292022404452166,,8,
shanghai,0015084,0015090,3.5193447851797814,,5,
shanghai,0015084,0015088,3.084741448458495,,5,
shanghai,0015084,0063680,2.0728956903580564,,4,
shanghai,0015085,0015087,2.205942511550728,,4,
shanghai,0015085,0063680,2.3716496638227715,,4,
shanghai,0015085,0015088,2.185034895552456,,4,
shanghai,0015085,0015090,1.3464836514295357,,3,
shanghai,0015087,0063680,3.8593225710292804,,7,
shanghai,0015087,0015090,2.601790510523227,,6,
shanghai,0015087,0015088,1.5295428187412392,,3,
shanghai,0015088,0063681,2.2339590956251714,,4,
shanghai,0015088,0015090,2.091824516306937,,3,
shanghai,0015088,0063680,1.8939107663862131,,3,
shanghai,0015090,0063680,1.8329362387841257,,3,
shanghai,0015099,0015109,4.135829962574995,,6,
shanghai,0015099,0015127,3.703587869655377,,6,
shanghai,0015099,0089409,2.28733840841329,,3,
shanghai,0015099,0015122,2.2727829534640227,,4,
shanghai,0015099,0015135,2.1670022798722073,,4,
shanghai,0015099,0015129,2.159529547033813,,3,
shanghai,0015099,0147786,1.9648462171370622,,4,
shanghai,0015099,0189584,1.773859955036128,,3,
shanghai,0015099,0015136,1.7395140337989587,,3,
shanghai,0015099,0109266,1.5678013357033171,,3,
shanghai,0015099,0093970,1.2726089511319558,,3,
shanghai,0015099,0015104,0.8475802972339387,,3,
shanghai,0015100,0015138,0.8676558930972272,,3,
shanghai,0015102,0015135,1.5889811309181112,,4,
shanghai,0015102,0015136,1.9569573701542415,,3,
shanghai,0015102,0089409,3.1940140591786452,,4,
shanghai,0015102,0015138,1.4545601038903218,,3,
shanghai,0015104,0093972,4.246496642256939,,7,
shanghai,0015104,0093969,2.4535634439822376,,3,
shanghai,0015104,0015124,2.0884343479045695,,4,
shanghai,0015104,0015109,1.8702579674411708,,3,
shanghai,0015105,0015109,2.5061415649092744,,5,
shanghai,0015105,0015129,1.6999697405302048,,3,
shanghai,0015105,0015135,4.849711627651987,,8,
shanghai,0015105,0015136,2.5236851994926353,,5,
shanghai,0015105,0015138,2.8618600622387014,,5,
shanghai,0015105,0015139,1.9592544257371811,,3,
shanghai,0015105,0059040,1.550790313567396,,3,
shanghai,0015105,0084687,1.517809541397642,,4,
shanghai,0015109,0015135,2.976317862255093,,4,
shanghai,0015109,0109263,2.5872577328426227,,3,
shanghai,0015109,0015129,2.1232841042766255,,3,
shanghai,0015113,0015135,1.1969951044036877,,3,
shanghai,0015113,0084687,1.5106798011903102,,3,
shanghai,0015124,0015135,1.348409208803194,,3,
shanghai,0015124,0015138,1.5974766765705009,,3,
shanghai,0015124,0093972,2.0597205345118534,,3,
shanghai,0015126,0084687,1.657156274422631,,3,
shanghai,0015127,0015129,2.224855716252253,,3,
shanghai,0015127,0015135,1.4981253568074608,,3,
shanghai,0015129,0084687,2.641641852352984,,6,
shanghai,0015129,0089409,1.9446031588184947,,3,
shanghai,0015135,0015136,3.270627644128629,,6,
shanghai,0015135,0015138,1.7712663929468255,,3,
shanghai,0015135,0157738,1.185388892237919,,3,
shanghai,0015135,0077456,0.5941987961950469,,3,
shanghai,0015136,0118919,2.1247324607751024,,3,
shanghai,0015136,0040409,1.441921941762819,,3,
shanghai,0015136,0015139,1.396380061942486,,3,
shanghai,0015136,0084687,1.3623325574329168,,3,
shanghai,0015138,0084268,3.2476917912633763,,6,
shanghai,0015138,0084687,2.931843121332358,,5,
shanghai,0015138,0015139,1.6605313519290852,,3,
shanghai,0015138,0015140,1.5993872916116427,,3,
shanghai,0015139,0109263,2.040591208441232,,4,
shanghai,0015144,0047917,3.6124802096556756,,6,
shanghai,0015144,0047920,2.029622132430676,,3,
shanghai,0015153,0147535,2.227967085765036,,3,
shanghai,0015153,0147574,1.1799633412564083,,3,
shanghai,0015156,0147693,2.841737270101901,,7,
shanghai,0015170,0015171,4.988645321806264,,6,
shanghai,0015170,0015237,2.9771467763593646,,4,
shanghai,0015170,0015262,2.859483348444064,,5,
shanghai,0015170,0147431,1.8364358953596556,,3,
shanghai,0015170,0147551,1.36337233883927,,4,
shanghai,0015170,0147656,1.3366482081081161,,3,
shanghai,0015170,0147506,1.252482239138342,,3,
shanghai,0015170,0147508,1.1447669689656887,,3,
shanghai,0015171,0147693,2.40176607728346,,6,
shanghai,0015171,0015200,3.305573397778122,,4,
shanghai,0015171,0147454,2.134350164588451,,4,
shanghai,0015171,0015237,2.051238484680179,,3,
shanghai,0015171,0147508,1.0767869119958793,,3,
shanghai,0015171,0147692,0.8565571585131595,,3,
shanghai,0015178,0147577,1.988355556546502,,5,
shanghai,0015178,0015265,1.8421095996915395,,4,
shanghai,0015178,0015266,1.6062295399163924,,3,
shanghai,0015179,0147449,1.741536448507512,,3,
shanghai,0015182,0147598,2.1546369156650798,,4,
shanghai,0015182,0015226,1.6778783727131885,,3,
shanghai,0015191,0147620,3.8965632230573473,,7,
shanghai,0015191,0015262,3.2774961607207564,,6,
shanghai,0015191,0015216,3.131368613803666,,5,
shanghai,0015191,0147573,1.974643633993936,,4,
shanghai,0015196,0147603,1.2988675328820833,,3,
shanghai,0015199,0015230,1.9446404037268215,,3,
shanghai,0015203,0147611,2.7863486624703557,,4,
shanghai,0015207,0015816,0.9309156224989772,,3,
shanghai,0015215,0147476,1.1592422752021319,,3,
shanghai,0015215,0147546,0.7963345667055894,,3,
shanghai,0015216,0147574,1.7071477315809522,,3,
shanghai,0015216,0147598,4.310921779549594,,9,
shanghai,0015216,0147611,2.28577658819503,,4,
shanghai,0015216,0041957,1.4088568298845414,,3,
shanghai,0015226,0147535,1.8162717547234517,,4,
shanghai,0015226,0147598,4.170974542924998,,7,
shanghai,0015226,0147573,1.713147665346289,,5,
shanghai,0015226,0147642,1.3050799736759595,,3,
shanghai,0015230,0015233,7.072437965667285,,11,
shanghai,0015230,0147463,1.5481894959596194,,3,
shanghai,0015237,0147510,0.9903678794900955,,3,
shanghai,0015244,0015258,2.627133655787031,,4,
shanghai,0015262,0147459,9.722083176252994,,16,
shanghai,0015262,0147535,8.190085757094918,,16,
shanghai,0015262,0147574,3.3795589781662008,,5,
shanghai,0015262,0147598,13.782822071594065,,23,
shanghai,0015262,0147620,10.284978646349261,,20,
shanghai,0015262,0147573,6.912511388990029,,12,
shanghai,0015262,0147454,3.019961477323983,,8,
shanghai,0015262,0147440,2.7663976301090574,,5,
shanghai,0015262,0147484,2.6666877603331485,,5,
shanghai,0015262,0147656,2.6385362335532077,,5,
shanghai,0015262,0147611,2.611349887193231,,5,
shanghai,0015262,0015279,2.5423908556983124,,3,
shanghai,0015262,0147451,2.5079126362507296,,5,
shanghai,0015285,0147621,1.8218418709605828,,3,
shanghai,0015286,0147510,2.095868098671148,,3,
shanghai,0015289,0147535,2.4718930192527973,,4,
shanghai,0015289,0147451,2.8824577957238273,,7,
shanghai,0015289,0147662,1.2160026543412485,,3,
shanghai,0015294,0015299,3.0574494548371454,,4,
shanghai,0015294,0015304,2.3255800442996124,,3,
shanghai,0015294,0015296,1.907478839040788,,3,
shanghai,0015295,0015299,2.8733159825199786,,5,
shanghai,0015295,0015301,2.6240320615833914,,5,
shanghai,0015295,0103381,2.6126004841584387,,4,
shanghai,0015295,0015303,1.9828906118557026,,3,
shanghai,0015296,0015299,2.7043463994466146,,4,
shanghai,0015296,0015303,2.653264687082186,,4,
shanghai,0015296,0015305,1.7796775366384514,,4,
shanghai,0015296,0015298,1.6432528335726504,,3,
shanghai,0015297,0015299,3.5082478003363815,,6,
shanghai,0015297,0015301,2.416358661202098,,4,
shanghai,0015297,0015303,3.1046219487256805,,4,
shanghai,0015298,0015299,2.1549318089535885,,3,
shanghai,0015298,0015304,2.3999206896066023,,4,
shanghai,0015298,0015305,2.5070155881174467,,4,
shanghai,0015299,0015303,4.441805693379454,,8,
shanghai,0015299,0015301,4.246955526101408,,8,
shanghai,0015299,0015300,2.922184091079709,,5,
shanghai,0015299,0015304,2.0475097055310503,,4,
shanghai,0015300,0015301,2.1127956307677525,,4,
shanghai,0015300,0015305,2.363458086907948,,3,
shanghai,0015301,0015302,2.1957939338808146,,4,
shanghai,0015301,0015305,1.9105442070116825,,3,
shanghai,0015302,0015305,1.6745407559732297,,3,
shanghai,0015303,0015304,1.983150280536906,,3,
shanghai,0015303,0015305,1.9747570789241409,,3,
shanghai,0015304,0015305,1.5265684871498377,,3,
shanghai,0015308,0015309,1.4707901898597509,,3,
shanghai,0015309,0015336,2.7970792181207242,,4,
shanghai,0015309,0100767,2.4369318258606354,,3,
shanghai,0015309,0100749,0.9087316571485278,,3,
shanghai,0015312,0015337,2.087737974633777,,3,
shanghai,0015313,0100749,1.5879834665864592,,3,
shanghai,0015313,0103492,1.3973844732452882,,3,
shanghai,0015313,0100754,1.1673709773534697,,3,
shanghai,0015314,0015330,2.549090786792547,,4,
shanghai,0015314,0100743,1.3517877048655005,,3,
shanghai,0015315,0015317,1.5051482921687938,,3,
shanghai,0015319,0015336,1.7603730244381446,,3,
shanghai,0015319,0015337,1.6456479311566485,,3,
shanghai,0015319,0100755,1.8892426484934242,,3,
shanghai,0015322,0015335,1.9487501901706001,,3,
shanghai,0015323,0100749,2.0493780477264596,,3,
shanghai,0015323,0100755,1.3513273109168549,,3,
shanghai,0015328,0100750,1.9729879530348455,,3,
shanghai,0015335,0100741,1.2013051133500163,,3,
shanghai,0015336,0100767,4.0267088813267655,,6,
shanghai,0015340,0015353,3.2811955308163046,,5,
shanghai,0015340,0015352,4.654058817660172,,6,
shanghai,0015340,0100358,2.2499376684228434,,3,
shanghai,0015340,0100363,2.0183827784043573,,4,
shanghai,0015340,0100354,1.9893076672588126,,4,
shanghai,0015340,0015351,1.6487467991764224,,4,
shanghai,0015340,0015348,1.6454651917015712,,3,
shanghai,0015340,0015350,1.3117984667651907,,3,
shanghai,0015343,0015353,3.649676304164554,,6,
shanghai,0015343,0015348,7.108939848150677,,12,
shanghai,0015343,0015350,1.4261207889635303,,3,
shanghai,0015343,0015351,4.677740409493116,,8,
shanghai,0015343,0100354,5.571597185355085,,11,
shanghai,0015343,0100363,1.7111210064468052,,3,
shanghai,0015343,0015345,4.072226641676249,,8,
shanghai,0015343,0015346,3.494495143769311,,6,
shanghai,0015343,0015349,3.357680581804668,,5,
shanghai,0015343,0015344,2.1937509532699293,,4,
shanghai,0015343,0100355,1.8558313049124968,,4,
shanghai,0015343,0100360,1.802567515682804,,4,
shanghai,0015343,0015347,1.6433067667305654,,4,
shanghai,0015344,0015353,10.29135708392144,,16,
shanghai,0015344,0015348,1.4977086271108324,,3,
shanghai,0015344,0015352,1.724501362963471,,3,
shanghai,0015344,0100354,9.70419059350669,,15,
shanghai,0015344,0100358,1.6629629935373214,,3,
shanghai,0015344,0015346,3.8636807267015403,,9,
shanghai,0015344,0015345,3.5994622069381976,,7,
shanghai,0015344,0100783,1.889829914461806,,4,
shanghai,0015344,0100362,1.711916913950741,,3,
shanghai,0015344,0079279,1.127727539472956,,4,
shanghai,0015345,0100749,1.3690461222747083,,3,
shanghai,0015345,0015353,2.581812866421174,,5,
shanghai,0015345,0100755,1.166648561276849,,3,
shanghai,0015345,0015348,2.369071066458633,,4,
shanghai,0015345,0015350,2.3415557714890674,,4,
shanghai,0015345,0015351,1.8376748249460888,,3,
shanghai,0015345,0015352,1.5003139471629372,,3,
shanghai,0015345,0100355,3.2993295216068175,,5,
shanghai,0015345,0015347,2.1679501560895815,,4,
shanghai,0015345,0100357,1.953649920852198,,3,
shanghai,0015345,0015349,1.7656422498784416,,3,
shanghai,0015346,0015353,3.211395741871487,,5,
shanghai,0015346,0100750,1.7570411558736458,,4,
shanghai,0015346,0015348,2.8807763022098203,,6,
shanghai,0015346,0015350,1.8768090910725963,,4,
shanghai,0015346,0015351,1.728310472595263,,3,
shanghai,0015346,0015352,8.195458499735345,,12,
shanghai,0015346,0100354,2.1696474566066164,,6,
shanghai,0015346,0100358,4.645391253738634,,6,
shanghai,0015346,0100363,2.095883288017588,,3,
shanghai,0015346,0015349,3.979221202142571,,6,
shanghai,0015346,0100355,1.6682104785614988,,3,
shanghai,0015346,0100357,1.5644836475693364,,3,
shanghai,0015346,0100752,1.310619373893066,,3,
shanghai,0015347,0015353,1.976581400070803,,3,
shanghai,0015348,0015353,1.6409121893277432,,3,
shanghai,0015348,0015350,10.731817471557777,,16,
shanghai,0015348,0100360,7.708801076718026,,10,
shanghai,0015348,0015351,6.820804060260723,,10,
shanghai,0015348,0015352,3.8736751077141993,,8,
shanghai,0015348,0100364,2.269009925965497,,4,
shanghai,0015348,0100354,1.7717429608728588,,3,
shanghai,0015348,0100356,1.3474672683611832,,3,
shanghai,0015349,0015353,2.1939656480290495,,6,
shanghai,0015349,0015351,2.3838029542346852,,4,
shanghai,0015349,0015352,1.7993773138501306,,3,
shanghai,0015349,0100354,2.1967424692529076,,4,
shanghai,0015349,0100363,8.05471375583928,,11,
shanghai,0015350,0015351,3.4574718358615195,,5,
shanghai,0015350,0100360,3.300616693252856,,5,
shanghai,0015350,0100363,2.7671777518500518,,5,
shanghai,0015350,0015352,2.756907909520755,,5,
shanghai,0015350,0100354,2.4607266038996007,,4,
shanghai,0015350,0100356,2.2432100547471836,,4,
shanghai,0015350,0100364,2.171894310037426,,3,
shanghai,0015351,0100357,5.414982904510929,,8,
shanghai,0015351,0100363,3.8283328550513076,,6,
shanghai,0015351,0100360,2.3790228720615145,,3,
shanghai,0015351,0100354,2.3668602272745445,,5,
shanghai,0015352,0015353,3.4111639465632235,,6,
shanghai,0015352,0100750,1.9395899442725213,,3,
shanghai,0015352,0100354,4.641041140986094,,10,
shanghai,0015352,0100355,4.229376967157039,,7,
shanghai,0015352,0100363,1.2901198662962718,,3,
shanghai,0015352,0060201,0.8295993887422388,,3,
shanghai,0015353,0100354,11.689235946332317,,16,
shanghai,0015353,0100362,3.890256255747981,,6,
shanghai,0015353,0100358,2.312071478162766,,4,
shanghai,0015353,0079279,2.015683093833305,,5,
shanghai,0015353,0100363,1.64583145533686,,3,
shanghai,0015353,0100734,1.6103311033429664,,3,
shanghai,0015354,0038886,2.281890299891771,,4,
shanghai,0015354,0038885,1.9942763795129348,,4,
shanghai,0015354,0077237,1.2773039709453091,,4,
shanghai,0015357,0015375,2.084879716179641,,3,
shanghai,0015360,0015376,1.7786312336576302,,3,
shanghai,0015362,0015376,1.0773142487574483,,3,
shanghai,0015364,0038885,1.458134654678294,,3,
shanghai,0015364,0015375,2.8337207233825183,,4,
shanghai,0015364,0015376,10.0226902806347,,13,
shanghai,0015364,0077235,2.156323122582691,,3,
shanghai,0015365,0077235,1.839156299733301,,3,
shanghai,0015370,0015375,3.7280647299688554,,6,
shanghai,0015370,0015376,4.2814031885214305,,7,
shanghai,0015375,0038885,1.7183603612343035,,3,
shanghai,0015375,0038886,2.288022912046618,,5,
shanghai,0015375,0077237,2.6320979926419086,,4,
shanghai,0015375,0077235,2.801052402199303,,5,
shanghai,0015375,0015380,2.6696819244742325,,4,
shanghai,0015375,0039106,2.4922925292159865,,5,
shanghai,0015375,0035496,1.9984559344930322,,3,
shanghai,0015375,0015376,1.921101987605296,,5,
shanghai,0015375,0039105,1.2953371512727674,,3,
shanghai,0015376,0015380,2.6523980184882134,,4,
shanghai,0015376,0038882,1.680382135132751,,3,
shanghai,0015380,0077236,3.30598466822046,,5,
shanghai,0015393,0063380,11.249008540518957,,19,
shanghai,0015393,0063381,5.400657319764809,,10,
shanghai,0015393,0063384,3.8846940091248885,,8,
shanghai,0015393,0015396,3.3625374176553358,,9,
shanghai,0015393,0063386,2.583955513487543,,5,
shanghai,0015393,0015399,2.157559215787975,,4,
shanghai,0015393,0063382,1.9060990402685418,,4,
shanghai,0015393,0129098,1.553698745221443,,3,
shanghai,0015393,0129149,1.393138304558227,,4,
shanghai,0015393,0103116,1.3135496703650444,,3,
shanghai,0015393,0114389,0.9821717094291404,,3,
shanghai,0015396,0063380,3.6673300134139497,,8,
shanghai,0015396,0086198,3.0267600376495283,,5,
shanghai,0015396,0063381,2.811595490997797,,6,
shanghai,0015396,0077141,2.705403122570761,,5,
shanghai,0015396,0015399,1.8097377190768036,,3,
shanghai,0015396,0086196,1.363492887484901,,3,
shanghai,0015396,0089613,1.3401944389802716,,3,
shanghai,0015396,0129093,1.3085750266401108,,3,
shanghai,0015396,0129149,1.3032486001269592,,3,
shanghai,0015396,0114467,1.2529247510048118,,3,
shanghai,0015396,0070164,1.071915145555369,,3,
shanghai,0015397,0063380,2.892192274263775,,4,
shanghai,0015397,0063381,2.2719492742969862,,4,
shanghai,0015397,0063384,6.313763773689772,,10,
shanghai,0015397,0063765,4.778378242731844,,5,
shanghai,0015399,0063384,2.5770763848452676,,4,
shanghai,0015399,0114389,2.510365115046536,,4,
shanghai,0015399,0063380,2.2640361514059704,,4,
shanghai,0015399,0089230,1.9129571945883688,,3,
shanghai,0015399,0015686,1.0494984269857446,,3,
shanghai,0015401,0015403,10.885424523372746,,17,
shanghai,0015401,0172533,8.642466582975423,,11,
shanghai,0015401,0015418,5.955500049678831,,11,
shanghai,0015401,0172534,5.010436508559908,,7,
shanghai,0015401,0015404,4.145730984417636,,8,
shanghai,0015401,0075342,4.043373638505958,,7,
shanghai,0015401,0015405,2.85995906295871,,5,
shanghai,0015401,0132711,2.2346134480386053,,3,
shanghai,0015403,0172533,7.090657629419948,,10,
shanghai,0015403,0172534,5.542305241466124,,8,
shanghai,0015403,0015418,2.8951992009989773,,6,
shanghai,0015403,0015405,2.1434003483682966,,3,
shanghai,0015403,0089762,2.0127343639547353,,3,
shanghai,0015403,0015404,1.8228083711614818,,4,
shanghai,0015404,0015418,8.096345960379995,,13,
shanghai,0015404,0172534,2.54370760843791,,5,
shanghai,0015404,0172533,2.2865118328865273,,3,
shanghai,0015404,0015422,2.07202725238861,,5,
shanghai,0015404,0015420,2.0362322714695122,,5,
shanghai,0015404,0075342,1.6995245631356688,,3,
shanghai,0015405,0172797,1.6770203875717171,,3,
shanghai,0015405,0089762,1.183265164773119,,3,
shanghai,0015405,0172533,1.0389487147372451,,3,
shanghai,0015405,0172798,0.9396452829919387,,3,
shanghai,0015411,0015414,2.4492473705803617,,5,
shanghai,0015411,0015412,1.4368199296665787,,3,
shanghai,0015411,0015413,1.4158432619459367,,3,
shanghai,0015413,0015414,1.3215027662772294,,3,
shanghai,0015414,0109186,1.7261975487472765,,3,
shanghai,0015414,0015417,0.9442713482509468,,3,
shanghai,0015418,0172533,2.6003714871066714,,4,
shanghai,0015418,0172534,2.506834296193135,,4,
shanghai,0015418,0075342,1.8239015927050417,,3,
shanghai,0015418,0015436,1.6895240751794867,,3,
shanghai,0015418,0015420,1.6833890434947825,,5,
shanghai,0015418,0015422,1.245593942565657,,3,
shanghai,0015420,0015423,5.385526423630966,,9,
shanghai,0015420,0015422,3.9945157989544864,,9,
shanghai,0015420,0172798,1.7718015969923404,,3,
shanghai,0015420,0015421,1.359335687740364,,4,
shanghai,0015422,0015423,2.490556631229722,,5,
shanghai,0015433,0015436,1.5951874552160115,,4,
shanghai,0015435,0015438,2.2476212679129826,,5,
shanghai,0015436,0172798,1.793222898247726,,3,
shanghai,0015436,0015438,5.004045174050729,,12,
shanghai,0015440,0015442,1.5086524898085694,,3,
shanghai,0015444,0015447,1.6411488362173683,,3,
shanghai,0015447,0172533,2.3578378567363734,,3,
shanghai,0015450,0016934,3.915657747397641,,5,
shanghai,0015450,0100774,3.8063700514459713,,6,
shanghai,0015450,0100770,3.0469801972812967,,4,
shanghai,0015450,0015451,2.6218229592503675,,5,
shanghai,0015450,0100771,2.0318527097454635,,3,
shanghai,0015450,0083471,1.8737872816374175,,3,
shanghai,0015450,0100775,1.4308098947011845,,3,
shanghai,0015451,0015456,3.5804376792482526,,6,
shanghai,0015451,0100773,2.710422211060924,,5,
shanghai,0015451,0100772,2.5306267084014604,,5,
shanghai,0015451,0100770,2.2366489671751784,,4,
shanghai,0015451,0015453,1.9716873842000266,,3,
shanghai,0015451,0016935,1.9533199024507273,,4,
shanghai,0015451,0100774,1.6916656175120532,,3,
shanghai,0015452,0015456,1.5420811453143457,,3,
shanghai,0015452,0100772,2.392856663672903,,4,
shanghai,0015453,0016934,0.9481459557615656,,3,
shanghai,0015453,0100773,3.6712774395473753,,6,
shanghai,0015453,0015456,2.2071685090417885,,3,
shanghai,0015456,0100771,2.408411657520472,,4,
shanghai,0015456,0100774,2.3702076318427627,,4,
shanghai,0015456,0100773,6.1880988272938104,,10,
shanghai,0015456,0103506,2.1570240436237498,,3,
shanghai,0015466,0063587,2.365375252880704,,5,
shanghai,0015466,0100446,5.016168425772467,,11,
shanghai,0015466,0100450,2.0599025685967436,,5,
shanghai,0015466,0100452,3.843085055864133,,7,
shanghai,0015466,0100453,4.84955315123327,,9,
shanghai,0015466,0063585,2.7877645795792847,,4,
shanghai,0015466,0100454,2.8351245184803213,,7,
shanghai,0015466,0100448,2.718603596704937,,4,
shanghai,0015466,0035194,2.6033257304861146,,5,
shanghai,0015466,0100447,2.1571222111759196,,3,
shanghai,0015480,0015481,2.1994020489236474,,3,
shanghai,0015480,0042579,1.9472341690847583,,3,
shanghai,0015480,0203913,1.6030014671836672,,3,
shanghai,0015480,0076995,0.7481124378311745,,3,
shanghai,0015487,0235123,1.830087094374571,,3,
shanghai,0015493,0075335,14.218966492044627,,20,
shanghai,0015493,0146725,3.757655883880297,,5,
shanghai,0015493,0077128,2.340418137892507,,5,
shanghai,0015493,0086159,1.9388846900217147,,3,
shanghai,0015493,0015494,1.2247040231514439,,4,
shanghai,0015494,0146725,1.6636009064165973,,3,
shanghai,0015508,0015525,2.494877669028128,,3,
shanghai,0015508,0015513,1.9689935589730037,,3,
shanghai,0015508,0015530,1.6214245594159336,,3,
shanghai,0015510,0015524,2.1376524463420843,,3,
shanghai,0015511,0015517,3.676232728033983,,5,
shanghai,0015513,0015529,3.2155743697759807,,5,
shanghai,0015513,0015517,2.1462910547093994,,4,
shanghai,0015513,0089707,1.625533634779326,,3,
shanghai,0015515,0015521,2.3075251073790723,,3,
shanghai,0015518,0015525,2.741899845730059,,4,
shanghai,0015526,0015528,2.2780878433932292,,3,
shanghai,0015529,0015531,3.2057642344280377,,5,
shanghai,0015530,0015531,1.7929697369905198,,3,
shanghai,0015559,0015561,2.3995127001636885,,5,
shanghai,0015630,0089234,2.352016687687148,,4,
shanghai,0015633,0235110,2.7956647765255402,,4,
shanghai,0015633,0074999,1.1003899877692593,,3,
shanghai,0015678,0063370,4.373006385869536,,7,
shanghai,0015678,0070306,2.369799825156809,,3,
shanghai,0015678,0063367,2.3226455462802624,,3,
shanghai,0015678,0126724,1.576387480129887,,4,
shanghai,0015678,0084197,1.5278672979486059,,3,
shanghai,0015678,0063372,1.5235682087239921,,3,
shanghai,0015680,0063370,1.6670282979566204,,3,
shanghai,0015680,0063366,2.3559494999462736,,4,
shanghai,0015680,0126733,1.8934759954586653,,4,
shanghai,0015684,0070164,3.1996140657447913,,5,
shanghai,0015684,0015686,2.5452826067554595,,3,
shanghai,0015684,0077139,2.4073140807772835,,4,
shanghai,0015685,0086198,4.976335019789581,,8,
shanghai,0015685,0077139,3.2699318807380218,,5,
shanghai,0015686,0077141,3.2283827814443358,,5,
shanghai,0015686,0086196,1.8189570790809424,,3,
shanghai,0015686,0086198,4.67057423083955,,9,
shanghai,0015686,0077139,2.8261887316237764,,4,
shanghai,0015686,0077140,1.6487312802950538,,3,
shanghai,0015692,0015778,1.1224015176077666,,3,
shanghai,0015734,0015816,2.3916332613505484,,3,
shanghai,0015748,0015772,1.5503295747423502,,3,
shanghai,0015757,0015758,1.3009956682664952,,3,
shanghai,0015758,0015760,3.689525961922205,,6,
shanghai,0015758,0015759,1.6718214996007426,,3,
shanghai,0015759,0015760,5.604420036600179,,8,
shanghai,0015760,0084669,1.4305857625276963,,3,
shanghai,0015834,0015835,1.0823883020857104,,3,
shanghai,0015850,0015853,3.1766038358002753,,4,
shanghai,0015854,0078750,1.4142454910195077,,3,
shanghai,0015861,0015864,1.8287094343315504,,3,
shanghai,0015862,0015868,2.4271529029223187,,3,
shanghai,0015862,0015872,1.7105073030652447,,3,
shanghai,0015864,0015872,1.9902739692572875,,3,
shanghai,0015864,0117441,1.572239344037988,,4,
shanghai,0015864,0085771,1.1184763227051642,,3,
shanghai,0015864,0118595,0.9643016827473309,,3,
shanghai,0015864,0075749,0.7860856878292461,,3,
shanghai,0015868,0015872,3.1071555796485413,,4,
shanghai,0015868,0085770,1.8232993103991106,,3,
shanghai,0015870,0015872,3.0709852023583686,,4,
shanghai,0015873,0235100,2.0773946378609986,,3,
shanghai,0015878,0086663,1.9053073218372008,,3,
shanghai,0015878,0086664,5.99435251144427,,10,
shanghai,0015878,0109216,2.0686770983735565,,3,
shanghai,0015878,0089352,1.8337294591736168,,3,
shanghai,0015878,0072763,1.7920317330081983,,3,
shanghai,0015878,0147706,1.5865444109175841,,3,
shanghai,0015878,0177578,0.9957891850713374,,3,
shanghai,0015879,0077156,1.5889011445100576,,3,
shanghai,0015880,0077158,1.9068320253505564,,3,
shanghai,0015881,0077158,1.8351458396374511,,3,
shanghai,0015882,0077156,1.9063771220499848,,3,
shanghai,0015882,0086415,1.902950561245162,,4,
shanghai,0015883,0015906,3.3328824768396537,,7,
shanghai,0015883,0041499,3.074339726608975,,5,
shanghai,0015883,0015912,2.976572960838319,,6,
shanghai,0015883,0015928,2.52642544362298,,4,
shanghai,0015883,0041491,1.6597575622241734,,3,
shanghai,0015883,0040831,1.6579154128367557,,4,
shanghai,0015883,0015905,1.4959264669855812,,3,
shanghai,0015884,0015894,14.297955308745536,,17,
shanghai,0015884,0015896,1.9349724479705415,,4,
shanghai,0015884,0015906,3.3903428270170544,,5,
shanghai,0015884,0041499,2.0956353583543494,,4,
shanghai,0015884,0015916,11.466921022419358,,14,
shanghai,0015884,0015925,7.123120709957246,,11,
shanghai,0015884,0015923,6.075394533494556,,7,
shanghai,0015884,0015902,4.834913931465135,,7,
shanghai,0015884,0015900,4.356195343298782,,7,
shanghai,0015884,0015913,2.89668840212483,,4,
shanghai,0015884,0015919,2.659382118662298,,4,
shanghai,0015884,0041493,2.577823988930708,,4,
shanghai,0015884,0015898,2.454082651217888,,5,
shanghai,0015884,0015937,2.161796878804377,,4,
shanghai,0015884,0015903,2.1561163473581226,,3,
shanghai,0015893,0015902,2.457528233872642,,3,
shanghai,0015893,0015909,2.921612528088684,,3,
shanghai,0015894,0015902,21.381692777875436,,23,
shanghai,0015894,0015923,17.141042560725865,,18,
shanghai,0015894,0015924,16.123497544047098,,19,
shanghai,0015894,0015912,14.95390139485534,,19,
shanghai,0015894,0015928,14.594061956428932,,17,
shanghai,0015894,0015896,12.620432833095245,,15,
shanghai,0015894,0015900,7.349395870673841,,9,
shanghai,0015894,0015936,7.060206168578465,,8,
shanghai,0015894,0015916,5.29359579787217,,7,
shanghai,0015894,0015917,5.030724519851032,,6,
shanghai,0015894,0015925,4.774830376254437,,6,
shanghai,0015894,0155465,4.7123179527089984,,5,
shanghai,0015894,0015913,4.617603109713379,,6,
shanghai,0015894,0015905,4.4202819965994475,,6,
shanghai,0015896,0015902,7.430502984168878,,8,
shanghai,0015896,0015923,5.396724502949249,,6,
shanghai,0015896,0015906,4.789609081202851,,9,
shanghai,0015896,0015925,4.651216054126692,,6,
shanghai,0015896,0041493,3.3440837532098606,,4,
shanghai,0015896,0015900,3.1828487925154914,,4,
shanghai,0015896,0015916,3.0059119638752154,,5,
shanghai,0015896,0015926,2.6610194369441516,,3,
shanghai,0015896,0015928,2.6321860643862633,,4,
shanghai,0015896,0041499,2.385949439715575,,3,
shanghai,0015896,0015905,2.3407540271105383,,4,
shanghai,0015896,0015938,1.8115248559820953,,3,
shanghai,0015896,0040831,1.65648813777678,,3,
shanghai,0015897,0015900,1.752901910453736,,3,
shanghai,0015898,0015906,5.2910819788633905,,8,
shanghai,0015898,0015916,2.078404550000025,,5,
shanghai,0015898,0015937,1.0672714637431973,,3,
shanghai,0015900,0015912,2.603346300896617,,6,
shanghai,0015900,0015928,3.4139498970981608,,5,
shanghai,0015900,0015902,2.9589845721853933,,4,
shanghai,0015900,0015913,2.4969652197791468,,5,
shanghai,0015900,0015916,2.100233749177675,,4,
shanghai,0015900,0015936,1.444566393067841,,3,
shanghai,0015902,0015912,5.975492927843098,,7,
shanghai,0015902,0015928,8.07015959490704,,10,
shanghai,0015902,0015923,10.854979746842359,,12,
shanghai,0015902,0015925,4.645928731787752,,5,
shanghai,0015902,0015924,4.5762482149237895,,6,
shanghai,0015902,0015916,3.468459663989995,,5,
shanghai,0015902,0015936,2.963855119158396,,4,
shanghai,0015902,0083066,2.3939745794111653,,3,
shanghai,0015902,0015931,2.2157707602589025,,3,
shanghai,0015902,0173153,2.187298489183453,,3,
shanghai,0015903,0015928,2.3878981624383027,,3,
shanghai,0015903,0015910,2.1340599148708796,,3,
shanghai,0015903,0015908,1.3937528233109542,,3,
shanghai,0015905,0015912,2.2008736809397367,,3,
shanghai,0015905,0015928,2.03054242322077,,3,
shanghai,0015906,0015918,5.695804715848417,,9,
shanghai,0015906,0015912,5.011960520256975,,8,
shanghai,0015906,0041499,4.734911008488556,,8,
shanghai,0015906,0015924,4.145868277359765,,7,
shanghai,0015906,0015928,4.124604742790176,,7,
shanghai,0015906,0015910,3.4398743448649345,,6,
shanghai,0015906,0015916,2.712821196020445,,5,
shanghai,0015906,0041493,1.7461508667824326,,5,
shanghai,0015906,0015913,1.6956572940609722,,3,
shanghai,0015906,0015937,1.6809179876140676,,3,
shanghai,0015910,0015924,2.0860786414509134,,3,
shanghai,0015910,0015918,1.4976661562835938,,3,
shanghai,0015910,0015920,1.2026525261143088,,3,
shanghai,0015912,0015923,5.560042637469755,,7,
shanghai,0015912,0015925,4.67167178380003,,5,
shanghai,0015912,0015921,2.6785165066230023,,6,
shanghai,0015912,0041499,2.670743891935693,,5,
shanghai,0015912,0015913,2.4326332627394116,,4,
shanghai,0015912,0155465,2.4185456432301207,,3,
shanghai,0015912,0041491,2.2679866880961304,,3,
shanghai,0015912,0015931,2.1479282659526078,,3,
shanghai,0015912,0015916,2.085221992984621,,3,
shanghai,0015913,0015923,4.79948278950979,,6,
shanghai,0015915,0015928,3.5687717982633935,,6,
shanghai,0015916,0015924,5.556723115633677,,7,
shanghai,0015916,0015925,4.410898979196075,,6,
shanghai,0015916,0015936,2.5485461086543517,,3,
shanghai,0015916,0015921,1.7799711323422573,,3,
shanghai,0015916,0015918,1.2622339334146628,,3,
shanghai,0015917,0015923,2.9078099274048754,,3,
shanghai,0015917,0015924,2.601456090762132,,3,
shanghai,0015918,0015928,1.953377382873488,,5,
shanghai,0015918,0015938,4.309518579878599,,7,
shanghai,0015918,0015924,2.7487684784401183,,5,
shanghai,0015919,0015925,1.892119047806828,,3,
shanghai,0015920,0015921,2.284145685767018,,5,
shanghai,0015923,0015928,3.2590491782523587,,4,
shanghai,0015923,0041499,2.5894716154181587,,3,
shanghai,0015923,0015924,6.049898267307437,,7,
shanghai,0015923,0015936,4.433000100376496,,5,
shanghai,0015923,0015925,4.130355707849855,,5,
shanghai,0015923,0015931,3.1843355653869416,,4,
shanghai,0015923,0041493,2.4910160853561494,,4,
shanghai,0015924,0041499,3.4038051482941802,,5,
shanghai,0015924,0041493,4.201305222924731,,7,
shanghai,0015924,0015925,3.1322528054143506,,4,
shanghai,0015924,0015926,2.774061281595161,,3,
shanghai,0015924,0041495,2.612543564847577,,5,
shanghai,0015924,0015938,1.787650474706136,,3,
shanghai,0015925,0015928,2.5184663586753544,,3,
shanghai,0015926,0015928,2.7083684262765786,,3,
shanghai,0015928,0041499,4.680754610951481,,8,
shanghai,0015928,0041493,4.109067767975925,,7,
shanghai,0015932,0015937,1.3889541398545822,,3,
shanghai,0015947,0015950,8.692142721108086,,15,
shanghai,0015947,0084676,5.174274525364261,,7,
shanghai,0015947,0109561,2.8087013792114393,,4,
shanghai,0015947,0015949,2.242500138411696,,4,
shanghai,0015948,0015950,4.01761725376446,,8,
shanghai,0015948,0084676,1.7049149943044017,,3,
shanghai,0015948,0109561,2.3002800693356193,,4,
shanghai,0015948,0109399,3.792857647864543,,5,
shanghai,0015948,0083410,2.6585988904283013,,3,
shanghai,0015949,0109561,2.04390332974582,,3,
shanghai,0015949,0015950,1.647475926485602,,3,
shanghai,0015950,0109561,4.223999748811341,,6,
shanghai,0015950,0015951,3.45420725067919,,6,
shanghai,0015950,0084676,3.265462514739737,,6,
shanghai,0015950,0109399,2.457062887377592,,5,
shanghai,0015950,0169456,1.3039364789854475,,3,
shanghai,0015950,0041660,1.071782953558459,,3,
shanghai,0015951,0109561,1.7543278313104664,,3,
shanghai,0015953,0047910,1.6355737585622288,,3,
shanghai,0015954,0047910,3.111731618027584,,4,
shanghai,0016027,0016039,1.9128537263845455,,3,
shanghai,0016074,0016076,4.278182385811845,,6,
shanghai,0016076,0047934,2.169209523912266,,3,
shanghai,0016080,0235102,5.73997792185963,,8,
shanghai,0016080,0235104,4.097122602938106,,5,
shanghai,0016080,0077164,1.7106514447853551,,3,
shanghai,0016081,0235104,1.558041729138404,,3,
shanghai,0016082,0077164,1.4640392272734246,,3,
shanghai,0016082,0235102,3.9116523588152003,,5,
shanghai,0016082,0077167,2.3332610012908406,,4,
shanghai,0016082,0077166,1.5808566285375631,,4,
shanghai,0016082,0042787,0.9566190723763208,,3,
shanghai,0016097,0016103,1.506833151942762,,3,
shanghai,0016097,0016107,2.955598313726873,,7,
shanghai,0016097,0016106,2.273800282870961,,3,
shanghai,0016097,0016108,1.1225198058858625,,3,
shanghai,0016098,0016101,5.889280134812392,,8,
shanghai,0016098,0016109,2.1049694376895456,,4,
shanghai,0016100,0016107,2.82533698191177,,4,
shanghai,0016101,0016103,3.0234049468923914,,5,
shanghai,0016101,0016106,2.9879572818355506,,5,
shanghai,0016101,0016104,2.8274465516149974,,4,
shanghai,0016101,0016109,2.2367398389759146,,4,
shanghai,0016101,0109192,2.1145048083323994,,3,
shanghai,0016102,0016103,3.2465973071751,,7,
shanghai,0016102,0016106,5.2692446813539835,,7,
shanghai,0016102,0109192,2.1309235797389103,,3,
shanghai,0016103,0016107,11.42291295225655,,18,
shanghai,0016103,0016109,6.857113049416726,,9,
shanghai,0016103,0016106,4.684731597862693,,8,
shanghai,0016103,0016104,4.0167992869254645,,7,
shanghai,0016103,0016105,1.7059466868307636,,4,
shanghai,0016103,0040355,0.9901571688252687,,3,
shanghai,0016104,0016107,2.7206366244106666,,4,
shanghai,0016104,0016108,3.221064492070853,,5,
shanghai,0016105,0016107,1.5827979439735114,,3,
shanghai,0016105,0016109,2.97869229270448,,4,
shanghai,0016106,0016107,5.257401867219026,,10,
shanghai,0016106,0016109,3.8884106556698765,,6,
shanghai,0016107,0016109,3.356917355771417,,6,
shanghai,0016107,0016108,2.9957506651580026,,5,
shanghai,0016107,0109193,1.8910628509862986,,3,
shanghai,0016107,0040355,1.2714060005009682,,3,
shanghai,0016117,0016120,6.137502931403611,,9,
shanghai,0016117,0016125,5.0767450299356,,7,
shanghai,0016117,0016121,4.973328115484256,,8,
shanghai,0016117,0016126,3.052375950635501,,6,
shanghai,0016117,0090905,2.873815697490706,,5,
shanghai,0016117,0016118,2.202962833387256,,5,
shanghai,0016117,0109531,2.0529701905920383,,6,
shanghai,0016117,0097830,1.8297766324283036,,3,
shanghai,0016117,0049980,1.823325073904826,,3,
shanghai,0016117,0088387,1.7194536000055605,,3,
shanghai,0016117,0040460,1.357233823711813,,3,
shanghai,0016117,0050008,1.1650002938316018,,3,
shanghai,0016117,0016119,1.135196481202633,,3,
shanghai,0016117,0049993,1.0905729326425329,,3,
shanghai,0016118,0016119,2.4825348669318847,,4,
shanghai,0016118,0016120,3.9705442874936745,,6,
shanghai,0016118,0016121,4.500682717702728,,8,
shanghai,0016118,0016126,3.485923538182677,,6,
shanghai,0016118,0073066,2.0933795495998906,,4,
shanghai,0016118,0109531,2.0693836835507646,,3,
shanghai,0016118,0016125,2.055876925334716,,3,
shanghai,0016119,0016121,3.6154074107697296,,6,
shanghai,0016119,0016130,3.578203127271116,,7,
shanghai,0016119,0016120,3.5109595159422833,,6,
shanghai,0016119,0016128,2.443334859936005,,3,
shanghai,0016119,0114873,2.31427340506571,,4,
shanghai,0016119,0075744,2.0771961822675515,,3,
shanghai,0016119,0074345,1.6848021610437265,,4,
shanghai,0016119,0074344,1.379468320544098,,3,
shanghai,0016119,0050015,1.3019604163247291,,3,
shanghai,0016120,0016121,5.446954001469493,,11,
shanghai,0016120,0114871,2.621095420592297,,5,
shanghai,0016120,0016128,2.50400275319797,,4,
shanghai,0016120,0016126,2.0199223217599767,,3,
shanghai,0016120,0073066,1.9431645619835516,,4,
shanghai,0016120,0016130,1.536539682022443,,3,
shanghai,0016120,0072962,1.2537164289116518,,3,
shanghai,0016120,0074341,1.054643153721764,,3,
shanghai,0016121,0016126,12.108546834728173,,20,
shanghai,0016121,0016130,4.184941084538414,,7,
shanghai,0016121,0114871,2.4693270478997302,,4,
shanghai,0016121,0075183,1.5013652523839789,,5,
shanghai,0016121,0087372,1.4166078301886575,,4,
shanghai,0016121,0114873,1.2130841255374594,,3,
shanghai,0016121,0016128,1.0455873971017566,,3,
shanghai,0016126,0016128,2.7990319308244724,,5,
shanghai,0016126,0016130,1.8823926072204624,,5,
shanghai,0016126,0231639,1.0245736004973696,,3,
shanghai,0016128,0075744,1.2947923041614204,,3,
shanghai,0016128,0049985,1.7010374456314246,,3,
shanghai,0016135,0016143,5.343713734606439,,9,
shanghai,0016135,0016139,5.339197136003147,,8,
shanghai,0016135,0016142,3.1157098596357726,,5,
shanghai,0016135,0016154,2.061887464309403,,3,
shanghai,0016135,0016157,2.024874728115618,,3,
shanghai,0016139,0016143,6.352631827106389,,11,
shanghai,0016139,0016142,4.815272555580672,,9,
shanghai,0016139,0016235,1.8401903412633551,,4,
shanghai,0016142,0016143,7.408926068183078,,13,
shanghai,0016142,0016213,1.2843545673699848,,3,
shanghai,0016143,0084619,2.023714834852168,,4,
shanghai,0016143,0236101,1.7474588635427182,,3,
shanghai,0016143,0016235,1.3492283092049484,,3,
shanghai,0016143,0016215,1.2521020715101963,,3,
shanghai,0016145,0016154,3.3431128998811452,,5,
shanghai,0016145,0016157,5.206981687333186,,7,
shanghai,0016145,0016215,1.2569031991248085,,3,
shanghai,0016147,0016153,2.2417556675444796,,4,
shanghai,0016153,0016235,0.9106918581095994,,3,
shanghai,0016167,0016208,3.269103806325415,,6,
shanghai,0016167,0016200,2.2302040543571997,,5,
shanghai,0016170,0016179,1.260604581294186,,3,
shanghai,0016171,0016229,1.8854126632782908,,3,
shanghai,0016187,0016190,1.344445992774315,,3,
shanghai,0016200,0016235,2.266064572017484,,3,
shanghai,0016200,0016234,1.076858827254382,,3,
shanghai,0016205,0016235,1.0145259618918538,,3,
shanghai,0016205,0016213,3.106204384601166,,5,
shanghai,0016205,0016215,3.158973966751148,,7,
shanghai,0016205,0016217,2.964389072479536,,4,
shanghai,0016205,0016241,2.9120030277460356,,5,
shanghai,0016206,0016240,2.379678201442395,,5,
shanghai,0016208,0016229,2.3429181188690813,,3,
shanghai,0016209,0016210,1.1508334610905164,,3,
shanghai,0016213,0016235,1.0415704702243291,,3,
shanghai,0016213,0016215,2.1849879752418135,,3,
shanghai,0016213,0016229,1.502120071620626,,3,
shanghai,0016213,0016240,0.9498869485756246,,3,
shanghai,0016215,0016235,2.5777616954960934,,6,
shanghai,0016215,0016241,3.9832179013991555,,8,
shanghai,0016215,0016232,2.8093614341334803,,4,
shanghai,0016215,0016222,1.3644093583101045,,3,
shanghai,0016229,0016235,1.7980989907677847,,4,
shanghai,0016235,0016241,2.0807440648237367,,4,
shanghai,0016235,0016237,1.673749716552991,,3,
shanghai,0016240,0016241,1.727892368523475,,3,
shanghai,0016244,0016296,1.7285615483607613,,3,
shanghai,0016244,0016246,1.6864144393069027,,4,
shanghai,0016251,0016296,1.751780085214246,,3,
shanghai,0016296,0055504,2.2732563556065832,,4,
shanghai,0016296,0077205,0.981613550481531,,3,
shanghai,0016304,0114397,1.5481776615601421,,3,
shanghai,0016320,0016341,1.0173655545738094,,3,
shanghai,0016336,0143434,4.98083347373103,,6,
shanghai,0016339,0016341,1.9462548669869026,,3,
shanghai,0016371,0016373,3.6557957313009184,,4,
shanghai,0016379,0070334,5.333535985725823,,6,
shanghai,0016379,0070335,2.016320543434292,,3,
shanghai,0016381,0162008,2.210766155351491,,3,
shanghai,0016467,0198024,2.7346980045480263,,3,
shanghai,0016485,0158488,2.3035058368513273,,3,
shanghai,0016585,0061371,2.017151808036571,,3,
shanghai,0016589,0078910,2.834890421470611,,4,
shanghai,0016592,0078911,2.9064486237899567,,4,
shanghai,0016592,0045175,2.0635116753611307,,3,
shanghai,0016601,0016604,4.891498808161368,,5,
shanghai,0016644,0182973,2.0851630767587404,,3,
shanghai,0016664,0068336,2.5351414063190183,,3,
shanghai,0016684,0101827,3.581206142434667,,4,
shanghai,0016684,0101849,2.6018015952693903,,3,
shanghai,0016685,0102785,2.3492790421948575,,3,
shanghai,0016755,0100830,2.694076764518397,,5,
shanghai,0016775,0084693,1.3432936269613753,,3,
shanghai,0016851,0096875,4.718179678485665,,5,
shanghai,0016851,0096876,2.907201814836007,,3,
shanghai,0016851,0063699,1.8678123841696355,,3,
shanghai,0016895,0089454,2.202841945839668,,4,
shanghai,0016904,0109565,2.7494473681914866,,5,
shanghai,0016904,0025172,2.0507011446553616,,3,
shanghai,0016917,0059831,1.965861883669079,,3,
shanghai,0016928,0100767,1.7653894201232423,,4,
shanghai,0016928,0103492,13.046241864676304,,15,
shanghai,0016928,0016930,3.6663090401394607,,4,
shanghai,0016928,0103500,2.527469272197677,,3,
shanghai,0016928,0078957,1.9632890600647155,,3,
shanghai,0016928,0100736,0.9994110546902966,,3,
shanghai,0016929,0103492,12.750588891732736,,14,
shanghai,0016929,0016930,2.6113755103414427,,4,
shanghai,0016930,0103492,2.577241376348795,,3,
shanghai,0016930,0103497,3.6445170627176307,,5,
shanghai,0016930,0016933,3.469511469959041,,4,
shanghai,0016931,0103492,16.21150831435326,,18,
shanghai,0016932,0103492,5.1227976683128,,6,
shanghai,0016933,0103492,12.675723773368258,,14,
shanghai,0016934,0103506,7.4310451177932615,,8,
shanghai,0016934,0070173,4.2462719139582425,,5,
shanghai,0016934,0100773,2.1056589211800065,,3,
shanghai,0016934,0118987,1.8498534540102298,,3,
shanghai,0016935,0083471,2.518003697109496,,3,
shanghai,0016935,0100770,1.35313795539076,,3,
shanghai,0016935,0103506,11.073378653628007,,12,
shanghai,0016935,0070173,4.280669936889565,,5,
shanghai,0016935,0100772,1.7455514466996207,,3,
shanghai,0016937,0103506,8.118648087031016,,9,
shanghai,0016937,0070173,2.6546439061208624,,3,
shanghai,0016937,0109107,2.4472798548840706,,3,
shanghai,0016938,0148144,3.6163582923635262,,4,
shanghai,0016938,0148145,2.594361934760301,,3,
shanghai,0016961,0089367,3.997923627331424,,5,
shanghai,0016961,0041631,3.5440432702051536,,5,
shanghai,0016961,0035772,3.262370974786944,,4,
shanghai,0016961,0041632,2.136616746336986,,3,
shanghai,0016961,0020182,2.0781264571890303,,3,
shanghai,0016962,0035772,2.6862209629161917,,3,
shanghai,0016962,0089367,2.9458405276671082,,5,
shanghai,0016962,0016963,2.6743884893438707,,4,
shanghai,0016963,0089367,1.4191706961244046,,3,
shanghai,0016963,0044119,1.9489174097960227,,4,
shanghai,0016963,0235092,1.412324143769885,,3,
shanghai,0016964,0059831,2.926911846790767,,4,
shanghai,0016964,0152921,4.645231440145267,,6,
shanghai,0016964,0184549,2.7075422182636615,,3,
shanghai,0016964,0117973,1.6197085294982447,,3,
shanghai,0016968,0016973,2.072140884095565,,5,
shanghai,0016969,0184549,2.758382035697878,,3,
shanghai,0016969,0114713,2.2640596740365684,,3,
shanghai,0016973,0016976,3.2173793437176577,,5,
shanghai,0016973,0016974,1.394620416737978,,3,
shanghai,0016974,0184549,3.506050273180934,,4,
shanghai,0016976,0059831,2.2132616679081387,,4,
shanghai,0016976,0235981,1.6109178134897348,,3,
shanghai,0016980,0133078,4.160098443960656,,5,
shanghai,0016983,0016993,5.220272437245448,,6,
shanghai,0016983,0017008,2.952486733893184,,4,
shanghai,0016983,0017013,2.912558149869875,,4,
shanghai,0016983,0017028,2.6302451575615535,,3,
shanghai,0016983,0017041,2.6295498039767065,,3,
shanghai,0016983,0017003,1.8941778257051634,,3,
shanghai,0016989,0017044,1.763842689456864,,3,
shanghai,0017004,0017013,2.3197675801612645,,3,
shanghai,0017004,0017044,1.909076224364537,,3,
shanghai,0017008,0017013,2.3722331153349328,,3,
shanghai,0017013,0017050,2.4613128682973837,,3,
shanghai,0017013,0017016,2.360883068271287,,3,
shanghai,0017077,0146720,2.6644735767391485,,3,
shanghai,0017079,0035666,2.540917713576868,,4,
shanghai,0017101,0146720,2.6692533757064427,,3,
shanghai,0017132,0017188,3.1380813109276744,,4,
shanghai,0017132,0017148,2.416641298355613,,4,
shanghai,0017132,0017192,2.366294442279421,,3,
shanghai,0017134,0017215,5.4736959712161095,,7,
shanghai,0017134,0017204,2.365766126725198,,3,
shanghai,0017134,0017171,2.0793652117082484,,3,
shanghai,0017141,0239571,2.6954916906528226,,3,
shanghai,0017144,0017212,2.078617901746584,,3,
shanghai,0017145,0017184,2.3086899510303587,,3,
shanghai,0017146,0017212,3.9276149484157603,,6,
shanghai,0017146,0017161,2.021144325532694,,3,
shanghai,0017146,0017151,1.4720412511121328,,3,
shanghai,0017148,0017183,3.3807833401083296,,5,
shanghai,0017148,0017208,2.7161986339504813,,4,
shanghai,0017148,0017151,2.474298787751141,,3,
shanghai,0017148,0017176,2.4495089581866036,,3,
shanghai,0017148,0017179,2.3722722034236616,,3,
shanghai,0017148,0017215,2.324858394149439,,3,
shanghai,0017148,0017188,2.118160308008134,,3,
shanghai,0017148,0017152,2.082533194476645,,3,
shanghai,0017148,0017210,1.6506738163301227,,3,
shanghai,0017151,0017163,2.051605327711375,,3,
shanghai,0017152,0017185,2.5667307025144956,,3,
shanghai,0017161,0097818,1.800106711716032,,3,
shanghai,0017173,0017185,1.8657897593761312,,3,
shanghai,0017173,0017180,1.9138734049510258,,3,
shanghai,0017177,0017185,2.8001097825476133,,3,
shanghai,0017179,0017185,2.279480811330252,,3,
shanghai,0017180,0017204,3.0000225106958216,,4,
shanghai,0017180,0017182,5.84109848681385,,9,
shanghai,0017180,0017193,2.9485311569074275,,4,
shanghai,0017180,0017195,1.8738719664506784,,3,
shanghai,0017180,0017201,1.2723590607385244,,3,
shanghai,0017182,0017185,2.3558095922006714,,3,
shanghai,0017182,0070020,2.6761366636893937,,3,
shanghai,0017183,0017215,2.495882564655997,,3,
shanghai,0017183,0017212,1.3397898862526814,,3,
shanghai,0017183,0239570,2.2333448418807964,,3,
shanghai,0017183,0017207,2.182422318809537,,3,
shanghai,0017184,0017193,2.4998259307869874,,5,
shanghai,0017184,0017201,1.6504609078869008,,4,
shanghai,0017185,0017201,4.222880263244646,,5,
shanghai,0017185,0017202,3.2305307241301264,,4,
shanghai,0017185,0017199,2.7400752400249275,,3,
shanghai,0017185,0017194,2.051353613071879,,3,
shanghai,0017191,0017213,4.80232182456042,,6,
shanghai,0017191,0017198,2.1377744549194606,,3,
shanghai,0017198,0017215,1.5051758014427126,,3,
shanghai,0017204,0070020,2.6783869269214966,,3,
shanghai,0017215,0038492,1.8821889031168515,,3,
shanghai,0017218,0017265,2.250615081465826,,3,
shanghai,0017219,0017266,2.682160766226976,,3,
shanghai,0017222,0017265,2.412209456902506,,3,
shanghai,0017225,0017256,1.7574237470919805,,3,
shanghai,0017231,0043169,2.4645435368767705,,3,
shanghai,0017234,0017279,2.375869522885781,,3,
shanghai,0017235,0017239,2.379592091845387,,3,
shanghai,0017236,0017275,1.6229027428540617,,3,
shanghai,0017238,0017249,2.228339911016993,,3,
shanghai,0017239,0017270,4.991054961466405,,7,
shanghai,0017239,0017259,3.374807019329944,,5,
shanghai,0017239,0017276,2.3216218394269563,,3,
shanghai,0017239,0017246,2.12653942830421,,3,
shanghai,0017239,0017263,1.8488451558248218,,3,
shanghai,0017244,0017279,2.306568102337802,,3,
shanghai,0017257,0017284,2.813488513854018,,3,
shanghai,0017259,0017278,1.787534775190578,,3,
shanghai,0017265,0017288,2.275385321638292,,3,
shanghai,0017265,0017275,2.1220481583818533,,3,
shanghai,0017270,0017278,1.1618901038628981,,3,
shanghai,0017275,0017283,2.160772268289737,,3,
shanghai,0017278,0017284,2.894568163470396,,4,
shanghai,0017341,0017363,2.0900430844683546,,3,
shanghai,0017351,0017363,1.7792741068145537,,3,
shanghai,0017363,0065977,2.72421054728184,,3,
shanghai,0017363,0066002,2.3067662431436116,,3,
shanghai,0017363,0065974,2.3066882148021417,,3,
shanghai,0017363,0017371,2.250770825055875,,3,
shanghai,0017363,0065985,2.2213961280049093,,3,
shanghai,0017378,0017406,3.817935540136184,,6,
shanghai,0017381,0017406,2.1392664070688765,,3,
shanghai,0017390,0017406,1.9183255697977035,,3,
shanghai,0017390,0017418,2.740301445726919,,3,
shanghai,0017395,0017406,4.755276150974188,,6,
shanghai,0017399,0017406,2.599842190089518,,4,
shanghai,0017406,0017407,2.4263560894862906,,3,
shanghai,0017516,0017528,2.0989838352230117,,3,
shanghai,0017518,0068887,2.800057932361888,,3,
shanghai,0017521,0037841,1.3790171896574797,,3,
shanghai,0017531,0017532,2.311927873611775,,3,
shanghai,0017531,0017556,2.026641977028092,,3,
shanghai,0017540,0017547,3.9124384363448583,,5,
shanghai,0017544,0017550,1.9367475695777843,,3,
shanghai,0017557,0068887,2.7906109586789025,,3,
shanghai,0017558,0066298,1.7657971167271433,,3,
shanghai,0017563,0132609,2.6901529115027922,,3,
shanghai,0017563,0066220,2.0308192810296464,,3,
shanghai,0017566,0066220,1.968674098728187,,3,
shanghai,0017569,0066220,1.8670703250196454,,3,
shanghai,0017572,0066220,3.0936068535758388,,4,
shanghai,0017577,0066220,4.606038471755107,,7,
shanghai,0017577,0042765,2.128780630257067,,4,
shanghai,0017579,0066213,3.9513558835069387,,7,
shanghai,0017588,0066213,1.162402967466306,,3,
shanghai,0017600,0066184,2.434595959573834,,3,
shanghai,0017606,0066184,2.909094240238976,,4,
shanghai,0017609,0066184,2.4197568162996106,,3,
shanghai,0017614,0066184,2.8463377533501237,,4,
shanghai,0017614,0143097,2.6659922699365897,,3,
shanghai,0017616,0066184,3.13218983964078,,4,
shanghai,0017638,0143097,2.4937121079908926,,3,
shanghai,0017639,0146713,2.8340412552896153,,4,
shanghai,0017653,0169393,2.6583117217835617,,3,
shanghai,0017656,0018728,1.4231745372312339,,3,
shanghai,0017659,0081999,12.51971963779596,,16,
shanghai,0017659,0017691,10.826503920607891,,13,
shanghai,0017659,0082017,9.536627618623289,,12,
shanghai,0017659,0017689,9.380748528986267,,28,
shanghai,0017659,0017688,9.330018582679724,,12,
shanghai,0017659,0082018,7.040732312550335,,9,
shanghai,0017659,0017690,5.69007570730308,,22,
shanghai,0017659,0017670,2.9670018737982615,,4,
shanghai,0017661,0082018,5.3003720880140595,,6,
shanghai,0017662,0017688,22.00780356382395,,26,
shanghai,0017662,0017689,13.535738907443818,,39,
shanghai,0017662,0017690,8.84061297149842,,29,
shanghai,0017662,0017691,8.661065783401849,,10,
shanghai,0017662,0081999,6.478818234012803,,9,
shanghai,0017662,0082017,3.6784860697843262,,5,
shanghai,0017662,0082018,9.050347229878984,,13,
shanghai,0017662,0017674,1.8866447473840493,,3,
shanghai,0017663,0017688,10.692502579619989,,13,
shanghai,0017663,0017689,13.031626211182896,,37,
shanghai,0017663,0017690,8.240216529582284,,22,
shanghai,0017663,0017691,6.0389173677009556,,7,
shanghai,0017663,0081999,7.002786299164236,,8,
shanghai,0017663,0082018,5.394386759773556,,7,
shanghai,0017663,0017678,2.6948458111704374,,3,
shanghai,0017667,0017689,5.644355318732529,,18,
shanghai,0017667,0082017,7.198289038619994,,10,
shanghai,0017667,0082018,5.057953389584924,,6,
shanghai,0017668,0081999,5.0522491925243225,,7,
shanghai,0017668,0082017,3.181197684965472,,4,
shanghai,0017668,0017678,2.930734995243078,,4,
shanghai,0017669,0017688,10.125930888986417,,14,
shanghai,0017669,0017689,8.431819200223702,,28,
shanghai,0017669,0017690,5.484441713864779,,17,
shanghai,0017669,0081999,6.259005008460741,,9,
shanghai,0017669,0082017,4.523229692683857,,6,
shanghai,0017669,0082018,16.796896048226763,,21,
shanghai,0017669,0017678,2.3722344286212893,,3,
shanghai,0017670,0082017,12.432387204785769,,17,
shanghai,0017670,0017688,12.155005310954914,,14,
shanghai,0017670,0082018,11.534978503850636,,14,
shanghai,0017670,0081999,6.855489167092705,,9,
shanghai,0017670,0017691,5.48593940902902,,8,
shanghai,0017670,0017689,5.310466611748459,,15,
shanghai,0017670,0017690,4.915328366022621,,13,
shanghai,0017672,0017688,16.18954766750161,,19,
shanghai,0017672,0017689,9.28979330323984,,29,
shanghai,0017672,0017690,8.736745995885853,,31,
shanghai,0017672,0017691,10.530164783217765,,12,
shanghai,0017672,0081999,8.67603277296432,,11,
shanghai,0017672,0082017,15.015854883594418,,18,
shanghai,0017672,0082018,10.39876749549723,,13,
shanghai,0017673,0017688,6.126177254124446,,7,
shanghai,0017673,0017691,8.606838989109391,,11,
shanghai,0017673,0081999,6.823055819563066,,8,
shanghai,0017673,0082017,7.312405751552358,,9,
shanghai,0017673,0082018,5.470457414483913,,7,
shanghai,0017674,0017688,14.266939630462455,,17,
shanghai,0017674,0017689,10.277617177937517,,28,
shanghai,0017674,0017690,6.359146413668386,,20,
shanghai,0017674,0017691,5.941389780883606,,7,
shanghai,0017674,0081999,6.148430596829291,,8,
shanghai,0017674,0082017,13.76472493447547,,18,
shanghai,0017674,0082018,15.051012823862864,,18,
shanghai,0017675,0017688,12.002930311415424,,14,
shanghai,0017675,0017689,8.0693909611777,,25,
shanghai,0017675,0017690,8.974875526504931,,27,
shanghai,0017675,0017691,7.9432646031775125,,10,
shanghai,0017675,0081999,6.647640086850182,,9,
shanghai,0017675,0082017,10.283921011684164,,13,
shanghai,0017675,0082018,9.37330904980088,,12,
shanghai,0017676,0017688,16.72745345652102,,21,
shanghai,0017676,0017690,6.437992620626353,,18,
shanghai,0017676,0017691,10.453050586971662,,13,
shanghai,0017676,0081999,10.276515689895914,,14,
shanghai,0017676,0082017,9.360572576432197,,13,
shanghai,0017676,0082018,7.840278013454866,,9,
shanghai,0017677,0017690,5.897935806647037,,16,
shanghai,0017677,0017691,7.800546311002844,,9,
shanghai,0017677,0081999,5.844024974439267,,8,
shanghai,0017678,0017688,12.639599672533093,,15,
shanghai,0017678,0017689,6.79226658576204,,21,
shanghai,0017678,0017690,10.997216603347978,,32,
shanghai,0017678,0017691,9.885204025974092,,13,
shanghai,0017678,0081999,7.107200079250113,,10,
shanghai,0017678,0082018,4.102467952785442,,5,
shanghai,0017679,0017688,8.828073151807736,,11,
shanghai,0017679,0017689,5.380188845661776,,17,
shanghai,0017679,0081999,5.364126821689493,,7,
shanghai,0017681,0082017,5.2181144758951605,,7,
shanghai,0017682,0017691,6.809362777680485,,8,
shanghai,0017682,0082017,3.0851375945704778,,4,
shanghai,0017688,0017695,9.966323924272933,,12,
shanghai,0017688,0017690,8.530217868192407,,32,
shanghai,0017688,0017689,7.485863192595297,,22,
shanghai,0017689,0017690,16.495044284369126,,23,
shanghai,0017689,0017691,8.710329921162066,,23,
shanghai,0017689,0017695,7.670199487900589,,23,
shanghai,0017690,0017691,6.713374052954225,,22,
shanghai,0017690,0017695,5.867664892614453,,18,
shanghai,0017691,0017695,6.424305352279176,,8,
shanghai,0017695,0081999,10.738077940077233,,13,
shanghai,0017695,0082017,7.186025017750107,,9,
shanghai,0017695,0082018,12.435689063240499,,16,
shanghai,0017699,0017714,2.7104295298562513,,3,
shanghai,0017702,0069496,2.8064066716222373,,3,
shanghai,0017707,0017718,2.251050055714693,,3,
shanghai,0017714,0042752,1.4486109656895254,,3,
shanghai,0017730,0069496,2.7432266393154783,,3,
shanghai,0017743,0172428,2.670404298143446,,3,
shanghai,0017795,0069091,3.529082422748878,,4,
shanghai,0017809,0017828,2.658277732382442,,3,
shanghai,0017809,0017823,2.6527983641760597,,3,
shanghai,0017809,0017833,2.531504644383697,,3,
shanghai,0017810,0017822,2.2483632379459664,,3,
shanghai,0017822,0017852,2.6637913552978634,,4,
shanghai,0017823,0017852,1.8397276178938755,,3,
shanghai,0017825,0017852,2.340286245624865,,4,
shanghai,0017827,0017845,2.7557992180665782,,3,
shanghai,0017827,0017840,2.751365726376001,,3,
shanghai,0017829,0146786,2.4871433366626023,,3,
shanghai,0017829,0075336,1.7471462277536938,,3,
shanghai,0017830,0017852,3.220022044389271,,5,
shanghai,0017833,0017842,1.8962754930383214,,3,
shanghai,0017833,0075336,1.6434722021706651,,3,
shanghai,0017834,0017841,2.0734726310191403,,3,
shanghai,0017836,0146786,3.3555213554184724,,4,
shanghai,0017841,0017849,1.8562239747042795,,3,
shanghai,0017846,0087212,1.41318740024039,,3,
shanghai,0017849,0017852,3.3369752792606215,,5,
shanghai,0017866,0148203,2.9518142494566653,,4,
shanghai,0017877,0017975,1.8072883188029856,,3,
shanghai,0017887,0018480,1.8936834119148966,,3,
shanghai,0017894,0179828,2.6446457387149387,,3,
shanghai,0017904,0068727,1.9710016133429633,,3,
shanghai,0017921,0018373,2.667684695561067,,4,
shanghai,0017924,0018293,2.4044394964162383,,3,
shanghai,0017954,0069668,2.7210653707060017,,3,
shanghai,0017954,0128900,2.175592771505254,,3,
shanghai,0017954,0035889,1.7821468368180216,,3,
shanghai,0017978,0132774,2.5584294166000814,,3,
shanghai,0017989,0035686,2.8196610344972064,,3,
shanghai,0017990,0018270,3.685797400289787,,5,
shanghai,0017993,0035643,2.5268130744018484,,3,
shanghai,0017994,0069509,2.5217714602941927,,3,
shanghai,0018010,0019863,2.5272582168699573,,4,
shanghai,0018014,0035693,2.84904198352754,,3,
shanghai,0018019,0018348,2.805563116564699,,3,
shanghai,0018025,0018176,2.3064740642710273,,3,
shanghai,0018027,0018462,2.2948565629291293,,3,
shanghai,0018032,0152843,2.8569373499750843,,3,
shanghai,0018041,0100305,2.7017110573853214,,3,
shanghai,0018057,0150493,3.5112689959346066,,5,
shanghai,0018065,0132771,4.703818815340989,,5,
shanghai,0018070,0049843,1.2525741772916321,,3,
shanghai,0018084,0132730,3.387338984293347,,4,
shanghai,0018088,0035639,6.787341738541519,,8,
shanghai,0018088,0070142,2.7887737144700377,,3,
shanghai,0018093,0035639,2.674473155132225,,3,
shanghai,0018093,0109203,2.0099646759072805,,3,
shanghai,0018095,0035639,3.521652180280516,,4,
shanghai,0018098,0035639,3.3479667918848017,,4,
shanghai,0018109,0070142,2.837338440717927,,3,
shanghai,0018112,0035639,2.9181432514328023,,4,
shanghai,0018113,0035639,2.8425383756891787,,3,
shanghai,0018113,0070142,2.765130903446966,,3,
shanghai,0018114,0069876,2.6735978057674603,,3,
shanghai,0018114,0109202,2.669473481310427,,4,
shanghai,0018115,0035639,4.325452886160109,,5,
shanghai,0018115,0069876,2.203703767283874,,3,
shanghai,0018120,0035639,5.9518680308933885,,7,
shanghai,0018136,0018156,2.4973162117027425,,3,
shanghai,0018163,0083409,2.958893922624607,,5,
shanghai,0018163,0089694,1.807955697714441,,3,
shanghai,0018163,0117378,1.600728688505479,,4,
shanghai,0018172,0018175,3.996901168361905,,5,
shanghai,0018173,0018179,3.3423143819672596,,4,
shanghai,0018188,0187236,9.844055054630337,,13,
shanghai,0018188,0187019,3.5743071986865083,,5,
shanghai,0018188,0097469,3.4700496246477455,,4,
shanghai,0018188,0151495,2.1360594012425964,,3,
shanghai,0018188,0069136,1.9654269818509134,,3,
shanghai,0018188,0082286,1.220604005740848,,3,
shanghai,0018190,0081911,2.104649583666994,,3,
shanghai,0018193,0161247,4.785132715260574,,6,
shanghai,0018195,0157285,6.077794039789761,,8,
shanghai,0018195,0157286,2.3781756850580984,,3,
shanghai,0018195,0152667,1.7492234246710407,,3,
shanghai,0018199,0018319,2.143798913660065,,3,
shanghai,0018201,0044625,3.3904280085065412,,5,
shanghai,0018201,0097033,2.5431321291819584,,3,
shanghai,0018201,0061246,2.48500495654508,,3,
shanghai,0018201,0019947,2.3495783928871092,,3,
shanghai,0018201,0068522,2.057096783047067,,3,
shanghai,0018211,0018349,3.1053313883285636,,4,
shanghai,0018222,0148137,2.7135433827956383,,3,
shanghai,0018239,0018365,3.650215791806444,,5,
shanghai,0018241,0079582,2.2822545727731165,,3,
shanghai,0018242,0019849,4.396561700208985,,5,
shanghai,0018255,0150800,2.9616231358599094,,4,
shanghai,0018255,0150802,2.610986602218063,,3,
shanghai,0018269,0018329,2.031086470138061,,3,
shanghai,0018270,0182276,1.9249778753527573,,3,
shanghai,0018270,0018555,1.9029919529662258,,3,
shanghai,0018274,0082387,2.9311714228441343,,4,
shanghai,0018274,0018330,1.9359362779232796,,3,
shanghai,0018282,0068849,2.3790850054606074,,3,
shanghai,0018284,0160999,3.2234218106607773,,4,
shanghai,0018293,0035643,2.525982577782284,,3,
shanghai,0018300,0151227,2.5340053402695095,,3,
shanghai,0018303,0152499,1.9568107687649448,,3,
shanghai,0018317,0132655,2.573710443471427,,3,
shanghai,0018320,0019947,2.609314339616266,,3,
shanghai,0018320,0044625,3.3737642229456193,,4,
shanghai,0018329,0162024,2.6946500761388554,,3,
shanghai,0018331,0162017,2.7822790983403505,,5,
shanghai,0018331,0221301,2.593388727460758,,3,
shanghai,0018337,0020037,2.5785893468046055,,3,
shanghai,0018341,0150930,2.6408731857177266,,3,
shanghai,0018348,0068904,2.534677483301146,,3,
shanghai,0018349,0150970,3.6411213769468094,,4,
shanghai,0018368,0019850,2.3613508731943433,,3,
shanghai,0018371,0157308,2.6645640573082483,,3,
shanghai,0018373,0157497,1.938577912676388,,3,
shanghai,0018377,0021416,2.2110190859117593,,3,
shanghai,0018377,0018547,1.4289426868167452,,3,
shanghai,0018379,0128899,1.4430130351369086,,3,
shanghai,0018388,0019973,3.271098604788149,,4,
shanghai,0018392,0126785,2.271325914262441,,3,
shanghai,0018397,0145215,2.77048033482032,,3,
shanghai,0018397,0020026,2.656735770135134,,3,
shanghai,0018400,0188760,2.6917803134831284,,4,
shanghai,0018401,0069044,2.3820791754760315,,3,
shanghai,0018413,0157283,3.269644173637559,,4,
shanghai,0018414,0018539,1.7235041101342787,,3,
shanghai,0018420,0045438,5.137424151492024,,6,
shanghai,0018420,0069305,3.464975612821411,,4,
shanghai,0018420,0214809,2.8483617540276813,,3,
shanghai,0018420,0232014,2.4753121323188365,,3,
shanghai,0018420,0097034,2.3205680384148435,,3,
shanghai,0018420,0082182,2.049385509009512,,3,
shanghai,0018420,0082179,1.2756123551406087,,3,
shanghai,0018430,0019737,1.883738759161244,,3,
shanghai,0018433,0156127,2.5760675613116013,,3,
shanghai,0018435,0097064,4.528298127207025,,5,
shanghai,0018444,0161299,2.4340979933732525,,3,
shanghai,0018446,0227537,5.399672166698239,,6,
shanghai,0018448,0231059,2.7562203985191127,,3,
shanghai,0018449,0148149,5.298732580660976,,6,
shanghai,0018454,0035001,4.956530965446449,,6,
shanghai,0018458,0113261,2.4598494249249803,,3,
shanghai,0018462,0134395,2.5825086336188217,,4,
shanghai,0018464,0069200,2.6802214059621567,,3,
shanghai,0018466,0082814,2.436825673636591,,3,
shanghai,0018471,0018498,2.360978288716711,,3,
shanghai,0018502,0069416,2.4966923649673545,,3,
shanghai,0018519,0186790,2.5138086863432223,,4,
shanghai,0018537,0097064,2.6126905305526433,,3,
shanghai,0018539,0035499,6.29207568519999,,7,
shanghai,0018539,0152917,2.80595267029887,,3,
shanghai,0018539,0020166,2.5020935825335893,,3,
shanghai,0018572,0018606,2.71249705883425,,4,
shanghai,0018576,0018608,2.3369629946896886,,3,
shanghai,0018577,0018606,2.4336944629199952,,3,
shanghai,0018578,0018608,2.6508446182236236,,4,
shanghai,0018579,0018606,3.3725625819658496,,5,
shanghai,0018579,0036769,2.621101795947336,,3,
shanghai,0018582,0018606,2.117051198946016,,3,
shanghai,0018585,0018606,2.4864617825277833,,3,
shanghai,0018586,0018608,3.1412339073677193,,4,
shanghai,0018586,0070167,3.6236156227236096,,5,
shanghai,0018588,0018608,4.816681002417019,,7,
shanghai,0018590,0018606,7.393899347712399,,9,
shanghai,0018590,0036769,2.6211271697707446,,3,
shanghai,0018591,0018606,4.419350603143567,,6,
shanghai,0018591,0018609,1.9556306952429179,,3,
shanghai,0018592,0018606,9.802731884162885,,12,
shanghai,0018592,0018609,2.684493261556863,,4,
shanghai,0018593,0018608,3.369375089219081,,4,
shanghai,0018594,0018608,3.904147568322411,,5,
shanghai,0018596,0018608,2.985109538321426,,4,
shanghai,0018596,0070167,2.725058574672017,,3,
shanghai,0018597,0018608,2.7697439636927905,,4,
shanghai,0018599,0018606,2.984726306075733,,4,
shanghai,0018599,0068817,3.2573812848375807,,4,
shanghai,0018605,0018609,1.9044721613993,,3,
shanghai,0018606,0018614,3.286569872946707,,4,
shanghai,0018606,0018609,2.4814120708122998,,3,
shanghai,0018606,0186505,2.3110596531815295,,3,
shanghai,0018607,0018608,3.008504844671781,,5,
shanghai,0018608,0018610,5.355573243477217,,7,
shanghai,0018608,0018611,2.4893778478090507,,4,
shanghai,0018614,0186505,2.868837291347054,,3,
shanghai,0018615,0019001,2.0615723221698565,,4,
shanghai,0018619,0018649,2.40833631742418,,3,
shanghai,0018619,0018620,2.1105236627132,,3,
shanghai,0018619,0018634,2.0532675349838794,,3,
shanghai,0018619,0018647,1.956324098603,,3,
shanghai,0018620,0018649,3.5704778101207455,,4,
shanghai,0018636,0018654,2.3230884323816525,,3,
shanghai,0018639,0207882,1.968237521969892,,3,
shanghai,0018640,0018647,2.1018902886515827,,3,
shanghai,0018662,0018679,2.4293943116643764,,3,
shanghai,0018672,0018681,3.108777327434683,,4,
shanghai,0018676,0018681,2.004560805693872,,3,
shanghai,0018676,0018691,2.7387905833886537,,3,
shanghai,0018682,0109511,1.9208326124379647,,3,
shanghai,0018695,0068820,2.6107227905987855,,3,
shanghai,0018713,0018723,2.4373977230071233,,4,
shanghai,0018713,0066560,1.2267706689881566,,3,
shanghai,0018713,0059462,1.0229457882258384,,3,
shanghai,0018713,0066550,0.8965791868493603,,3,
shanghai,0018714,0018717,4.159676082158535,,6,
shanghai,0018714,0018719,3.179132630430654,,4,
shanghai,0018714,0018724,2.9413861151367042,,4,
shanghai,0018714,0066536,2.1291316791370867,,4,
shanghai,0018714,0066542,1.7651261956577833,,4,
shanghai,0018714,0066551,1.3556810359203362,,3,
shanghai,0018714,0066541,1.1221034729589272,,3,
shanghai,0018714,0066555,1.0684222193551884,,3,
shanghai,0018715,0059462,2.185098700531384,,5,
shanghai,0018715,0066560,1.6132442536096,,4,
shanghai,0018715,0066555,1.5099174473127883,,3,
shanghai,0018715,0066561,1.5040783783307123,,3,
shanghai,0018715,0066563,1.085328298235246,,3,
shanghai,0018715,0066558,0.7840311174317516,,3,
shanghai,0018717,0059462,0.9972142500680694,,3,
shanghai,0018717,0066560,1.9131747950807387,,3,
shanghai,0018717,0066554,1.8193695455850303,,3,
shanghai,0018717,0066561,1.6900575750388396,,3,
shanghai,0018717,0066559,1.2289781190021647,,3,
shanghai,0018719,0018724,2.3097547515713144,,3,
shanghai,0018723,0066540,1.527566689112176,,3,
shanghai,0018723,0205107,0.7893272123295196,,3,
shanghai,0018724,0059462,4.175727507596639,,8,
shanghai,0018724,0066536,3.7437642098511796,,7,
shanghai,0018724,0205108,2.2863349307078242,,5,
shanghai,0018724,0066553,2.158787183118955,,5,
shanghai,0018724,0066561,1.7090098499308388,,3,
shanghai,0018724,0066542,1.529589922033927,,3,
shanghai,0018724,0066541,1.3627745906969715,,3,
shanghai,0018724,0066540,1.0225024936957396,,3,
shanghai,0018725,0018728,3.273197848821637,,5,
shanghai,0018726,0089311,3.9572217237823306,,5,
shanghai,0018726,0018728,2.294492330902377,,3,
shanghai,0018726,0146713,1.8984966398677536,,3,
shanghai,0018726,0021647,1.8579141674005164,,3,
shanghai,0018726,0054409,1.7922764267388578,,3,
shanghai,0018726,0059508,1.6965576932442692,,3,
shanghai,0018726,0117571,1.6565038854301384,,3,
shanghai,0018726,0090920,1.6319257281116852,,3,
shanghai,0018726,0089692,1.2548774156396982,,3,
shanghai,0018727,0109307,1.685924846681445,,3,
shanghai,0018727,0040446,1.2134729113047793,,3,
shanghai,0018728,0146713,2.9065197353386627,,7,
shanghai,0018728,0118860,2.852318171257539,,4,
shanghai,0018728,0054409,2.6075228607841,,4,
shanghai,0018728,0089311,2.195649419191414,,3,
shanghai,0018728,0040346,2.1347758982497003,,5,
shanghai,0018728,0090922,1.4167542673119282,,3,
shanghai,0018728,0117571,1.0890813296653241,,3,
shanghai,0018729,0085530,1.4406090922519468,,3,
shanghai,0018735,0018741,3.6765985336352056,,5,
shanghai,0018735,0194435,3.1158223445552373,,4,
shanghai,0018743,0083409,3.4145529573714706,,6,
shanghai,0018743,0089694,3.3234437788781177,,7,
shanghai,0018743,0117378,1.2774307354139722,,3,
shanghai,0018743,0153920,2.5546197782208386,,6,
shanghai,0018743,0042737,2.0386589053341595,,3,
shanghai,0018743,0101572,2.0365926292830636,,3,
shanghai,0018743,0018744,1.566565033420029,,3,
shanghai,0018743,0142966,1.4733309827964214,,4,
shanghai,0018743,0039843,1.3633763604540954,,3,
shanghai,0018743,0101552,1.0271643835834747,,3,
shanghai,0018744,0083409,2.1531107104228595,,3,
shanghai,0018744,0101567,1.5661544374531187,,3,
shanghai,0018744,0101558,1.5274018880663338,,3,
shanghai,0018745,0083409,3.5070901525080833,,4,
shanghai,0018745,0101562,1.118722685187595,,3,
shanghai,0018747,0101624,1.4168355885598944,,3,
shanghai,0018748,0055719,1.5889879279077932,,3,
shanghai,0018779,0109519,1.5272814779798014,,4,
shanghai,0018779,0018784,4.223718682653365,,5,
shanghai,0018779,0018969,2.1163466712733254,,4,
shanghai,0018779,0146721,2.094913331219473,,3,
shanghai,0018779,0047944,1.5463096704051806,,3,
shanghai,0018779,0084705,1.4673095934336988,,3,
shanghai,0018779,0147749,1.4331686906994898,,3,
shanghai,0018779,0018783,1.1800246883904384,,3,
shanghai,0018779,0018962,1.0468897618104873,,3,
shanghai,0018782,0047921,1.3844750703343653,,3,
shanghai,0018783,0109519,1.760129079716088,,4,
shanghai,0018783,0041455,1.3066887081919425,,3,
shanghai,0018789,0018800,2.765646339661349,,3,
shanghai,0018789,0075006,2.5779942590181766,,3,
shanghai,0018789,0018791,2.257087493045051,,3,
shanghai,0018789,0018790,1.52972182625978,,3,
shanghai,0018789,0089010,1.1318422974611204,,3,
shanghai,0018790,0075007,2.54907800104075,,3,
shanghai,0018791,0089010,3.211121791622653,,4,
shanghai,0018792,0075007,2.75674925777579,,3,
shanghai,0018800,0075006,2.059959379438868,,3,
shanghai,0018810,0198027,2.696546482670361,,4,
shanghai,0018819,0018821,2.3692531052934456,,3,
shanghai,0018821,0018849,6.774941811627374,,9,
shanghai,0018821,0018854,3.637666329936534,,5,
shanghai,0018821,0018839,2.955925379560604,,4,
shanghai,0018821,0018833,2.819686407875144,,4,
shanghai,0018821,0018857,2.680562132394156,,4,
shanghai,0018821,0018842,2.0850978788229555,,3,
shanghai,0018833,0018854,2.374656726109908,,3,
shanghai,0018833,0018856,2.2847842150841244,,4,
shanghai,0018833,0018849,2.0265971724441716,,3,
shanghai,0018833,0018842,1.5648863946685547,,3,
shanghai,0018865,0020549,2.226525265130803,,4,
shanghai,0018867,0020549,4.75714087918656,,9,
shanghai,0018867,0049827,3.7239072323370785,,4,
shanghai,0018870,0020548,2.009584740630365,,4,
shanghai,0018871,0020549,4.779281757768073,,10,
shanghai,0018871,0018881,2.2516309472058436,,3,
shanghai,0018876,0049827,2.8457061243163055,,3,
shanghai,0018877,0020549,4.192626524354158,,9,
shanghai,0018877,0020548,1.6493638583644694,,3,
shanghai,0018878,0020548,1.3201012292930532,,3,
shanghai,0018880,0020549,3.0160345154976334,,7,
shanghai,0018880,0020548,2.244048713531079,,4,
shanghai,0018880,0020552,1.5749594298107799,,3,
shanghai,0018881,0020549,3.8628358818295494,,7,
shanghai,0018881,0020548,1.7507114349698236,,4,
shanghai,0018881,0020551,1.0924607515786002,,3,
shanghai,0018882,0020549,1.6468275631329399,,4,
shanghai,0018882,0020548,2.5051323086667177,,5,
shanghai,0018882,0020552,1.752944762353214,,4,
shanghai,0018883,0020549,2.2871919019613074,,4,
shanghai,0018962,0018972,2.4351114114937067,,4,
shanghai,0018963,0019001,2.1495728949520316,,3,
shanghai,0018963,0018972,2.8712939355963836,,4,
shanghai,0018963,0018974,1.9630060735521981,,3,
shanghai,0018972,0019001,1.8606795677305357,,3,
shanghai,0019021,0117100,2.394616799777161,,4,
shanghai,0019021,0235081,1.8029123741892792,,4,
shanghai,0019021,0117101,1.0920701914407749,,3,
shanghai,0019023,0085811,1.2127204770653033,,3,
shanghai,0019027,0019039,2.3493248402085896,,3,
shanghai,0019031,0238012,2.1005106863100957,,3,
shanghai,0019033,0238012,1.691416702249981,,3,
shanghai,0019045,0028918,2.856072167886074,,3,
shanghai,0019046,0028918,2.895606802263683,,3,
shanghai,0019057,0028918,2.896007306855772,,3,
shanghai,0019074,0019094,2.585427158034135,,3,
shanghai,0019075,0068812,2.5112702966888913,,3,
shanghai,0019076,0236337,3.87019074047336,,4,
shanghai,0019077,0019094,2.625713116417448,,3,
shanghai,0019077,0236337,2.8899333402439034,,3,
shanghai,0019079,0019094,3.4091493973982425,,5,
shanghai,0019081,0019094,3.144390138266837,,5,
shanghai,0019085,0019094,7.074002809938969,,11,
shanghai,0019086,0019094,3.15861841890578,,5,
shanghai,0019087,0019094,3.994292139292365,,6,
shanghai,0019088,0019094,3.7266419308210335,,7,
shanghai,0019090,0019094,2.6388989057945174,,3,
shanghai,0019091,0019094,1.4822445653032226,,3,
shanghai,0019092,0019094,4.5607555678768525,,8,
shanghai,0019092,0236337,2.87890710639544,,3,
shanghai,0019093,0019094,6.439311288830194,,9,
shanghai,0019094,0019095,4.159288405781002,,6,
shanghai,0019094,0019097,3.2157426634811452,,5,
shanghai,0019094,0019096,2.6684385662018673,,4,
shanghai,0019097,0201697,2.0857081718659645,,3,
shanghai,0019104,0019105,2.8921186182312955,,3,
shanghai,0019184,0068245,2.1377854949340422,,3,
shanghai,0019233,0125467,3.263790760583737,,4,
shanghai,0019233,0069852,2.3511354540274665,,3,
shanghai,0019265,0019267,2.9436086614402743,,3,
shanghai,0019265,0083493,1.9042513273643156,,3,
shanghai,0019266,0019267,3.8582526617949324,,4,
shanghai,0019269,0075014,1.6812011865996954,,3,
shanghai,0019270,0089361,1.9123875280412506,,3,
shanghai,0019270,0019271,4.494897172000629,,5,
shanghai,0019270,0019276,2.80054240337893,,3,
shanghai,0019270,0089741,1.4976122551636253,,3,
shanghai,0019271,0089361,2.4793028875490837,,3,
shanghai,0019271,0019276,4.165646181259149,,5,
shanghai,0019271,0020122,2.420034118158287,,3,
shanghai,0019271,0089741,2.220850240094128,,3,
shanghai,0019273,0036687,2.3498033761211206,,3,
shanghai,0019273,0019275,4.079463585019212,,5,
shanghai,0019273,0036686,2.4515179565407728,,3,
shanghai,0019274,0036687,4.620505233537867,,7,
shanghai,0019274,0129232,2.6668696215305436,,3,
shanghai,0019275,0231967,4.501609866536253,,5,
shanghai,0019284,0019300,2.866391707682072,,5,
shanghai,0019285,0019300,3.30350703221816,,5,
shanghai,0019285,0071333,2.654191715065979,,3,
shanghai,0019286,0071333,2.7591423084120517,,3,
shanghai,0019298,0019300,2.2513876471670575,,3,
shanghai,0019298,0071333,3.6168543674585214,,4,
shanghai,0019300,0019313,2.547190625003314,,5,
shanghai,0019333,0177578,1.0414685008549702,,3,
shanghai,0019333,0019336,2.2655873149200554,,4,
shanghai,0019334,0019336,5.453612951468694,,7,
shanghai,0019334,0035640,2.224445449960288,,3,
shanghai,0019334,0118436,1.7972838351535496,,5,
shanghai,0019334,0164990,1.623430034954457,,4,
shanghai,0019336,0147706,1.3076048631062496,,4,
shanghai,0019336,0084656,2.4300451186316465,,4,
shanghai,0019336,0035640,2.1907404698055712,,3,
shanghai,0019336,0077132,1.9301380056984903,,4,
shanghai,0019336,0084710,1.613479146614964,,3,
shanghai,0019336,0177614,1.528130210848099,,3,
shanghai,0019358,0058473,3.108062015017927,,5,
shanghai,0019358,0146783,2.45451586415811,,4,
shanghai,0019358,0103268,2.067469544872555,,3,
shanghai,0019358,0019359,2.007411053776293,,3,
shanghai,0019358,0103297,2.0030730286594913,,3,
shanghai,0019358,0087574,1.9867991879990472,,4,
shanghai,0019358,0103275,1.9546612933151084,,4,
shanghai,0019358,0103293,1.8681485292963607,,3,
shanghai,0019358,0103301,1.7359172733516561,,4,
shanghai,0019358,0103287,1.7061145092010277,,3,
shanghai,0019358,0103311,1.617766054744679,,3,
shanghai,0019358,0103305,1.4286134657747565,,3,
shanghai,0019358,0103290,1.3767478346748148,,3,
shanghai,0019358,0040448,1.3708264290875063,,3,
shanghai,0019358,0040421,1.116617710121057,,3,
shanghai,0019359,0118985,3.491545284955377,,6,
shanghai,0019359,0040421,2.3542202652800976,,6,
shanghai,0019359,0103312,1.8888815617169135,,4,
shanghai,0019359,0146783,1.8530478078115231,,4,
shanghai,0019359,0103273,1.6413935506941333,,3,
shanghai,0019359,0040448,1.5790149324868985,,3,
shanghai,0019359,0103308,1.3272780032588436,,3,
shanghai,0019359,0088328,1.1362830649135367,,3,
shanghai,0019363,0019374,6.233332534602553,,8,
shanghai,0019363,0068806,3.1358697697572016,,4,
shanghai,0019363,0152756,2.6749209102993228,,3,
shanghai,0019365,0019374,4.938145131278012,,6,
shanghai,0019372,0019374,3.3081096958399914,,4,
shanghai,0019374,0019393,2.3916287482961014,,3,
shanghai,0019374,0019378,2.3004119129964407,,3,
shanghai,0019374,0019375,2.1631252368446874,,3,
shanghai,0019374,0019376,2.1153083051177246,,3,
shanghai,0019433,0117570,1.4454277091452417,,4,
shanghai,0019433,0059170,1.9760029567331636,,3,
shanghai,0019433,0040347,1.6120139266186706,,3,
shanghai,0019434,0040446,1.41879929066069,,3,
shanghai,0019437,0164990,0.9158697653248151,,3,
shanghai,0019437,0084661,1.6176029526705595,,3,
shanghai,0019437,0235704,0.9758937997435653,,3,
shanghai,0019438,0234889,2.2854938360100485,,3,
shanghai,0019438,0118187,1.507704371178,,3,
shanghai,0019632,0096291,2.677975350135176,,3,
shanghai,0019649,0147748,1.7537634872093673,,3,
shanghai,0019650,0147744,1.6970787549009902,,3,
shanghai,0019653,0060542,1.7357261814956537,,3,
shanghai,0019655,0132637,2.6693384808904543,,3,
shanghai,0019659,0132708,3.6261328886669926,,4,
shanghai,0019687,0125461,2.030494077063674,,3,
shanghai,0019689,0125461,3.3701202898764038,,4,
shanghai,0019689,0152370,2.144438864379882,,3,
shanghai,0019707,0019709,2.8182848175416644,,3,
shanghai,0019715,0019717,2.154450048064848,,3,
shanghai,0019732,0068269,2.665835158307621,,3,
shanghai,0019745,0068209,2.4025707213971517,,3,
shanghai,0019745,0035863,2.265527069190001,,3,
shanghai,0019755,0036014,3.5457215280161183,,4,
shanghai,0019779,0019780,2.8101661484563056,,4,
shanghai,0019782,0019783,2.046647863668984,,3,
shanghai,0019790,0175181,3.3973275585194265,,4,
shanghai,0019792,0175181,2.655900683267282,,3,
shanghai,0019800,0154555,2.7084202318712514,,3,
shanghai,0019809,0125449,2.2533406375469687,,3,
shanghai,0019812,0019813,1.9300525124293095,,3,
shanghai,0019816,0019817,2.8757299576709214,,3,
shanghai,0019823,0096937,2.395851240669254,,3,
shanghai,0019824,0121021,2.431017181826755,,3,
shanghai,0019826,0050484,2.617342511389852,,3,
shanghai,0019833,0128899,2.9465588812742194,,4,
shanghai,0019834,0232047,2.701071623987722,,3,
shanghai,0019836,0147908,2.1502968607198767,,3,
shanghai,0019841,0149305,2.339046006617409,,3,
shanghai,0019841,0157376,2.2011262112533436,,3,
shanghai,0019849,0019850,2.2885799668481175,,3,
shanghai,0019850,0152719,3.6165770251110114,,4,
shanghai,0019850,0068252,3.169785110413521,,5,
shanghai,0019863,0064548,2.6452565098823833,,3,
shanghai,0019866,0113345,2.1514822244565286,,3,
shanghai,0019866,0060717,2.0728764130153716,,3,
shanghai,0019867,0213568,2.66690652759897,,3,
shanghai,0019868,0060717,3.6871217192364165,,4,
shanghai,0019868,0113345,2.121460341987037,,3,
shanghai,0019873,0113262,2.108861809687996,,3,
shanghai,0019874,0232041,3.5171299527216187,,4,
shanghai,0019880,0097083,3.6273618189035033,,4,
shanghai,0019898,0019899,2.724520668599939,,4,
shanghai,0019900,0089035,2.5247649160192176,,3,
shanghai,0019907,0096964,2.007030723374288,,3,
shanghai,0019940,0019961,2.180095771736428,,4,
shanghai,0019942,0096534,2.4774766381495135,,3,
shanghai,0019948,0097083,2.5109713035387426,,3,
shanghai,0019948,0128920,3.125864185902738,,4,
shanghai,0019969,0055085,2.860601669862018,,4,
shanghai,0019979,0020013,3.073009940259031,,4,
shanghai,0019979,0235088,1.7669130435458604,,3,
shanghai,0019979,0020845,1.6012015146505822,,3,
shanghai,0019988,0182613,2.571872839353105,,3,
shanghai,0019992,0019993,2.620807825687923,,3,
shanghai,0019994,0049933,2.417270640694542,,3,
shanghai,0019995,0019998,1.4225144394067997,,3,
shanghai,0019995,0164207,1.3643757845637712,,3,
shanghai,0020000,0146523,2.3717815291755713,,3,
shanghai,0020013,0020844,2.3793314840376807,,3,
shanghai,0020014,0020845,2.7480462714331146,,4,
shanghai,0020020,0036586,3.4308680148454376,,4,
shanghai,0020034,0068273,2.2280613761396504,,3,
shanghai,0020050,0035384,2.6479451483027567,,3,
shanghai,0020081,0125449,4.620212979993384,,5,
shanghai,0020081,0021588,3.9604197108685693,,5,
shanghai,0020081,0021587,2.4580984954342764,,3,
shanghai,0020081,0096611,1.9943513878526484,,3,
shanghai,0020081,0089189,1.8618913208448378,,3,
shanghai,0020113,0020114,2.2724231155554553,,3,
shanghai,0020116,0132723,2.15613443829286,,3,
shanghai,0020127,0112183,2.428287146354097,,3,
shanghai,0020148,0020151,2.927854847076011,,3,
shanghai,0020148,0036051,2.3079016697027868,,3,
shanghai,0020149,0143173,1.9987192894161825,,3,
shanghai,0020153,0143173,4.097482589226459,,5,
shanghai,0020162,0096958,2.091661809216973,,3,
shanghai,0020189,0020846,1.4053289633068453,,3,
shanghai,0020192,0020846,2.6948064062374564,,4,
shanghai,0020194,0020844,2.1254413102930485,,3,
shanghai,0020219,0020223,8.596062104509429,,9,
shanghai,0020222,0035200,3.3752817230934946,,4,
shanghai,0020222,0035203,4.651759306064424,,5,
shanghai,0020222,0035191,3.701745124263377,,4,
shanghai,0020222,0035194,2.466891504081051,,3,
shanghai,0020222,0035192,2.801269821382234,,3,
shanghai,0020222,0035201,2.7847117040857414,,3,
shanghai,0020223,0112097,9.550391541147016,,11,
shanghai,0020223,0035496,3.479723590545559,,4,
shanghai,0020223,0044189,2.28786100479932,,4,
shanghai,0020262,0089316,2.37963374412681,,3,
shanghai,0020262,0035642,3.0194041048847065,,4,
shanghai,0020262,0235339,1.9023745456206185,,3,
shanghai,0020311,0234894,0.8957206895795681,,3,
shanghai,0020311,0087650,1.936859294729835,,3,
shanghai,0020311,0074996,1.2515742214324397,,3,
shanghai,0020313,0078819,3.2768061039002125,,6,
shanghai,0020313,0078820,2.415630750506624,,3,
shanghai,0020313,0100728,0.9783414045427645,,3,
shanghai,0020313,0234894,0.8631990963253249,,3,
shanghai,0020313,0070285,2.413337406786702,,3,
shanghai,0020313,0086462,1.9420860406486287,,3,
shanghai,0020316,0078820,2.413467789791767,,4,
shanghai,0020316,0086152,1.7608097777614398,,3,
shanghai,0020316,0112499,5.9246217312804275,,7,
shanghai,0020316,0020317,3.3831224076727824,,4,
shanghai,0020316,0117519,1.3610747539538774,,3,
shanghai,0020316,0061205,0.8817649233520439,,3,
shanghai,0020317,0020319,2.0951624315122066,,3,
shanghai,0020319,0234894,2.5150356475313336,,5,
shanghai,0020320,0078820,2.210955559952392,,5,
shanghai,0020320,0074996,2.359451837937905,,3,
shanghai,0020320,0020323,2.8430126603873065,,4,
shanghai,0020320,0089310,2.007891816469332,,3,
shanghai,0020321,0112499,3.610885655948184,,4,
shanghai,0020321,0087650,2.763734495640824,,5,
shanghai,0020321,0075734,2.611349537390194,,3,
shanghai,0020321,0078819,1.9804340143699544,,3,
shanghai,0020321,0070285,1.9602739655404242,,3,
shanghai,0020321,0087651,1.4153344500714142,,3,
shanghai,0020323,0086152,1.3934420497738982,,3,
shanghai,0020323,0112499,2.708438970335412,,3,
shanghai,0020323,0075734,2.5688834235770672,,3,
shanghai,0020325,0078819,2.209469440323357,,3,
shanghai,0020325,0086152,1.7144646361508358,,3,
shanghai,0020325,0070285,2.958076478731632,,4,
shanghai,0020325,0112499,3.8296601533107832,,5,
shanghai,0020325,0087652,2.579911388802359,,5,
shanghai,0020335,0153921,1.3275618927347776,,3,
shanghai,0020385,0120060,3.458137050397716,,4,
shanghai,0020385,0109526,2.8548294149727815,,4,
shanghai,0020385,0083495,1.918595431542768,,3,
shanghai,0020387,0109526,2.0617001334717253,,3,
shanghai,0020390,0120060,2.8103736516627387,,3,
shanghai,0020393,0020394,2.168252612635583,,3,
shanghai,0020394,0109526,2.1246937016208363,,4,
shanghai,0020394,0120060,9.651474730968859,,11,
shanghai,0020394,0086669,2.903744626087433,,5,
shanghai,0020394,0143645,2.5419959942807493,,3,
shanghai,0020439,0109576,2.039339756854787,,3,
shanghai,0020454,0044685,3.8390714718987313,,4,
shanghai,0020482,0021496,2.9712442098579803,,5,
shanghai,0020609,0035640,4.01223892095143,,5,
shanghai,0020609,0175480,2.1646597370913128,,3,
shanghai,0020658,0239571,3.283487947764941,,4,
shanghai,0020664,0076555,2.3881169943939584,,3,
shanghai,0020690,0044820,3.610288153289095,,4,
shanghai,0020708,0076555,2.1900869852946303,,3,
shanghai,0020723,0020745,1.611492314579073,,3,
shanghai,0020723,0205281,1.2171446508367498,,3,
shanghai,0020728,0020745,1.9312148949522823,,3,
shanghai,0020761,0020778,2.015393673558778,,3,
shanghai,0020778,0020808,1.4689954670802843,,3,
shanghai,0020829,0070150,2.0720423730320494,,3,
shanghai,0020844,0235088,2.2083805117782314,,4,
shanghai,0020844,0037220,3.497342098706731,,5,
shanghai,0020844,0041417,2.885542369460391,,5,
shanghai,0020844,0075012,2.699988170512844,,4,
shanghai,0020844,0235089,2.0816407982650817,,3,
shanghai,0020844,0041416,1.8962516001284169,,3,
shanghai,0020844,0041418,1.8402615108278595,,3,
shanghai,0020845,0235089,5.206032223492142,,9,
shanghai,0020845,0235088,4.775767371620216,,8,
shanghai,0020845,0069598,4.285221656675855,,5,
shanghai,0020845,0155458,4.177252316424909,,5,
shanghai,0020845,0146724,4.126520452256528,,5,
shanghai,0020845,0041416,3.8143395246563108,,7,
shanghai,0020845,0146762,2.3153836694148024,,3,
shanghai,0020845,0087381,2.041639688376211,,3,
shanghai,0020845,0040834,1.9862198459923108,,3,
shanghai,0020845,0041417,1.729093211221914,,3,
shanghai,0020845,0036643,1.556904777443664,,3,
shanghai,0020845,0075012,1.4897942459751183,,3,
shanghai,0020846,0235088,5.34076126033816,,8,
shanghai,0020846,0235089,3.9721838879066644,,6,
shanghai,0020846,0155458,3.179942507978356,,5,
shanghai,0020846,0075012,2.865025706622566,,4,
shanghai,0020846,0040834,2.6005642471868877,,4,
shanghai,0020846,0088046,1.9995832884576799,,4,
shanghai,0020846,0089335,1.9753306649843956,,3,
shanghai,0020846,0041416,1.8150066951499373,,3,
shanghai,0020847,0235089,3.360321816025557,,5,
shanghai,0020848,0235088,1.9814860067589275,,4,
shanghai,0020848,0155458,2.8338594415433302,,4,
shanghai,0020899,0209540,2.714704241752422,,3,
shanghai,0020927,0069808,2.421560674652452,,3,
shanghai,0020938,0020964,2.7119603388375553,,5,
shanghai,0020938,0132701,1.5892902772205164,,3,
shanghai,0020964,0020969,1.8519235009631334,,3,
shanghai,0020999,0089187,2.318380020735339,,3,
shanghai,0020999,0109525,1.5881859344284563,,3,
shanghai,0021012,0089187,2.3029759273488133,,4,
shanghai,0021014,0069707,4.131181834869719,,6,
shanghai,0021014,0119035,1.5812001978181591,,4,
shanghai,0021039,0118854,1.863748768222564,,3,
shanghai,0021042,0084486,1.3975024786146377,,3,
shanghai,0021045,0042776,0.8997921435946279,,3,
shanghai,0021049,0093920,1.7851263475998813,,3,
shanghai,0021079,0042776,1.9693964393411758,,3,
shanghai,0021099,0044153,2.2671138939494297,,3,
shanghai,0021103,0109542,2.4371641876345107,,3,
shanghai,0021110,0169089,2.8066910941736958,,3,
shanghai,0021115,0201346,2.22207352515663,,3,
shanghai,0021126,0044153,1.9004243879866567,,3,
shanghai,0021148,0112182,3.650633916725788,,4,
shanghai,0021150,0173006,2.533849874221454,,4,
shanghai,0021150,0084267,2.0838659603788834,,4,
shanghai,0021150,0234596,1.1998944312794322,,3,
shanghai,0021157,0021171,2.2952910824144848,,4,
shanghai,0021158,0084683,1.0337801132045386,,3,
shanghai,0021158,0109126,1.0112266863168748,,3,
shanghai,0021168,0069567,2.64711024801282,,3,
shanghai,0021171,0109126,2.1439520422397744,,3,
shanghai,0021223,0022321,2.1648730082482652,,4,
shanghai,0021223,0022309,1.682914387835488,,3,
shanghai,0021223,0022319,1.3807032422260683,,3,
shanghai,0021223,0022340,1.3240792460012931,,3,
shanghai,0021223,0022344,0.8971139051980853,,3,
shanghai,0021224,0022309,2.180470399894202,,4,
shanghai,0021224,0021226,2.5173169808874545,,3,
shanghai,0021224,0022331,1.2728785017915385,,3,
shanghai,0021225,0022311,1.5853200067967748,,3,
shanghai,0021225,0022347,1.5285744045652558,,3,
shanghai,0021225,0022299,1.4465891379221578,,3,
shanghai,0021225,0022327,0.8628354809025685,,3,
shanghai,0021226,0022321,1.6002257949764953,,3,
shanghai,0021226,0022307,1.6422634439728494,,4,
shanghai,0021228,0021275,8.09053091138816,,9,
shanghai,0021228,0021273,5.85039705615982,,23,
shanghai,0021228,0082001,5.087354122157512,,6,
shanghai,0021228,0021274,4.335399598462504,,6,
shanghai,0021228,0082002,3.2119752179508607,,4,
shanghai,0021229,0021275,4.393851842412619,,5,
shanghai,0021231,0021275,5.170007718128401,,7,
shanghai,0021231,0082002,3.156374171955929,,4,
shanghai,0021233,0021273,5.261726957709711,,19,
shanghai,0021233,0021274,4.251038739177298,,5,
shanghai,0021233,0082001,2.892805215841604,,4,
shanghai,0021233,0082002,5.150438864688755,,7,
shanghai,0021234,0021273,6.035958071997919,,18,
shanghai,0021234,0021275,6.1942992365120135,,7,
shanghai,0021235,0021273,7.192634570740801,,23,
shanghai,0021235,0082001,5.50479586917943,,7,
shanghai,0021235,0082002,3.918276486137759,,5,
shanghai,0021238,0021275,5.143323037496263,,7,
shanghai,0021241,0021274,3.4420134046173985,,4,
shanghai,0021241,0082001,3.204667535729252,,4,
shanghai,0021244,0021274,3.538625250884623,,4,
shanghai,0021244,0082000,2.579386501208356,,3,
shanghai,0021244,0082002,2.7972493082769523,,4,
shanghai,0021246,0082002,2.475456449745918,,3,
shanghai,0021247,0021273,5.61463810007337,,22,
shanghai,0021247,0021274,5.130302262197296,,6,
shanghai,0021247,0021275,6.547405335572712,,8,
shanghai,0021247,0082000,3.235322045773004,,4,
shanghai,0021247,0082001,5.715593197838162,,7,
shanghai,0021249,0082002,3.5262842594572774,,5,
shanghai,0021250,0082000,3.166518075379562,,5,
shanghai,0021252,0021273,8.816710827664428,,25,
shanghai,0021252,0021274,5.583683664085748,,6,
shanghai,0021252,0021275,11.280888723730376,,13,
shanghai,0021252,0082000,3.9560280533116488,,5,
shanghai,0021252,0082002,6.55084951302889,,8,
shanghai,0021253,0021273,5.7816274300647645,,20,
shanghai,0021253,0021274,3.4958551196429726,,5,
shanghai,0021253,0082002,3.1659888777626053,,4,
shanghai,0021254,0021273,9.045802332027568,,27,
shanghai,0021254,0021274,8.219060262370956,,9,
shanghai,0021254,0021275,7.246240405624143,,9,
shanghai,0021254,0082000,7.629309381424201,,10,
shanghai,0021254,0082001,4.041591819237787,,6,
shanghai,0021254,0082002,5.871927523183159,,8,
shanghai,0021254,0021261,1.6164475266679879,,3,
shanghai,0021256,0082000,4.557674495435551,,6,
shanghai,0021256,0082001,2.9947030450525443,,4,
shanghai,0021259,0082001,3.15515377828498,,4,
shanghai,0021260,0082001,3.0020525470971826,,4,
shanghai,0021261,0021273,5.512704667260141,,15,
shanghai,0021261,0082001,2.651723446718815,,4,
shanghai,0021263,0021274,4.5362507151503895,,5,
shanghai,0021265,0021273,7.561601451215141,,24,
shanghai,0021265,0021274,4.847396572606907,,6,
shanghai,0021265,0021275,8.409765782581873,,10,
shanghai,0021265,0082000,2.9345254336238744,,4,
shanghai,0021266,0021273,10.501407377545503,,37,
shanghai,0021266,0021274,5.290139668970727,,6,
shanghai,0021266,0021275,11.406262248676889,,14,
shanghai,0021266,0082001,4.000739660553562,,5,
shanghai,0021269,0021273,14.540068669203748,,42,
shanghai,0021269,0021274,5.321076378968925,,6,
shanghai,0021269,0021275,16.080803083110247,,19,
shanghai,0021269,0082000,9.90074382150057,,12,
shanghai,0021269,0082001,7.421495379913715,,9,
shanghai,0021269,0082002,4.958825676193303,,6,
shanghai,0021270,0021273,8.502766205614067,,28,
shanghai,0021270,0021274,7.110451832200924,,8,
shanghai,0021270,0021275,6.624880803332878,,8,
shanghai,0021270,0082000,4.790889638077062,,6,
shanghai,0021270,0082002,4.403689586058874,,5,
shanghai,0021273,0021274,14.412915289660992,,41,
shanghai,0021273,0021275,10.479130938367595,,29,
shanghai,0021274,0021276,3.488926560789946,,4,
shanghai,0021275,0021278,5.3460864976238005,,7,
shanghai,0021275,0021279,3.6867847657779325,,5,
shanghai,0021276,0082000,4.310313252087519,,5,
shanghai,0021276,0082002,2.8180506829401475,,4,
shanghai,0021277,0082000,2.8543893220803116,,4,
shanghai,0021278,0082000,5.7961769209124085,,7,
shanghai,0021279,0082000,2.501541428198221,,3,
shanghai,0021279,0082001,3.1151991167539403,,4,
shanghai,0021280,0082000,5.494081896202054,,7,
shanghai,0021280,0082001,3.463045306145416,,4,
shanghai,0021280,0082002,3.3886391556360054,,4,
shanghai,0021310,0215187,3.256794495630481,,4,
shanghai,0021390,0038910,3.149726392208198,,5,
shanghai,0021390,0072007,2.911933863589041,,4,
shanghai,0021390,0075000,2.734365400092657,,4,
shanghai,0021390,0109121,2.36712129868027,,3,
shanghai,0021390,0235085,2.033270029385354,,4,
shanghai,0021390,0117882,1.5239337236796202,,4,
shanghai,0021391,0072007,1.9675342912676974,,3,
shanghai,0021391,0109121,1.9178043102920168,,3,
shanghai,0021391,0117882,2.1575062991085363,,4,
shanghai,0021391,0117883,3.0875921662517474,,6,
shanghai,0021391,0058474,2.477144538500508,,3,
shanghai,0021391,0038908,2.1241877181250524,,4,
shanghai,0021391,0117884,1.6170370758272072,,3,
shanghai,0021391,0235695,1.3832275156600227,,3,
shanghai,0021391,0077148,1.28832031916266,,3,
shanghai,0021392,0117883,1.5097208860306197,,3,
shanghai,0021392,0038907,2.2896290777882404,,4,
shanghai,0021394,0072007,1.110254137783109,,3,
shanghai,0021394,0109121,2.0197245492233167,,3,
shanghai,0021394,0038908,2.162048253855625,,4,
shanghai,0021394,0117884,2.0035458648891176,,3,
shanghai,0021394,0038907,2.5201217223892285,,4,
shanghai,0021394,0146739,3.2445908519945275,,5,
shanghai,0021394,0038909,2.3387958811362246,,3,
shanghai,0021394,0193819,1.3275210910442508,,3,
shanghai,0021395,0109121,2.918822592744146,,4,
shanghai,0021395,0117883,1.761059650762348,,3,
shanghai,0021395,0117884,0.7586855572165968,,3,
shanghai,0021395,0090432,2.376804417227103,,4,
shanghai,0021396,0117883,2.193969450633027,,5,
shanghai,0021396,0235087,3.0811355474493025,,5,
shanghai,0021397,0075000,1.188510315611441,,4,
shanghai,0021397,0109121,2.304809877010343,,3,
shanghai,0021397,0235085,2.5490535967821972,,4,
shanghai,0021397,0077148,2.4787531015313244,,4,
shanghai,0021397,0146739,2.0800697700787296,,3,
shanghai,0021397,0090432,2.1634336315718654,,5,
shanghai,0021397,0235087,3.335794226355652,,5,
shanghai,0021397,0235126,2.1388199795145426,,4,
shanghai,0021397,0075453,1.7231092713582288,,3,
shanghai,0021397,0109120,1.3710051152323408,,3,
shanghai,0021398,0038907,2.1325336027144974,,3,
shanghai,0021398,0090432,2.421874033324258,,4,
shanghai,0021400,0235085,2.1226284054426867,,3,
shanghai,0021400,0117883,2.562420297401239,,4,
shanghai,0021400,0117884,2.075208255119227,,5,
shanghai,0021400,0038907,1.8657773308884855,,3,
shanghai,0021400,0074310,2.322648885263415,,4,
shanghai,0021400,0089622,1.6256281248641395,,3,
shanghai,0021403,0072007,1.5593111523001462,,3,
shanghai,0021403,0117884,1.597687496555195,,3,
shanghai,0021403,0074798,1.6561690484262424,,3,
shanghai,0021404,0072007,2.228922524429652,,4,
shanghai,0021404,0075000,4.16082258505552,,7,
shanghai,0021404,0109121,3.1655149927348005,,4,
shanghai,0021404,0117882,3.2202917841933463,,6,
shanghai,0021404,0235085,4.657424979546958,,10,
shanghai,0021404,0117883,2.60234533215831,,4,
shanghai,0021404,0117884,3.0986004280844477,,5,
shanghai,0021404,0235695,2.588733930833534,,3,
shanghai,0021404,0038909,2.535071989528303,,4,
shanghai,0021404,0235087,4.201407512400978,,7,
shanghai,0021404,0075453,3.5567223779565422,,6,
shanghai,0021404,0109120,2.0742419455627976,,3,
shanghai,0021404,0074310,2.5009436448349307,,4,
shanghai,0021404,0074774,2.6643829638978076,,4,
shanghai,0021404,0041440,2.1829900788047985,,5,
shanghai,0021463,0169283,2.0227046889577016,,3,
shanghai,0021505,0021508,1.3876247721103778,,3,
shanghai,0021506,0031820,3.389991580969673,,5,
shanghai,0021506,0031818,2.5863076257810933,,4,
shanghai,0021506,0031817,2.1075697154760187,,3,
shanghai,0021506,0044185,1.4748199796182266,,3,
shanghai,0021507,0031817,1.798805592029991,,3,
shanghai,0021507,0031818,1.9059762905616204,,3,
shanghai,0021507,0143423,1.8249718256764533,,3,
shanghai,0021508,0031817,4.955369440370497,,8,
shanghai,0021508,0031818,3.0577244067857503,,6,
shanghai,0021508,0143423,2.279466492961432,,4,
shanghai,0021508,0069451,1.798812180789319,,3,
shanghai,0021508,0100549,1.6624488455500959,,4,
shanghai,0021508,0031819,1.3284521961613183,,3,
shanghai,0021508,0084700,1.1931222991900374,,3,
shanghai,0021508,0044185,1.0524305012358834,,3,
shanghai,0021512,0235123,4.515471520524228,,6,
shanghai,0021512,0021514,3.4584130088341243,,4,
shanghai,0021512,0235124,2.9682503147482,,4,
shanghai,0021512,0170906,2.6398839670539225,,3,
shanghai,0021512,0155736,2.468495823355168,,3,
shanghai,0021512,0035770,2.153715184242498,,3,
shanghai,0021512,0075743,2.067493863797984,,3,
shanghai,0021512,0021518,1.5617618567022344,,3,
shanghai,0021513,0021514,4.945108394495948,,7,
shanghai,0021513,0035770,2.036760994213363,,3,
shanghai,0021513,0143450,3.2957045423182376,,4,
shanghai,0021513,0021519,2.72045740589471,,3,
shanghai,0021513,0115635,2.716275652558263,,5,
shanghai,0021513,0209537,2.4802542385609074,,3,
shanghai,0021513,0044161,1.8167216704169438,,3,
shanghai,0021513,0089645,1.4097383249813304,,3,
shanghai,0021514,0235123,6.124901417100692,,9,
shanghai,0021514,0143450,5.048237760825341,,6,
shanghai,0021514,0166249,3.7675105975674894,,5,
shanghai,0021514,0146737,2.7325703233220158,,3,
shanghai,0021514,0035770,2.7281679050233607,,4,
shanghai,0021514,0209537,2.6461635111724395,,3,
shanghai,0021514,0143749,2.382075253880261,,3,
shanghai,0021514,0235124,2.2028777006869573,,3,
shanghai,0021514,0021519,2.0672953898800492,,3,
shanghai,0021517,0235123,3.178165168033889,,4,
shanghai,0021517,0035770,2.4093568146441204,,3,
shanghai,0021517,0170906,3.8210387213532497,,5,
shanghai,0021517,0089645,2.640654330513578,,4,
shanghai,0021518,0235123,2.1553945337855813,,3,
shanghai,0021518,0075743,3.6361342222836175,,5,
shanghai,0021518,0235124,2.924775314202165,,4,
shanghai,0021518,0143450,2.5101354164281724,,3,
shanghai,0021556,0096320,2.6955006596847864,,3,
shanghai,0021575,0021578,2.7871832077907683,,4,
shanghai,0021587,0021588,2.837545949973326,,4,
shanghai,0021588,0125449,2.5936558859675154,,4,
shanghai,0021616,0097521,2.3503870435518164,,3,
shanghai,0021645,0079665,2.18049599922984,,3,
shanghai,0021645,0097835,2.087736083886631,,3,
shanghai,0021645,0084698,1.7479059144129054,,3,
shanghai,0021668,0021669,2.8016050169679,,4,
shanghai,0021763,0035667,6.673143304872927,,9,
shanghai,0021763,0079670,5.2239780659076445,,8,
shanghai,0021763,0235394,4.543858764452286,,8,
shanghai,0021763,0109371,3.415310561809302,,4,
shanghai,0021763,0050909,2.949667270273609,,5,
shanghai,0021763,0235392,2.76600613735102,,6,
shanghai,0021763,0089420,2.5685795874131445,,4,
shanghai,0021763,0043061,2.512647667025365,,3,
shanghai,0021763,0097274,2.3659914453306645,,3,
shanghai,0021763,0021764,2.0427965560859347,,4,
shanghai,0021763,0050901,1.8229324714241155,,3,
shanghai,0021763,0050915,1.7052589895772061,,3,
shanghai,0021764,0079670,5.690928846300955,,8,
shanghai,0021764,0035667,5.2152938888829,,7,
shanghai,0021764,0235392,4.105831455821287,,7,
shanghai,0021764,0043062,2.9439522259427915,,4,
shanghai,0021764,0075020,2.768115627294427,,7,
shanghai,0021764,0089420,2.59496040302935,,4,
shanghai,0021764,0097108,2.5454293172307327,,3,
shanghai,0021764,0050909,2.5402663674922663,,5,
shanghai,0021764,0050912,2.02759195285935,,3,
shanghai,0021764,0021766,2.006003839761646,,4,
shanghai,0021764,0235394,1.97273995565855,,4,
shanghai,0021764,0050901,1.7775099657963884,,3,
shanghai,0021764,0050916,1.7751432398960607,,4,
shanghai,0021764,0050917,1.7690394344490155,,3,
shanghai,0021766,0079670,2.894914823078423,,4,
shanghai,0021766,0089420,1.477085170968949,,3,
shanghai,0021766,0235392,2.2850398263459737,,4,
shanghai,0021775,0021811,2.0728299110546633,,3,
shanghai,0021775,0021815,1.5942333595434572,,3,
shanghai,0021777,0021815,1.7412983146546306,,3,
shanghai,0021778,0021815,1.8600065232781358,,3,
shanghai,0021779,0021811,1.9205741158126017,,3,
shanghai,0021780,0021815,1.9793626234529285,,4,
shanghai,0021784,0021811,1.8892361482951294,,3,
shanghai,0021785,0021815,1.7873052096074298,,3,
shanghai,0021788,0021811,4.935553945721568,,8,
shanghai,0021788,0021815,1.6608052718472042,,3,
shanghai,0021790,0021811,2.378376259782774,,4,
shanghai,0021791,0021811,2.137038564958901,,3,
shanghai,0021791,0021814,2.003111556757093,,3,
shanghai,0021792,0021811,2.4146282996048676,,4,
shanghai,0021793,0021811,2.4706212346766394,,3,
shanghai,0021794,0021815,2.065605054998432,,4,
shanghai,0021794,0021820,2.3959972228616206,,3,
shanghai,0021795,0021811,1.7665403643368678,,3,
shanghai,0021797,0021811,4.7055859464736365,,7,
shanghai,0021799,0021811,2.0054121661322535,,3,
shanghai,0021811,0021813,3.5014056577048986,,4,
shanghai,0021811,0021815,2.4551020781710005,,3,
shanghai,0021811,0021818,1.656451815278782,,3,
shanghai,0021825,0021835,3.725971180079041,,4,
shanghai,0021825,0021873,3.716940821715145,,5,
shanghai,0021825,0021876,2.468371546617641,,3,
shanghai,0021826,0021873,2.661949769318583,,4,
shanghai,0021826,0021876,2.340385349134309,,3,
shanghai,0021826,0021882,1.7415633882022448,,3,
shanghai,0021827,0021873,2.007337148950585,,3,
shanghai,0021827,0021853,2.6578766632913515,,3,
shanghai,0021831,0021835,4.396687569444568,,5,
shanghai,0021831,0021873,7.998738565440879,,11,
shanghai,0021831,0021876,6.82284046450676,,9,
shanghai,0021831,0021882,3.8739901004683865,,7,
shanghai,0021831,0132713,2.504499153452937,,3,
shanghai,0021833,0021876,1.777375466627987,,3,
shanghai,0021835,0021870,2.7399773548987896,,3,
shanghai,0021837,0021873,6.920731671376094,,10,
shanghai,0021837,0021876,3.757853532245268,,5,
shanghai,0021838,0021876,2.092587607432003,,3,
shanghai,0021839,0021876,2.213743643631026,,3,
shanghai,0021840,0021882,2.1678607350767276,,3,
shanghai,0021841,0021882,1.6859854749534797,,3,
shanghai,0021842,0021882,2.206756562790267,,3,
shanghai,0021842,0201695,2.024048593664729,,3,
shanghai,0021843,0132713,2.6301801897015435,,3,
shanghai,0021844,0021882,1.804221207664544,,3,
shanghai,0021845,0021876,2.200223003618057,,3,
shanghai,0021848,0021873,7.231938288620379,,11,
shanghai,0021848,0021876,2.8533642236515253,,4,
shanghai,0021848,0021882,3.171317343339045,,5,
shanghai,0021848,0132643,3.090405427351466,,4,
shanghai,0021850,0021873,1.9213027506241218,,3,
shanghai,0021854,0021873,2.86688307772921,,5,
shanghai,0021855,0021873,2.0148707705496927,,3,
shanghai,0021855,0021882,1.6798188486202839,,3,
shanghai,0021857,0021873,4.534630151547356,,7,
shanghai,0021859,0021876,2.1857664791491547,,3,
shanghai,0021861,0021873,1.4434950570880756,,3,
shanghai,0021862,0021876,2.4582485245763874,,3,
shanghai,0021862,0021883,2.510856962447503,,3,
shanghai,0021863,0021876,2.3097328236820758,,3,
shanghai,0021863,0021882,1.4348449052978576,,3,
shanghai,0021865,0021873,1.5595528912232588,,3,
shanghai,0021873,0201695,1.6607657154027184,,3,
shanghai,0021874,0021876,2.4082093537083877,,3,
shanghai,0021874,0021882,1.6983461347319935,,3,
shanghai,0021876,0021883,2.957803582022075,,3,
shanghai,0021886,0021890,2.4878932331908357,,4,
shanghai,0021887,0021890,1.7684408942738623,,5,
shanghai,0021887,0021892,2.1874825576181234,,3,
shanghai,0021887,0021933,2.8690021771794245,,3,
shanghai,0021890,0021892,4.058179562170962,,6,
shanghai,0021890,0021900,3.191455901722221,,5,
shanghai,0021890,0021915,2.9321348480313145,,4,
shanghai,0021890,0021936,2.9155612908503574,,5,
shanghai,0021890,0021895,2.6531834142448796,,6,
shanghai,0021890,0021918,2.5155624206926737,,4,
shanghai,0021890,0021919,2.1097983150732826,,4,
shanghai,0021890,0021913,1.9304957704144536,,3,
shanghai,0021890,0021920,1.9001322629918918,,4,
shanghai,0021890,0021904,1.8923830260581973,,4,
shanghai,0021890,0021911,1.8454694629836816,,4,
shanghai,0021890,0021941,1.6158958507201557,,3,
shanghai,0021890,0021899,1.5122713981282767,,3,
shanghai,0021891,0021892,2.5873582218495974,,4,
shanghai,0021891,0021933,2.2963620358398877,,4,
shanghai,0021892,0021904,4.497781250874351,,8,
shanghai,0021892,0021920,3.251344031184087,,5,
shanghai,0021892,0021943,3.0916770433663783,,5,
shanghai,0021892,0021913,3.0468066444248176,,5,
shanghai,0021892,0021931,2.2502113781849893,,3,
shanghai,0021892,0021919,2.1796032131548184,,3,
shanghai,0021892,0021902,2.1706204797575728,,4,
shanghai,0021892,0021910,2.0264208174660747,,3,
shanghai,0021892,0021937,1.939251190870744,,3,
shanghai,0021892,0021940,1.9325833106976047,,3,
shanghai,0021892,0021895,1.8860763462904608,,3,
shanghai,0021892,0201711,1.6354199379324506,,3,
shanghai,0021895,0021944,2.9224387816729207,,3,
shanghai,0021903,0021933,2.4396793341355383,,3,
shanghai,0021911,0118951,2.276331091737085,,4,
shanghai,0021918,0021933,3.5452020414371486,,4,
shanghai,0021919,0021938,2.2797321937138206,,3,
shanghai,0021940,0118951,1.3383631290271234,,3,
shanghai,0021943,0201711,1.6867130012534317,,3,
shanghai,0021951,0022002,1.6744390286402324,,3,
shanghai,0021952,0201702,1.2644404018979711,,3,
shanghai,0021953,0022002,3.6052371300749195,,6,
shanghai,0021956,0022002,4.724054711493788,,8,
shanghai,0021957,0022002,2.924828300734858,,6,
shanghai,0021961,0022002,2.338756515928521,,4,
shanghai,0021961,0021996,2.4625627270594017,,3,
shanghai,0021963,0022002,2.443679587051381,,4,
shanghai,0021963,0021999,2.7745781572005965,,3,
shanghai,0021963,0055636,2.186405592483537,,3,
shanghai,0021965,0022002,3.907231907680297,,6,
shanghai,0021970,0022002,3.3013525522495875,,5,
shanghai,0021971,0022002,2.8954711976848846,,5,
shanghai,0021972,0022002,3.294271535852008,,6,
shanghai,0021972,0021999,3.76470798582413,,4,
shanghai,0021975,0022002,3.6760127953977557,,6,
shanghai,0021978,0022002,2.893021950717444,,5,
shanghai,0021982,0022002,2.6501412553953525,,5,
shanghai,0021991,0022002,3.418658159229828,,5,
shanghai,0021991,0021999,3.752755995494858,,4,
shanghai,0022002,0114766,1.9358610238382854,,3,
shanghai,0022014,0022047,3.0998722831054435,,5,
shanghai,0022020,0022045,1.9715281411964365,,3,
shanghai,0022024,0022047,2.2202846105923317,,3,
shanghai,0022025,0022052,1.6350709648282733,,3,
shanghai,0022025,0187004,1.5202874370910824,,3,
shanghai,0022030,0022047,2.3708005813708266,,4,
shanghai,0022032,0187004,1.7362986005982601,,3,
shanghai,0022043,0022047,2.418415624332501,,4,
shanghai,0022043,0022048,2.2093112771179073,,3,
shanghai,0022045,0022048,1.9759773455459373,,3,
shanghai,0022046,0022047,7.585290760285718,,8,
shanghai,0022046,0022051,2.752862514185765,,4,
shanghai,0022047,0022051,1.809226027998554,,3,
shanghai,0022052,0022056,2.042721756751061,,3,
shanghai,0022060,0022073,3.1273838757907244,,4,
shanghai,0022060,0119643,1.9415222455394279,,3,
shanghai,0022062,0022073,1.361750071355564,,3,
shanghai,0022063,0022073,1.7782627137703755,,3,
shanghai,0022067,0022073,1.8009256304677053,,3,
shanghai,0022073,0022096,2.534308932630639,,4,
shanghai,0022073,0022081,2.294806581292014,,3,
shanghai,0022073,0022076,2.1979673002422664,,3,
shanghai,0022073,0022113,2.1858751537158807,,4,
shanghai,0022073,0022108,2.02844667535738,,3,
shanghai,0022073,0022091,1.973112419644667,,3,
shanghai,0022073,0022104,1.9590184356311462,,3,
shanghai,0022073,0055655,1.845598172689967,,3,
shanghai,0022073,0022114,1.6482032238836375,,3,
shanghai,0022073,0022103,1.4934119172696319,,3,
shanghai,0022073,0022102,1.094112423388458,,3,
shanghai,0022081,0119643,1.799679945914563,,4,
shanghai,0022091,0119643,1.0265541979911843,,3,
shanghai,0022120,0022161,2.1894114743815063,,4,
shanghai,0022122,0022161,3.0057007659597694,,4,
shanghai,0022123,0022161,3.205273185480749,,5,
shanghai,0022124,0157999,1.5163076633670614,,3,
shanghai,0022126,0022161,2.7439635032071967,,4,
shanghai,0022127,0022157,2.8567547851104873,,3,
shanghai,0022127,0153508,1.8570099358698418,,3,
shanghai,0022129,0022161,3.1386958943622054,,6,
shanghai,0022131,0022157,3.7515796905063197,,4,
shanghai,0022132,0022161,3.6494347395637927,,7,
shanghai,0022132,0022157,2.7852408561148483,,3,
shanghai,0022134,0022161,6.094007559035612,,10,
shanghai,0022136,0022161,1.9242568215138545,,4,
shanghai,0022140,0022161,1.8880458934404092,,3,
shanghai,0022142,0022161,2.8715928879834545,,5,
shanghai,0022155,0022161,3.4630235968846352,,6,
shanghai,0022156,0022161,2.6164380461099164,,5,
shanghai,0022157,0022161,2.3013012462636637,,3,
shanghai,0022161,0022165,2.586949623374738,,5,
shanghai,0022161,0022163,2.0576190335112625,,3,
shanghai,0022167,0022225,3.5666413944803734,,5,
shanghai,0022167,0022190,3.0695140237814167,,4,
shanghai,0022167,0022179,3.00264836559027,,4,
shanghai,0022167,0022201,2.960705521003279,,4,
shanghai,0022167,0022194,2.9458401226059623,,4,
shanghai,0022167,0022189,2.889029115491999,,4,
shanghai,0022167,0022184,2.696172736345,,4,
shanghai,0022167,0022172,2.5240489684533536,,4,
shanghai,0022167,0022197,2.5083281154427777,,3,
shanghai,0022167,0201699,2.5060914310305717,,4,
shanghai,0022167,0022219,2.228625922306696,,3,
shanghai,0022167,0022226,2.056001898381217,,3,
shanghai,0022167,0022180,1.8521321056332054,,3,
shanghai,0022167,0022202,1.8231759539126298,,3,
shanghai,0022167,0022205,1.7942883298493153,,3,
shanghai,0022168,0132636,3.55673579617862,,4,
shanghai,0022170,0022184,1.984969098585803,,3,
shanghai,0022170,0022190,1.8584598002104706,,3,
shanghai,0022170,0022215,4.6332397395120495,,5,
shanghai,0022170,0022216,2.904379793163493,,3,
shanghai,0022170,0022212,2.0054846926619887,,3,
shanghai,0022172,0022215,3.5189299230947375,,5,
shanghai,0022175,0022215,2.976765947006455,,4,
shanghai,0022182,0022215,2.2714649713968296,,3,
shanghai,0022190,0022201,2.0055517377934313,,3,
shanghai,0022199,0022215,2.603027352947724,,4,
shanghai,0022202,0022215,1.7870794429807837,,3,
shanghai,0022204,0022215,2.6927258864607264,,4,
shanghai,0022205,0132636,2.457632665215252,,3,
shanghai,0022209,0022215,1.9472102355934935,,3,
shanghai,0022211,0022215,2.479379062649903,,3,
shanghai,0022214,0132636,1.6457291176087376,,3,
shanghai,0022219,0055649,2.2624988461115434,,3,
shanghai,0022230,0022289,3.918321745605213,,5,
shanghai,0022230,0022282,1.8588519872601652,,3,
shanghai,0022236,0022282,1.7421067709535247,,3,
shanghai,0022236,0022289,3.1591204786345255,,4,
shanghai,0022241,0022276,1.8660061135455117,,3,
shanghai,0022245,0022289,3.8153357250792665,,5,
shanghai,0022248,0022289,5.043216259697235,,6,
shanghai,0022249,0084670,1.6996260508112764,,4,
shanghai,0022251,0044129,0.897217293025452,,3,
shanghai,0022251,0089649,1.7251670070787841,,3,
shanghai,0022252,0022289,1.9917901724412075,,3,
shanghai,0022256,0022289,3.3788357519214114,,6,
shanghai,0022261,0022289,2.0644201051308966,,3,
shanghai,0022264,0084671,1.0058372704558827,,3,
shanghai,0022265,0044129,0.839101615700946,,3,
shanghai,0022265,0022282,2.4837023774531826,,4,
shanghai,0022265,0022289,4.481008431963642,,7,
shanghai,0022268,0022282,1.958157624366757,,3,
shanghai,0022269,0022289,4.125515306930704,,6,
shanghai,0022274,0022289,2.358073279768517,,4,
shanghai,0022274,0035665,2.241728749357328,,3,
shanghai,0022275,0022289,2.275057859409321,,3,
shanghai,0022276,0022285,2.293537188145774,,4,
shanghai,0022281,0022289,2.774593942817453,,4,
shanghai,0022282,0022289,3.5345997003950576,,5,
shanghai,0022282,0022286,1.810659157092609,,3,
shanghai,0022285,0022289,2.2757336914122495,,3,
shanghai,0022285,0143110,2.3326007208780037,,3,
shanghai,0022285,0089266,2.272209887245578,,4,
shanghai,0022286,0022289,3.0938580138866243,,4,
shanghai,0022293,0022309,2.085937278167669,,3,
shanghai,0022293,0022311,3.6512972687470056,,5,
shanghai,0022300,0022345,2.950329717705186,,5,
shanghai,0022305,0022307,3.7713760671016576,,4,
shanghai,0022307,0022345,4.377132729652775,,6,
shanghai,0022307,0022348,2.079013968350945,,3,
shanghai,0022307,0022337,1.34066566704806,,3,
shanghai,0022309,0022345,2.6495157240580545,,4,
shanghai,0022311,0022345,3.1809502929159805,,4,
shanghai,0022319,0022345,3.511998218952986,,5,
shanghai,0022321,0022345,7.2175734294243945,,10,
shanghai,0022325,0022345,3.938809326180139,,5,
shanghai,0022327,0022345,3.7773405682807586,,5,
shanghai,0022329,0022345,2.4019620052740294,,4,
shanghai,0022329,0022348,2.2238116825980745,,3,
shanghai,0022336,0022345,3.0875868285075856,,4,
shanghai,0022344,0022345,2.4963557032437285,,4,
shanghai,0022345,0022347,3.2765619794420457,,4,
shanghai,0022345,0022349,1.8303830373388066,,3,
shanghai,0022351,0022383,3.5129763580109064,,5,
shanghai,0022351,0022385,3.368355826677635,,5,
shanghai,0022351,0022384,1.8930098031579226,,4,
shanghai,0022353,0022383,3.105418902118626,,5,
shanghai,0022353,0022385,2.125239345112547,,3,
shanghai,0022357,0022383,2.2155125877648345,,3,
shanghai,0022357,0022385,1.4621152378113629,,3,
shanghai,0022359,0022383,1.7881197232065276,,3,
shanghai,0022359,0022384,4.032296087374788,,6,
shanghai,0022359,0022385,2.0620087539176697,,3,
shanghai,0022365,0022385,1.6727424016636099,,3,
shanghai,0022369,0022383,1.6548434920359478,,3,
shanghai,0022371,0022383,5.909335431521876,,9,
shanghai,0022371,0022384,2.6442993503277146,,6,
shanghai,0022371,0022385,2.362158142048132,,4,
shanghai,0022396,0022465,2.367994806050808,,3,
shanghai,0022396,0022445,2.151433089278876,,3,
shanghai,0022400,0022472,1.6612939148921628,,3,
shanghai,0022412,0022464,1.5787111617640863,,3,
shanghai,0022413,0022457,2.031304409415608,,3,
shanghai,0022416,0022430,2.002198464233305,,3,
shanghai,0022423,0022472,1.6835717927010825,,3,
shanghai,0022444,0022472,2.5370901206466665,,4,
shanghai,0022448,0022464,2.431900071561662,,4,
shanghai,0022504,0022513,1.9742157359739279,,3,
shanghai,0022517,0022563,1.9400813436321083,,3,
shanghai,0022522,0022563,2.4032434586617244,,4,
shanghai,0022560,0022563,2.364117923727874,,3,
shanghai,0022561,0022563,2.7506960680804147,,4,
shanghai,0022566,0022619,2.490255625965799,,4,
shanghai,0022582,0022619,1.714785346052498,,3,
shanghai,0022683,0022707,1.9079505831878372,,3,
shanghai,0022718,0022761,3.5829356650126734,,5,
shanghai,0022724,0022760,2.0299205417461175,,3,
shanghai,0022734,0022761,1.6094846161869345,,3,
shanghai,0022751,0022761,2.865050807620269,,4,
shanghai,0022751,0022760,2.0959292206428763,,4,
shanghai,0022760,0022761,2.0288778946107193,,3,
shanghai,0022776,0022782,2.4994762789220992,,3,
shanghai,0022782,0022783,2.0856542711640893,,3,
shanghai,0022782,0022801,1.8370025317680159,,3,
shanghai,0022827,0022854,2.309475254069148,,3,
shanghai,0022830,0022854,2.2278697087545574,,3,
shanghai,0022835,0022836,1.7257334037032317,,3,
shanghai,0022836,0022840,2.2354864040778835,,3,
shanghai,0022909,0022937,3.0402944583484155,,5,
shanghai,0022910,0022937,1.9463432897790143,,3,
shanghai,0022917,0022937,3.2582125647043543,,5,
shanghai,0022921,0022937,4.316981186100794,,6,
shanghai,0022925,0022945,1.2709724720317412,,3,
shanghai,0022931,0022937,4.362333006463883,,6,
shanghai,0022935,0022937,2.994805393747869,,4,
shanghai,0022937,0022956,5.152083379173894,,9,
shanghai,0022937,0022939,2.8801639972876556,,4,
shanghai,0022937,0022954,1.5579734770372715,,3,
shanghai,0022939,0022942,2.2841161191285897,,3,
shanghai,0022944,0022956,1.7438405522751976,,3,
shanghai,0022944,0022958,1.5130942435195838,,3,
shanghai,0022960,0022970,2.2329950418150797,,3,
shanghai,0022970,0022971,5.029117471881265,,7,
shanghai,0022970,0022991,4.576723842725452,,7,
shanghai,0022970,0022990,3.015378409463281,,4,
shanghai,0022970,0022978,2.6598291073838096,,4,
shanghai,0022970,0022993,2.2804817292306487,,3,
shanghai,0022970,0022984,1.8203937348613812,,3,
shanghai,0023014,0143359,1.4140494612272752,,3,
shanghai,0023016,0023034,2.2917222009599483,,4,
shanghai,0023019,0023046,1.8990902257415638,,3,
shanghai,0023020,0023034,1.8344214099281588,,3,
shanghai,0023022,0023034,3.185923229347956,,5,
shanghai,0023026,0023034,1.969295525490057,,3,
shanghai,0023028,0023034,1.7039480955581485,,3,
shanghai,0023034,0023053,2.676879195668262,,4,
shanghai,0023034,0023041,2.1687887080797266,,3,
shanghai,0023062,0023076,2.840011943343261,,4,
shanghai,0023062,0023081,2.6469362025167094,,4,
shanghai,0023062,0023095,2.1437589628430853,,3,
shanghai,0023062,0023093,2.1207525502258826,,3,
shanghai,0023062,0023085,2.11618043291595,,3,
shanghai,0023062,0023066,2.026167213295394,,3,
shanghai,0023062,0023087,1.8444410393472976,,3,
shanghai,0023069,0023093,1.744167694511128,,3,
shanghai,0023134,0023148,2.232836604572641,,3,
shanghai,0023211,0023229,2.72515199766636,,5,
shanghai,0023466,0023481,1.9260895697510259,,3,
shanghai,0023478,0023481,2.9908708695788473,,4,
shanghai,0023529,0023534,2.1530423156307337,,3,
shanghai,0023530,0023534,2.4844502242433735,,4,
shanghai,0023534,0023542,1.8537984946322084,,4,
shanghai,0023552,0023580,1.975635213739959,,4,
shanghai,0023554,0023577,1.921104357274766,,3,
shanghai,0023558,0023577,2.1589606360257214,,3,
shanghai,0023562,0023583,3.1782968177132744,,4,
shanghai,0023566,0023580,2.3188728044266815,,3,
shanghai,0023566,0023577,2.2827584119451867,,3,
shanghai,0023568,0023577,3.4048695595461624,,5,
shanghai,0023570,0023577,2.6866824845814747,,4,
shanghai,0023576,0023577,2.7602942506970702,,3,
shanghai,0023577,0023580,2.733873941780204,,4,
shanghai,0023630,0023632,3.8014327210567083,,4,
shanghai,0023652,0023679,2.2067437136755466,,3,
shanghai,0023652,0023680,2.073157582466341,,3,
shanghai,0023662,0023680,2.912680121288347,,4,
shanghai,0023667,0023683,2.728512497040074,,3,
shanghai,0023678,0023679,3.2764749893341367,,4,
shanghai,0023679,0023680,4.805399561289403,,6,
shanghai,0023679,0023685,2.3639083938929293,,3,
shanghai,0023680,0023685,2.9702322560981314,,4,
shanghai,0023746,0023773,2.537781941087234,,3,
shanghai,0023772,0023773,2.1756577987360224,,3,
shanghai,0023772,0023780,1.6491291932312815,,3,
shanghai,0023773,0023785,2.82373517826084,,3,
shanghai,0023839,0023873,1.7135559246278425,,3,
shanghai,0023969,0023976,2.1341907508517695,,3,
shanghai,0023976,0024000,2.114707330495629,,3,
shanghai,0024038,0024063,1.9660692765653078,,3,
shanghai,0024039,0024063,2.155228214015824,,3,
shanghai,0024040,0024063,1.9473910182217706,,3,
shanghai,0024041,0024063,1.966944545791831,,3,
shanghai,0024078,0024111,1.9272308548763883,,3,
shanghai,0024079,0024110,3.4795470298047952,,5,
shanghai,0024103,0024110,1.9652327425053757,,3,
shanghai,0024128,0024145,2.1474315342311288,,3,
shanghai,0024145,0024153,1.9346832681948465,,3,
shanghai,0024166,0024176,2.669665703177282,,3,
shanghai,0024215,0024220,2.0088563487685787,,3,
shanghai,0024237,0024289,1.5067583019218413,,3,
shanghai,0024243,0024289,2.3008268515307266,,3,
shanghai,0024244,0024289,2.3390458053868954,,4,
shanghai,0024250,0024289,2.5149701781955622,,4,
shanghai,0024251,0024289,2.8000959679874926,,4,
shanghai,0024252,0024289,2.0240657790573118,,4,
shanghai,0024256,0024289,2.778487645338122,,4,
shanghai,0024267,0024289,2.3738491762812592,,3,
shanghai,0024269,0024289,5.7967693504500835,,8,
shanghai,0024271,0024289,1.952252072495313,,3,
shanghai,0024273,0024289,2.2434142876325005,,3,
shanghai,0024274,0024289,3.476030748137454,,5,
shanghai,0024278,0024289,1.5209898451389305,,3,
shanghai,0024280,0024289,1.4654993617014491,,3,
shanghai,0024281,0024289,5.783352111763073,,6,
shanghai,0024299,0024330,2.5016057121449817,,4,
shanghai,0024299,0024331,1.7390862395151772,,4,
shanghai,0024302,0024330,2.2155438145156436,,3,
shanghai,0024306,0024330,1.8885742909890115,,3,
shanghai,0024309,0024330,2.1026208349306983,,3,
shanghai,0024312,0024330,2.383550686146253,,3,
shanghai,0024314,0024330,4.727588396301559,,7,
shanghai,0024315,0024330,2.4045343151679996,,3,
shanghai,0024316,0024330,2.592516735008587,,4,
shanghai,0024317,0024330,2.1332481666303664,,3,
shanghai,0024320,0024330,1.7371441554040232,,3,
shanghai,0024321,0024330,2.217240435625441,,3,
shanghai,0024329,0024330,2.8289986375764022,,3,
shanghai,0024330,0024340,5.652406855295584,,8,
shanghai,0024330,0024338,3.241313942349495,,5,
shanghai,0024330,0024331,2.9697012810778407,,4,
shanghai,0024331,0024340,2.277308467900556,,3,
shanghai,0024343,0024344,2.4411421395574706,,4,
shanghai,0024344,0024356,3.107037861461841,,5,
shanghai,0024344,0024373,2.906726207787088,,4,
shanghai,0024344,0024370,2.8865627198450756,,4,
shanghai,0024344,0024355,2.809951552958415,,4,
shanghai,0024344,0024385,2.5580620152472466,,3,
shanghai,0024344,0024371,2.160297477512089,,3,
shanghai,0024344,0024349,2.149047559887548,,3,
shanghai,0024344,0024358,1.7700208202295729,,3,
shanghai,0024344,0024361,1.677934923980947,,3,
shanghai,0024344,0024351,1.2938492121766973,,3,
shanghai,0024353,0024385,2.5291152464087356,,4,
shanghai,0024355,0024385,3.3528482429180206,,5,
shanghai,0024358,0024385,2.2638057172240105,,5,
shanghai,0024361,0024385,1.7634931645844614,,3,
shanghai,0024385,0024387,2.3712161409310517,,3,
shanghai,0024427,0024432,2.9280172457127023,,4,
shanghai,0024427,0024436,1.830724766112722,,3,
shanghai,0024443,0024478,3.3443029611738124,,4,
shanghai,0024480,0024528,3.104573362778865,,4,
shanghai,0024480,0024503,2.805796376730359,,4,
shanghai,0024480,0024511,2.386752399772742,,4,
shanghai,0024480,0024482,2.294594259559307,,3,
shanghai,0024480,0024512,2.0066753605723964,,3,
shanghai,0024480,0024518,1.884990623135368,,3,
shanghai,0024480,0024499,1.8615680453931625,,3,
shanghai,0024480,0024483,1.6042567931453682,,3,
shanghai,0024480,0024507,1.465712191573836,,3,
shanghai,0024480,0024500,1.0877939515555477,,3,
shanghai,0024481,0024505,2.2957313492015157,,3,
shanghai,0024482,0024523,1.9881327438617806,,3,
shanghai,0024502,0024523,2.232369742384014,,3,
shanghai,0024507,0024523,1.9417353821858336,,3,
shanghai,0024511,0024523,3.972120856097428,,6,
shanghai,0024593,0024618,2.201842421029727,,3,
shanghai,0024610,0024618,4.838989596053399,,5,
shanghai,0024618,0024619,2.4649900051288967,,3,
shanghai,0024672,0024717,3.2747128865956068,,5,
shanghai,0024674,0024721,1.9132668409471143,,3,
shanghai,0024675,0024717,3.3160801921939624,,5,
shanghai,0024676,0024678,2.396352041083389,,3,
shanghai,0024678,0024717,2.4458688160430224,,3,
shanghai,0024678,0024689,5.936846703887631,,9,
shanghai,0024678,0024684,2.636374968367095,,4,
shanghai,0024678,0024706,2.480317085925396,,4,
shanghai,0024678,0024709,2.451430425795425,,4,
shanghai,0024678,0024694,2.3694720901286344,,4,
shanghai,0024678,0024680,2.0509162578038884,,4,
shanghai,0024678,0024685,1.8883653274680174,,3,
shanghai,0024679,0024717,2.3001623925165373,,4,
shanghai,0024680,0024717,1.9711236049208618,,3,
shanghai,0024680,0024715,2.1765418078549343,,3,
shanghai,0024685,0024717,3.021801344444568,,6,
shanghai,0024685,0024720,1.7643643186728095,,3,
shanghai,0024686,0024717,2.0497148602835504,,3,
shanghai,0024693,0024721,2.935168667028684,,3,
shanghai,0024693,0024705,2.9463414460871546,,3,
shanghai,0024694,0024715,3.4208494664178586,,4,
shanghai,0024697,0024717,2.0859516588967284,,4,
shanghai,0024697,0024715,2.5051517963760825,,3,
shanghai,0024701,0024717,1.7085306856550528,,3,
shanghai,0024706,0024717,3.073097336652119,,4,
shanghai,0024706,0024720,1.8240612480899518,,3,
shanghai,0024707,0024717,2.965379288235756,,5,
shanghai,0024707,0024715,2.079556657988542,,3,
shanghai,0024709,0024717,2.0035631614454212,,4,
shanghai,0024715,0024717,1.9499607632520237,,3,
shanghai,0024717,0024721,3.6746027835155175,,7,
shanghai,0024717,0024720,3.136269707539764,,6,
shanghai,0024863,0024873,2.0179541502241194,,4,
shanghai,0024904,0024906,3.377645310941154,,5,
shanghai,0024904,0147771,2.8645406130645727,,5,
shanghai,0024904,0048283,2.560755212821914,,5,
shanghai,0024904,0054971,2.4060759591353498,,3,
shanghai,0024904,0048291,2.2618563315279534,,5,
shanghai,0024904,0048294,1.645364604230643,,3,
shanghai,0024904,0234658,1.5426852859331972,,3,
shanghai,0024904,0147770,1.5343189044745065,,3,
shanghai,0024904,0044164,0.8966407730604705,,3,
shanghai,0024905,0048294,1.8080948891680628,,3,
shanghai,0024905,0147771,2.41955077460817,,4,
shanghai,0024906,0048283,3.322902125431572,,5,
shanghai,0024906,0089077,2.2098181170451032,,3,
shanghai,0024906,0119022,1.4066766228749472,,3,
shanghai,0024906,0044164,1.3889337956040517,,3,
shanghai,0024912,0024917,1.4131370337474558,,3,
shanghai,0024913,0089615,2.9043246778031837,,5,
shanghai,0024913,0097062,1.5203836333094658,,3,
shanghai,0024916,0092472,2.5332754222664415,,3,
shanghai,0024917,0089615,1.7120729579746405,,3,
shanghai,0024918,0068120,1.9669827128219182,,3,
shanghai,0024918,0068132,1.1800405242747674,,3,
shanghai,0024918,0068133,1.0502294323800472,,3,
shanghai,0024920,0068132,1.322218608478401,,3,
shanghai,0024920,0068145,2.7455384020679237,,5,
shanghai,0024920,0068138,1.515911256899844,,4,
shanghai,0024920,0068149,1.4526667189743931,,3,
shanghai,0024930,0024964,1.5780107119093039,,3,
shanghai,0024934,0024955,1.9054184453667735,,3,
shanghai,0024944,0024958,2.5616663001671727,,3,
shanghai,0024955,0024957,2.0372675702740635,,3,
shanghai,0024957,0024964,2.3536981560255366,,4,
shanghai,0025033,0088359,2.356030486811873,,4,
shanghai,0025033,0025059,1.9227837697280292,,3,
shanghai,0025033,0025061,1.533743057136365,,4,
shanghai,0025037,0089488,2.198818530414429,,3,
shanghai,0025046,0025059,2.4448680402604173,,4,
shanghai,0025046,0025061,2.5074876312680523,,4,
shanghai,0025046,0088359,3.300340403538856,,6,
shanghai,0025048,0025059,2.1919945178898645,,3,
shanghai,0025050,0025061,2.2179086380838657,,4,
shanghai,0025059,0025065,1.7199166461833435,,3,
shanghai,0025061,0025063,3.098303564560569,,5,
shanghai,0025061,0025064,1.9379924221611298,,4,
shanghai,0025061,0025065,1.4920117622779299,,3,
shanghai,0025067,0025115,5.101554536635737,,8,
shanghai,0025067,0025112,1.8267427489924053,,3,
shanghai,0025067,0100682,1.7127352139103416,,3,
shanghai,0025068,0035648,2.973231454609334,,5,
shanghai,0025068,0025115,5.319809359022941,,9,
shanghai,0025072,0035648,2.9128232703291963,,4,
shanghai,0025072,0025112,1.8378359391131402,,3,
shanghai,0025072,0025115,4.986933482820012,,8,
shanghai,0025072,0201701,1.8699439920748806,,3,
shanghai,0025073,0025112,2.2492362992705335,,4,
shanghai,0025073,0025115,11.065619290306874,,17,
shanghai,0025073,0100682,3.146044306728183,,4,
shanghai,0025075,0025112,1.734671711886496,,3,
shanghai,0025076,0025112,2.3629730938638738,,4,
shanghai,0025076,0025115,5.756798900676749,,8,
shanghai,0025078,0025115,9.92507541189861,,13,
shanghai,0025078,0225261,1.1081991190931448,,3,
shanghai,0025079,0025112,2.9516178843870944,,5,
shanghai,0025079,0025115,6.181624423477751,,9,
shanghai,0025079,0025123,9.051384293509777,,11,
shanghai,0025079,0089332,2.0539761996039854,,3,
shanghai,0025080,0025115,7.798046506383918,,11,
shanghai,0025083,0234885,1.8836092841066687,,3,
shanghai,0025083,0025112,2.5419671634767442,,4,
shanghai,0025083,0025115,8.184279802711421,,11,
shanghai,0025083,0231746,1.6177359509125684,,4,
shanghai,0025084,0035648,2.8130718897521017,,4,
shanghai,0025084,0025123,2.6865788990051245,,3,
shanghai,0025084,0087336,1.6377359988421307,,3,
shanghai,0025087,0025115,5.813818621135745,,9,
shanghai,0025087,0201701,1.802183703687376,,3,
shanghai,0025088,0025115,5.56485547244314,,8,
shanghai,0025088,0100682,1.776719648509833,,3,
shanghai,0025088,0172943,1.5856796507237365,,3,
shanghai,0025092,0025112,1.9523431606844224,,3,
shanghai,0025092,0025115,5.227603053909307,,8,
shanghai,0025092,0025123,2.5705435402650103,,3,
shanghai,0025093,0025115,4.693771085901486,,7,
shanghai,0025094,0025112,2.337905677785091,,4,
shanghai,0025094,0025115,4.432700789857969,,6,
shanghai,0025094,0025121,2.893975107495149,,3,
shanghai,0025096,0201701,1.5163412751922571,,3,
shanghai,0025100,0025115,5.5570230219291865,,10,
shanghai,0025100,0025121,2.941155550042977,,3,
shanghai,0025101,0100682,1.7674683747293134,,3,
shanghai,0025110,0201701,1.640689319037235,,3,
shanghai,0025112,0089332,1.7819447757823017,,3,
shanghai,0025154,0025162,2.8590852653112058,,3,
shanghai,0025172,0035669,2.8150617983150252,,4,
shanghai,0025173,0109565,3.578196415084162,,6,
shanghai,0025173,0035669,10.508191990355224,,12,
shanghai,0025173,0040536,1.6417529034130185,,3,
shanghai,0025175,0109565,4.59708400702744,,8,
shanghai,0025175,0035669,2.77793342665059,,4,
shanghai,0025176,0109565,5.364323445462425,,7,
shanghai,0025176,0035669,11.9549052199971,,14,
shanghai,0025176,0084672,2.132666366420879,,3,
shanghai,0025176,0126473,2.043920107952407,,3,
shanghai,0025176,0073146,1.8487501948842886,,3,
shanghai,0025176,0089284,1.6587030860851382,,3,
shanghai,0025177,0088497,2.1098788704867704,,3,
shanghai,0025188,0025230,2.3706017846572047,,3,
shanghai,0025271,0025283,2.198201175700309,,4,
shanghai,0025296,0025349,1.5785747811692912,,3,
shanghai,0025303,0025349,2.087780347930221,,4,
shanghai,0025308,0025349,1.6486648747478,,3,
shanghai,0025309,0025349,2.436980442371392,,4,
shanghai,0025319,0025349,1.8620786733062868,,3,
shanghai,0025338,0025349,1.627223834255898,,3,
shanghai,0025340,0025349,2.2959491230055247,,4,
shanghai,0025345,0025349,2.369230934192466,,3,
shanghai,0025436,0025449,1.9355629733511233,,3,
shanghai,0025453,0025458,2.158539555765284,,3,
shanghai,0025525,0025548,1.5707926685159135,,3,
shanghai,0025689,0025705,2.1298314617434233,,4,
shanghai,0025882,0025911,1.1448099054889729,,3,
shanghai,0026009,0026047,3.0571022567365036,,4,
shanghai,0026117,0026160,2.510265561742467,,4,
shanghai,0026125,0026137,1.7845125059808913,,3,
shanghai,0026132,0026160,2.9350040272049225,,5,
shanghai,0026136,0026160,1.8649757145530133,,4,
shanghai,0026144,0026160,1.8430161210236164,,3,
shanghai,0026639,0026640,2.397470315161953,,3,
shanghai,0026679,0026695,2.1938878814717917,,4,
shanghai,0026683,0026690,2.3942280339354785,,4,
shanghai,0026717,0026721,4.105787596935463,,5,
shanghai,0026717,0026725,8.974827339927792,,11,
shanghai,0026717,0026732,7.993598010188865,,10,
shanghai,0026717,0026731,6.44309527028295,,8,
shanghai,0026717,0026722,5.975662328922474,,7,
shanghai,0026717,0026741,3.240871645568607,,4,
shanghai,0026717,0044251,2.696686165622816,,3,
shanghai,0026717,0026740,2.4307834524896093,,3,
shanghai,0026717,0026747,2.394988910752565,,3,
shanghai,0026717,0026724,2.311930532550087,,3,
shanghai,0026717,0044247,2.203781865013606,,3,
shanghai,0026717,0089042,2.0264959573844896,,3,
shanghai,0026717,0087822,1.2955239913196441,,3,
shanghai,0026718,0026747,2.645820434010803,,3,
shanghai,0026719,0026735,3.3154875829650066,,4,
shanghai,0026720,0026724,1.9274976854564034,,3,
shanghai,0026720,0026741,4.6862301228003,,5,
shanghai,0026720,0089042,3.5732018534490315,,4,
shanghai,0026721,0026747,5.676824715679777,,6,
shanghai,0026721,0026724,5.4715773339030465,,7,
shanghai,0026721,0026741,3.691652262473683,,4,
shanghai,0026721,0026731,3.0390580021199334,,4,
shanghai,0026721,0038987,1.7829265025669274,,3,
shanghai,0026722,0026724,3.4760772898113856,,4,
shanghai,0026722,0026736,2.838812666507291,,3,
shanghai,0026722,0044250,2.8107285180995185,,5,
shanghai,0026722,0026731,2.7161543891541085,,4,
shanghai,0026722,0044249,1.8977768437533642,,3,
shanghai,0026722,0087823,1.571186665047466,,3,
shanghai,0026724,0026725,5.968473587353675,,7,
shanghai,0026724,0089042,4.3886036483302115,,5,
shanghai,0026724,0026731,4.110168064842611,,5,
shanghai,0026724,0026741,3.341203335256904,,4,
shanghai,0026724,0026732,2.4627976896958934,,3,
shanghai,0026724,0044250,2.0698980334034447,,3,
shanghai,0026725,0026741,10.730206458133619,,12,
shanghai,0026725,0026731,4.6445854096752495,,6,
shanghai,0026725,0026747,3.6916169179123846,,4,
shanghai,0026725,0089042,3.1627650493094004,,5,
shanghai,0026725,0044249,2.6622195969910445,,4,
shanghai,0026725,0026732,2.5320415359620543,,3,
shanghai,0026725,0038987,2.234109069868215,,4,
shanghai,0026725,0044246,2.091993024322044,,4,
shanghai,0026725,0086697,1.7062452163736714,,4,
shanghai,0026725,0038988,1.6187479297652354,,3,
shanghai,0026731,0026747,6.245808214947334,,8,
shanghai,0026731,0026741,4.37130358700148,,5,
shanghai,0026731,0089424,3.6437618621112313,,4,
shanghai,0026731,0044244,3.418813978178858,,5,
shanghai,0026731,0089042,3.36351610181472,,4,
shanghai,0026731,0026740,3.315482586763561,,4,
shanghai,0026731,0026732,2.570183746984119,,3,
shanghai,0026731,0044249,2.471776220903477,,3,
shanghai,0026732,0026741,3.6701790775118943,,4,
shanghai,0026732,0044251,2.3448842639801883,,3,
shanghai,0026732,0026747,2.1190322516988522,,3,
shanghai,0026732,0044248,1.977549659021653,,3,
shanghai,0026740,0026747,2.521883128659894,,3,
shanghai,0026741,0044249,4.989522203245527,,6,
shanghai,0026741,0089424,3.800642671805722,,4,
shanghai,0026741,0089042,2.670041407629618,,3,
shanghai,0026747,0044244,3.8158540144549495,,5,
shanghai,0026747,0044249,3.083857241122897,,4,
shanghai,0026747,0044247,2.4060839770552116,,3,
shanghai,0026747,0044250,1.625400248909564,,3,
shanghai,0027799,0027800,2.2968993830713544,,3,
shanghai,0027800,0027841,2.0914121955701805,,3,
shanghai,0027915,0027923,2.500040626941767,,3,
shanghai,0027950,0027972,2.466490008405792,,3,
shanghai,0027956,0027972,2.7136896068227485,,4,
shanghai,0027957,0027972,2.1135496267561527,,3,
shanghai,0027963,0027972,3.414283862036701,,5,
shanghai,0027963,0027971,1.6755059155384209,,3,
shanghai,0027964,0027972,2.425224382302842,,4,
shanghai,0027976,0027981,2.466202458443952,,3,
shanghai,0027976,0027977,2.205726349960132,,3,
shanghai,0027976,0027989,2.0679310749021127,,3,
shanghai,0027976,0027987,2.0554473315954187,,3,
shanghai,0027981,0028009,2.068349528903874,,3,
shanghai,0027983,0028012,1.7795184013796788,,3,
shanghai,0027986,0028009,2.0402506892377223,,3,
shanghai,0027987,0028009,2.488837605873532,,3,
shanghai,0027991,0028009,3.19937755200673,,4,
shanghai,0028018,0028041,1.9892882861543728,,3,
shanghai,0028020,0028063,2.1185985906183853,,3,
shanghai,0028020,0028067,2.0749655541138488,,4,
shanghai,0028027,0028063,2.8053881115143073,,3,
shanghai,0028027,0028040,1.654963415960383,,3,
shanghai,0028028,0028041,3.6825800224235126,,7,
shanghai,0028028,0028067,3.080155199405308,,6,
shanghai,0028033,0028041,2.738261651606723,,4,
shanghai,0028038,0028041,2.117014881305143,,3,
shanghai,0028040,0028063,2.242958108848533,,4,
shanghai,0028040,0028067,1.30255731161377,,3,
shanghai,0028041,0028067,3.292052701879546,,5,
shanghai,0028041,0028046,2.047680039716349,,3,
shanghai,0028041,0028052,1.415309747799356,,3,
shanghai,0028045,0028063,2.486074490272039,,4,
shanghai,0028046,0028067,1.8479712493874894,,3,
shanghai,0028050,0028063,1.775068031373356,,3,
shanghai,0028050,0028067,2.0841254301989616,,4,
shanghai,0028052,0028067,3.118376771636726,,5,
shanghai,0028058,0028067,1.584075133183911,,3,
shanghai,0028063,0028067,5.121962291399849,,7,
shanghai,0028447,0028484,2.021810862230044,,3,
shanghai,0028457,0028484,1.6870599992607727,,3,
shanghai,0028459,0028484,2.8920474987332536,,4,
shanghai,0028463,0028484,2.7443534684101327,,5,
shanghai,0028484,0028485,3.0887787335730166,,4,
shanghai,0028505,0028536,2.2938740194908833,,3,
shanghai,0028881,0028882,3.2275134986656906,,4,
shanghai,0028924,0089447,3.5463035043433697,,4,
shanghai,0028924,0090931,2.620688201093953,,3,
shanghai,0028924,0064793,2.154729503042379,,3,
shanghai,0028925,0064794,4.061754711900489,,5,
shanghai,0028925,0087931,2.2811128217595757,,4,
shanghai,0028925,0075043,1.5619946512322118,,3,
shanghai,0028926,0064793,4.235910196069023,,5,
shanghai,0028926,0089447,2.7605094583465446,,3,
shanghai,0028926,0064794,2.2055044977623273,,3,
shanghai,0028926,0087931,1.8311714339505174,,3,
shanghai,0028926,0118487,1.8168615470852856,,3,
shanghai,0028927,0089447,1.4294449233542341,,3,
shanghai,0028928,0089447,2.5207357918390256,,3,
shanghai,0028928,0064794,2.1313573918740567,,3,
shanghai,0028928,0087931,1.6075990232227262,,3,
shanghai,0028928,0118487,2.1568251994443157,,3,
shanghai,0028928,0091917,2.1111773675295193,,3,
shanghai,0028928,0087933,1.7488206157371147,,3,
shanghai,0028930,0089447,2.565651203355865,,4,
shanghai,0028930,0118487,2.3744332824151613,,3,
shanghai,0028931,0064793,2.5143197845268626,,4,
shanghai,0028956,0028990,2.536453279688412,,4,
shanghai,0028956,0028985,1.90926703514541,,3,
shanghai,0028959,0028981,2.1269103200403836,,3,
shanghai,0028970,0028985,2.696169816924624,,4,
shanghai,0028970,0028981,1.9454435930766574,,3,
shanghai,0028971,0028985,2.4201141404006083,,3,
shanghai,0028971,0028981,1.6132932489611567,,3,
shanghai,0028973,0028981,1.6541170416287176,,3,
shanghai,0028974,0028981,1.5729713881529679,,3,
shanghai,0028976,0028985,2.3349365885624955,,3,
shanghai,0028992,0029027,1.783740324491157,,3,
shanghai,0028994,0029025,2.803549444947997,,4,
shanghai,0028994,0029029,2.45872574454769,,5,
shanghai,0028999,0029025,2.8585751436948423,,4,
shanghai,0029012,0029029,2.3284986928214377,,4,
shanghai,0029015,0029025,1.917178365539851,,3,
shanghai,0029017,0029029,2.356095763240819,,4,
shanghai,0029025,0029033,2.125198872408252,,3,
shanghai,0029029,0029033,1.9648641221588161,,3,
shanghai,0029079,0029105,2.1862467502967897,,3,
shanghai,0029080,0029105,2.6169163474965766,,5,
shanghai,0029080,0029110,2.6454272802401393,,4,
shanghai,0029081,0029110,1.8552963007557162,,3,
shanghai,0029089,0029110,1.740442975245549,,3,
shanghai,0029486,0029488,2.7837180611188423,,3,
shanghai,0029488,0029489,2.8829638873612864,,3,
shanghai,0029488,0029491,2.803154927757417,,3,
shanghai,0029585,0029621,1.529517480714047,,3,
shanghai,0029588,0029621,2.0242381322670178,,3,
shanghai,0029594,0029621,1.782990158951285,,3,
shanghai,0029607,0029621,1.9854265332800776,,3,
shanghai,0029609,0029621,2.464084893912705,,4,
shanghai,0030164,0030193,1.4342855232014342,,3,
shanghai,0030171,0030193,1.962975016681805,,3,
shanghai,0030197,0030228,2.2613704734387845,,4,
shanghai,0031268,0031305,1.9871856751052988,,3,
shanghai,0031268,0031292,1.6880007488607132,,3,
shanghai,0031268,0031293,1.591056626661441,,3,
shanghai,0031268,0031290,1.5258919997275369,,3,
shanghai,0031292,0031303,2.100432280008023,,3,
shanghai,0031303,0031313,2.9740109344926564,,3,
shanghai,0031376,0031390,2.705029073053104,,3,
shanghai,0031636,0031637,6.818552046524829,,9,
shanghai,0031636,0109518,3.4190155576955323,,5,
shanghai,0031636,0031638,2.677118170883085,,4,
shanghai,0031637,0031638,2.5841811972210724,,5,
shanghai,0031637,0109518,1.8260168620585995,,3,
shanghai,0031638,0109518,1.5643593473783746,,3,
shanghai,0031647,0031670,2.4219054622368503,,3,
shanghai,0031647,0031669,1.7934117979834694,,3,
shanghai,0031654,0031670,2.6373398377388795,,4,
shanghai,0031816,0031824,1.2457344270965134,,3,
shanghai,0031817,0031820,1.8566894294570853,,3,
shanghai,0031817,0044185,1.7596677203909763,,3,
shanghai,0031817,0101548,1.6834891050927008,,4,
shanghai,0031818,0031824,2.131186191630336,,4,
shanghai,0031818,0041795,2.1245082413546634,,4,
shanghai,0031820,0031824,1.6977484538398668,,4,
shanghai,0031820,0073568,1.5609990730780057,,4,
shanghai,0031837,0132481,2.8669934718001118,,3,
shanghai,0031837,0132485,2.651759998673437,,3,
shanghai,0032055,0068207,2.6438539935845986,,3,
shanghai,0032055,0032063,1.567871017327725,,3,
shanghai,0032056,0032063,4.188331336923364,,6,
shanghai,0032056,0068207,2.59506104500618,,3,
shanghai,0032063,0032067,2.2245287712965016,,4,
shanghai,0032063,0032065,2.1762240783795375,,3,
shanghai,0032063,0032068,1.7808019243798152,,3,
shanghai,0032072,0068207,2.7626014323300088,,3,
shanghai,0032152,0032163,2.4185263970535553,,3,
shanghai,0032152,0082079,1.9203240864203148,,3,
shanghai,0032152,0117103,1.5239602423249066,,3,
shanghai,0032161,0042813,1.5079171908975022,,4,
shanghai,0032163,0032164,3.247844307139236,,4,
shanghai,0032211,0032238,1.5098414119875168,,3,
shanghai,0032217,0032238,1.5662396662356497,,3,
shanghai,0032218,0032248,2.8824807834938886,,3,
shanghai,0032231,0032248,2.9001165991848827,,3,
shanghai,0032301,0068953,2.5617287120134398,,3,
shanghai,0032388,0159453,2.014955971078044,,3,
shanghai,0032393,0238127,2.2852041404152517,,3,
shanghai,0032409,0032440,2.0724109803804875,,3,
shanghai,0032413,0032441,2.0032598759603157,,3,
shanghai,0032445,0032448,2.6692713790433316,,3,
shanghai,0032445,0032447,1.81853268360708,,4,
shanghai,0032447,0032448,4.288694362109389,,5,
shanghai,0032449,0032451,9.270885108960037,,12,
shanghai,0032449,0089502,1.2981334520891326,,4,
shanghai,0032451,0035412,3.7618287288641516,,4,
shanghai,0032963,0033006,1.7597593332244916,,3,
shanghai,0032964,0033009,1.9176271823338515,,3,
shanghai,0032966,0033009,2.222115649668337,,3,
shanghai,0032966,0033013,2.6983744579038222,,3,
shanghai,0032975,0032995,2.2622334412584206,,4,
shanghai,0032981,0032995,2.3204631235627073,,4,
shanghai,0032984,0032995,1.299181687344686,,3,
shanghai,0032986,0033006,2.1105568765457434,,3,
shanghai,0032991,0032995,1.8117077580840721,,3,
shanghai,0032995,0033016,1.846007725760323,,3,
shanghai,0033039,0033055,1.9627478111993453,,3,
shanghai,0033264,0033286,2.149025709795797,,3,
shanghai,0033421,0033452,2.9657478773181287,,4,
shanghai,0033459,0033490,2.810403195112822,,4,
shanghai,0033465,0033493,2.7401276234120515,,4,
shanghai,0033467,0033490,2.0054443014677332,,3,
shanghai,0034088,0173234,5.0502729002988085,,6,
shanghai,0034088,0044167,4.162050788038805,,6,
shanghai,0034088,0069864,2.8530072186565354,,4,
shanghai,0034088,0089142,1.8706183362980777,,4,
shanghai,0034089,0044167,3.3014477649164804,,5,
shanghai,0034135,0034137,2.2246935058716533,,3,
shanghai,0034183,0034206,2.0733489495912805,,3,
shanghai,0034206,0034208,2.507027262132914,,3,
shanghai,0034221,0034253,1.69350325502359,,3,
shanghai,0034432,0034470,2.019064373973605,,3,
shanghai,0034434,0034470,2.141385232465002,,4,
shanghai,0034535,0034546,1.9662963686906667,,3,
shanghai,0034549,0126976,3.44184122653415,,4,
shanghai,0034549,0157539,2.0517854927028294,,3,
shanghai,0034549,0231994,1.8857178037394213,,3,
shanghai,0034556,0235666,2.3018452202589748,,4,
shanghai,0034556,0089141,2.065985072693752,,5,
shanghai,0034556,0084699,1.6030312146765842,,4,
shanghai,0034563,0034586,2.265961730280857,,3,
shanghai,0034570,0034586,2.2575186937103187,,3,
shanghai,0034634,0086697,2.1110565732604094,,4,
shanghai,0034638,0097814,2.728090222382261,,4,
shanghai,0034638,0086699,1.4585236089481255,,3,
shanghai,0034638,0042374,1.1120601325394661,,3,
shanghai,0034638,0086695,0.7431182118305759,,3,
shanghai,0034639,0086697,1.5963460154401499,,3,
shanghai,0034642,0034643,8.984590485407011,,12,
shanghai,0034642,0087390,2.4260639707814824,,3,
shanghai,0034642,0084129,1.275427573658827,,3,
shanghai,0034642,0084696,1.0921734545478883,,3,
shanghai,0034643,0084696,2.17521207659843,,3,
shanghai,0034643,0089095,1.5854429209314111,,3,
shanghai,0034643,0077196,1.5009928725113146,,3,
shanghai,0034838,0034844,3.374082974901639,,4,
shanghai,0034860,0198524,2.827919597053513,,3,
shanghai,0034935,0034947,2.138113041855655,,3,
shanghai,0034947,0034952,2.2127403847123723,,3,
shanghai,0035010,0035011,3.190031448712248,,5,
shanghai,0035010,0035015,2.5683125940199956,,3,
shanghai,0035014,0035017,2.3450742074585387,,3,
shanghai,0035014,0036790,2.0890075778938253,,3,
shanghai,0035014,0042301,2.0842002482926976,,3,
shanghai,0035015,0042301,1.8235600228273103,,3,
shanghai,0035016,0035017,2.1110917280891006,,3,
shanghai,0035016,0042301,1.9929352703549323,,3,
shanghai,0035018,0172405,2.254149479999919,,3,
shanghai,0035019,0042429,1.5448243751395676,,3,
shanghai,0035023,0042301,1.8521689389219769,,3,
shanghai,0035023,0036822,2.7229000719267384,,3,
shanghai,0035024,0172405,2.6174993603078978,,3,
shanghai,0035078,0062987,8.289640723156378,,12,
shanghai,0035078,0065477,3.701162413998111,,6,
shanghai,0035078,0065474,3.2423015582851744,,6,
shanghai,0035078,0115638,3.0503199861825108,,6,
shanghai,0035078,0065478,3.039888516228073,,5,
shanghai,0035078,0065470,2.844767947635356,,4,
shanghai,0035078,0065461,2.2367150159219342,,3,
shanghai,0035078,0065462,2.199234660298371,,3,
shanghai,0035078,0079678,2.1847275853420505,,4,
shanghai,0035078,0062998,2.0221809022742927,,3,
shanghai,0035078,0062989,1.9877168862100298,,3,
shanghai,0035078,0065463,1.8456054810302445,,3,
shanghai,0035078,0065460,1.6123610471938357,,4,
shanghai,0035078,0156024,1.608790592818742,,4,
shanghai,0035078,0065473,1.5426149021829356,,3,
shanghai,0035079,0084130,2.3341355348790334,,3,
shanghai,0035079,0065464,1.8029331491356029,,4,
shanghai,0035080,0132616,2.131574174151942,,3,
shanghai,0035081,0132616,6.294500771502255,,7,
shanghai,0035083,0109573,1.2167524596828083,,3,
shanghai,0035083,0201446,3.9142105566805565,,5,
shanghai,0035083,0044899,3.0583450906631198,,6,
shanghai,0035083,0065881,2.604021691739719,,5,
shanghai,0035083,0065928,2.3759121263884078,,4,
shanghai,0035083,0065886,1.9525272228134365,,3,
shanghai,0035083,0065951,1.9134902973768633,,3,
shanghai,0035083,0044900,1.6959706206514777,,3,
shanghai,0035083,0065892,1.663433579821727,,3,
shanghai,0035083,0109364,1.5952676786609328,,3,
shanghai,0035083,0065952,1.4063868376219337,,3,
shanghai,0035083,0065913,1.1017422576221936,,3,
shanghai,0035084,0065922,1.3296289945706978,,3,
shanghai,0035084,0065890,1.0089140527510156,,3,
shanghai,0035089,0166226,6.400361238068924,,9,
shanghai,0035091,0109545,2.638381562589963,,3,
shanghai,0035092,0109519,7.393592414534426,,9,
shanghai,0035092,0145878,1.89611389005352,,3,
shanghai,0035092,0147747,1.1484864178272411,,3,
shanghai,0035100,0109525,1.5832157638557591,,3,
shanghai,0035105,0219848,2.7349666562032677,,4,
shanghai,0035105,0035110,2.3657518140529756,,3,
shanghai,0035105,0089702,1.9227556939402282,,3,
shanghai,0035105,0115828,1.5375928480484018,,3,
shanghai,0035105,0090391,1.4247158258734285,,3,
shanghai,0035105,0102692,1.3815534737563844,,3,
shanghai,0035110,0089321,2.407099107556327,,3,
shanghai,0035110,0061182,0.9590463100721054,,3,
shanghai,0035190,0035191,2.687344668735729,,3,
shanghai,0035191,0035193,2.4777482337554346,,3,
shanghai,0035191,0035204,12.91920735041936,,15,
shanghai,0035191,0078936,2.800779633502104,,4,
shanghai,0035191,0035199,2.5167108648376013,,3,
shanghai,0035191,0109249,2.4943756306358207,,3,
shanghai,0035192,0035204,3.3628076048645963,,4,
shanghai,0035192,0078933,3.391730244028595,,5,
shanghai,0035192,0078936,2.1112761178930533,,3,
shanghai,0035192,0078934,1.646854043508232,,3,
shanghai,0035192,0109248,2.8127304289662005,,4,
shanghai,0035192,0035202,2.1469979708910527,,3,
shanghai,0035192,0089132,1.8954681111241685,,3,
shanghai,0035193,0035204,7.996677981437338,,10,
shanghai,0035193,0078933,5.4450093013069765,,9,
shanghai,0035193,0143767,4.012338992441171,,5,
shanghai,0035193,0035198,3.9300701162873133,,6,
shanghai,0035193,0100446,3.720457521950507,,7,
shanghai,0035193,0063587,3.0987477147373252,,5,
shanghai,0035193,0195862,2.6911901628221133,,5,
shanghai,0035193,0035200,2.595572376739825,,3,
shanghai,0035193,0100452,2.55587688958958,,5,
shanghai,0035193,0035201,2.5180055079739634,,3,
shanghai,0035194,0035204,7.180895774012823,,8,
shanghai,0035194,0063587,2.115773999519624,,4,
shanghai,0035194,0063590,2.211465670775343,,4,
shanghai,0035194,0100453,2.3039845195279107,,3,
shanghai,0035194,0063585,3.1815868443360924,,6,
shanghai,0035194,0195862,2.350834228466794,,3,
shanghai,0035195,0035200,2.553040789265325,,3,
shanghai,0035195,0035203,2.7727774271033896,,5,
shanghai,0035195,0035204,10.007358663423798,,11,
shanghai,0035195,0063581,4.790085361802835,,8,
shanghai,0035195,0078933,3.835281297062179,,5,
shanghai,0035195,0100452,2.1710058202727898,,4,
shanghai,0035195,0109248,3.855911129678316,,5,
shanghai,0035195,0195862,2.698140912257894,,4,
shanghai,0035196,0035198,2.580462652579458,,3,
shanghai,0035197,0035204,5.261571950216417,,6,
shanghai,0035197,0109249,2.2166408149272536,,3,
shanghai,0035197,0195862,2.017694484494296,,3,
shanghai,0035198,0078933,4.127070245042761,,6,
shanghai,0035198,0035204,3.751604196960285,,4,
shanghai,0035198,0063581,3.5331443461769543,,6,
shanghai,0035198,0109248,2.669986380316777,,3,
shanghai,0035198,0082803,2.512464375706247,,4,
shanghai,0035198,0143767,2.4772742793032076,,3,
shanghai,0035199,0035204,3.791665483193121,,4,
shanghai,0035199,0063587,2.3753343831211327,,5,
shanghai,0035199,0063590,1.8237947271806942,,3,
shanghai,0035199,0078933,2.728725442584624,,4,
shanghai,0035199,0100446,2.6476958520283174,,5,
shanghai,0035199,0109248,2.350560776276623,,3,
shanghai,0035200,0035204,7.77378920472646,,9,
shanghai,0035200,0063581,4.30196802496306,,7,
shanghai,0035200,0109248,3.039001822998955,,4,
shanghai,0035200,0109250,2.523559985104167,,3,
shanghai,0035200,0035203,2.371705973461448,,3,
shanghai,0035201,0035203,2.375300552539,,3,
shanghai,0035201,0195862,4.125488140736129,,5,
shanghai,0035201,0089501,2.6650795989367158,,3,
shanghai,0035201,0143767,2.506485689347395,,3,
shanghai,0035202,0035203,2.208686947855913,,3,
shanghai,0035202,0109251,2.0788006111176243,,3,
shanghai,0035203,0109250,5.878404136483927,,7,
shanghai,0035203,0078933,5.003877456990882,,8,
shanghai,0035203,0035204,4.405321712086346,,5,
shanghai,0035203,0078936,3.2732109805632414,,5,
shanghai,0035203,0109249,2.7368525227834035,,3,
shanghai,0035203,0063590,2.4190365534624254,,4,
shanghai,0035300,0035330,1.667874530219633,,3,
shanghai,0035310,0035330,2.047316556263686,,3,
shanghai,0035312,0035334,2.3855270455575566,,3,
shanghai,0035341,0035368,2.8082495811578894,,3,
shanghai,0035341,0035354,2.4947638735001147,,3,
shanghai,0035342,0035375,2.8436835236481146,,4,
shanghai,0035342,0035372,1.9922304350776145,,4,
shanghai,0035344,0035375,2.534100189219229,,5,
shanghai,0035347,0035372,2.2325916251856976,,4,
shanghai,0035349,0035375,1.9563032278794985,,3,
shanghai,0035350,0035372,3.675611030835278,,7,
shanghai,0035350,0035375,2.6432719807987612,,4,
shanghai,0035351,0035372,1.7393692520246646,,3,
shanghai,0035351,0035375,3.630543173748544,,7,
shanghai,0035352,0035372,1.6740642482417343,,3,
shanghai,0035353,0035372,2.723856854317175,,5,
shanghai,0035353,0035375,2.309755430092374,,4,
shanghai,0035355,0035372,1.3190363824798619,,3,
shanghai,0035360,0035375,3.353463468972803,,5,
shanghai,0035362,0035372,2.259596152593277,,4,
shanghai,0035364,0035375,2.199130032925427,,4,
shanghai,0035366,0035372,3.0471261026310086,,5,
shanghai,0035366,0035375,2.3055246949952846,,4,
shanghai,0035367,0035375,1.917673076992554,,3,
shanghai,0035368,0035372,3.992266784976332,,7,
shanghai,0035372,0035375,5.188961518915667,,7,
shanghai,0035372,0035373,1.5717980878871562,,3,
shanghai,0035373,0035375,3.283178347300385,,5,
shanghai,0035420,0039143,1.6396690230355153,,3,
shanghai,0035420,0082176,1.4625913024247503,,4,
shanghai,0035420,0039142,1.0653324007617964,,3,
shanghai,0035423,0117216,1.6911471828212246,,3,
shanghai,0035424,0039143,3.5307057302510283,,6,
shanghai,0035424,0082176,1.6478988334985103,,3,
shanghai,0035424,0089479,1.9862464452889583,,3,
shanghai,0035494,0037671,2.5593716848474357,,3,
shanghai,0035494,0035495,3.9377914206871854,,4,
shanghai,0035494,0045430,3.368415962044433,,4,
shanghai,0035494,0035516,1.6753134495517394,,3,
shanghai,0035511,0035512,3.5460442898863445,,4,
shanghai,0035512,0035516,11.10942439084416,,14,
shanghai,0035512,0035515,7.600932678575767,,8,
shanghai,0035512,0035517,4.607437772225163,,5,
shanghai,0035512,0054632,3.67561129542103,,5,
shanghai,0035512,0045429,3.47130185238188,,7,
shanghai,0035512,0035514,2.2902758282051865,,3,
shanghai,0035512,0054721,1.8959512415248132,,3,
shanghai,0035512,0129528,1.6533100913541565,,3,
shanghai,0035512,0054555,1.2342715074212713,,3,
shanghai,0035515,0035516,3.8080641731029545,,4,
shanghai,0035515,0035517,2.69373609741618,,3,
shanghai,0035516,0045429,2.702118249319904,,4,
shanghai,0035516,0054676,2.444420426127425,,3,
shanghai,0035516,0129524,2.2491686488904437,,3,
shanghai,0035516,0045430,1.3733870492370321,,3,
shanghai,0035552,0086937,1.5131299619831637,,3,
shanghai,0035562,0035568,3.5193141094307574,,5,
shanghai,0035562,0035564,2.679766846604628,,3,
shanghai,0035586,0164990,2.078943205527748,,3,
shanghai,0035596,0143450,1.8162042185879324,,3,
shanghai,0035632,0128917,2.8384576366258547,,3,
shanghai,0035634,0146735,3.4273083131572313,,4,
shanghai,0035634,0069841,2.2538658497999053,,3,
shanghai,0035635,0156932,2.281327483195213,,3,
shanghai,0035636,0143424,3.7953564952814514,,4,
shanghai,0035636,0036786,3.4859383542461666,,4,
shanghai,0035636,0035672,3.2806604687374805,,4,
shanghai,0035636,0105955,2.177670567372357,,3,
shanghai,0035636,0041393,1.6710362404006214,,3,
shanghai,0035638,0109149,5.403222101740827,,7,
shanghai,0035638,0066402,3.3378480873419476,,4,
shanghai,0035638,0089497,2.8007505109373243,,3,
shanghai,0035638,0109148,2.7574257357921415,,3,
shanghai,0035638,0066399,2.652930023266356,,3,
shanghai,0035638,0089114,2.340841624471065,,3,
shanghai,0035638,0066407,1.8044199229216906,,3,
shanghai,0035639,0089734,11.808465421604343,,15,
shanghai,0035639,0234643,5.781437600556377,,7,
shanghai,0035639,0070142,5.422795267662888,,6,
shanghai,0035639,0109203,4.536431549162106,,6,
shanghai,0035639,0044160,3.6331515425055767,,4,
shanghai,0035639,0087203,2.75431750682143,,4,
shanghai,0035639,0069877,2.577627144823853,,3,
shanghai,0035640,0147704,2.6603453040272065,,4,
shanghai,0035640,0147702,3.5557150796779893,,5,
shanghai,0035640,0109216,2.1307151321388504,,3,
shanghai,0035640,0147706,2.160100541826147,,4,
shanghai,0035640,0054350,6.168324965463162,,8,
shanghai,0035640,0118436,2.9914514701750274,,4,
shanghai,0035640,0074034,2.454457571610118,,3,
shanghai,0035640,0077129,2.3765884262437638,,4,
shanghai,0035640,0061187,2.366000457022324,,4,
shanghai,0035640,0054359,2.278771019649699,,3,
shanghai,0035640,0117493,2.0397538916954856,,3,
shanghai,0035641,0132987,2.538092964593388,,3,
shanghai,0035641,0108969,2.2520753362843524,,4,
shanghai,0035642,0089316,5.792163093968532,,7,
shanghai,0035642,0102784,4.161212686308274,,5,
shanghai,0035642,0089697,4.063070512536878,,6,
shanghai,0035642,0213588,4.0367954548315925,,5,
shanghai,0035642,0076991,2.7704653482268924,,4,
shanghai,0035642,0102783,2.65711396109795,,3,
shanghai,0035642,0235239,2.573431983696879,,3,
shanghai,0035642,0102786,2.554374263592858,,4,
shanghai,0035642,0102741,2.212980236435361,,3,
shanghai,0035642,0102739,2.1133063218777197,,3,
shanghai,0035642,0087180,2.056057899530646,,3,
shanghai,0035642,0102756,1.931589588128702,,3,
shanghai,0035642,0102773,1.8605262475965578,,3,
shanghai,0035642,0102737,1.3788811210790848,,3,
shanghai,0035643,0096367,3.7407062626961487,,4,
shanghai,0035644,0089397,2.7033241718936645,,3,
shanghai,0035644,0174615,2.4666598025036905,,3,
shanghai,0035644,0235046,2.448021964289946,,4,
shanghai,0035644,0074639,1.5804864527743991,,3,
shanghai,0035645,0105368,2.8363816802986355,,3,
shanghai,0035645,0035661,2.0810420998111017,,3,
shanghai,0035646,0063370,1.4538474720221988,,3,
shanghai,0035646,0084197,2.561143622544225,,4,
shanghai,0035646,0126733,3.481107771468963,,6,
shanghai,0035646,0044629,4.4906157651899585,,5,
shanghai,0035646,0077466,3.4954182660443385,,6,
shanghai,0035646,0084196,2.9420051996989622,,5,
shanghai,0035646,0097811,2.9055702850769336,,4,
shanghai,0035646,0042734,2.566572386943518,,3,
shanghai,0035646,0089306,2.5664910105474603,,3,
shanghai,0035646,0089688,2.4786810102458565,,3,
shanghai,0035646,0073518,2.04643501344059,,3,
shanghai,0035646,0070165,2.0413883141560993,,3,
shanghai,0035646,0101693,1.9799470415900307,,3,
shanghai,0035646,0063368,1.5769478084188435,,3,
shanghai,0035647,0070169,2.7099500732093924,,3,
shanghai,0035647,0203649,1.7742439656499678,,3,
shanghai,0035647,0076995,6.006872046238426,,8,
shanghai,0035647,0035658,5.737501126296465,,8,
shanghai,0035647,0143841,2.8744503435549325,,4,
shanghai,0035648,0073836,13.83115780115544,,18,
shanghai,0035648,0089332,11.492991607721953,,14,
shanghai,0035648,0089712,8.251599849965244,,10,
shanghai,0035648,0036784,5.632700968502717,,7,
shanghai,0035648,0114231,4.588398795102299,,6,
shanghai,0035648,0114229,3.9817834497064637,,5,
shanghai,0035648,0113310,3.7520920911249585,,4,
shanghai,0035648,0042763,3.629230380926247,,7,
shanghai,0035648,0112332,3.3243791241146767,,4,
shanghai,0035648,0143685,3.2000984044445078,,5,
shanghai,0035648,0100682,2.789673594140485,,4,
shanghai,0035649,0157413,2.552236821149163,,3,
shanghai,0035649,0162009,2.3647630729233855,,3,
shanghai,0035650,0036779,2.677168479546416,,3,
shanghai,0035651,0070164,3.7155379338302144,,4,
shanghai,0035651,0077141,1.6097994510097635,,3,
shanghai,0035651,0086196,3.468197061036056,,5,
shanghai,0035651,0089613,1.9283843649703947,,3,
shanghai,0035651,0089230,2.374463271994532,,3,
shanghai,0035651,0077140,2.2201962495017784,,4,
shanghai,0035651,0234656,4.506041856172421,,5,
shanghai,0035651,0118962,4.133814516424171,,6,
shanghai,0035651,0177556,3.339552147137176,,5,
shanghai,0035651,0103137,3.204000967770739,,4,
shanghai,0035651,0103122,3.0498032666335813,,4,
shanghai,0035651,0103119,2.450813419859359,,3,
shanghai,0035651,0044166,2.432895470416801,,3,
shanghai,0035651,0084662,1.9349743200440426,,4,
shanghai,0035651,0103127,1.9260569995292607,,3,
shanghai,0035652,0201377,3.4099892784269255,,4,
shanghai,0035653,0084665,3.4738019168866363,,5,
shanghai,0035653,0157825,3.2300236370809308,,4,
shanghai,0035653,0089120,3.067426963210307,,6,
shanghai,0035653,0089503,2.8488034429060995,,4,
shanghai,0035653,0144076,2.805909751033776,,4,
shanghai,0035653,0118959,2.6979683189892585,,5,
shanghai,0035653,0170888,2.455005718512016,,3,
shanghai,0035653,0073649,2.2700612493171937,,5,
shanghai,0035653,0154003,2.2540807941531766,,3,
shanghai,0035653,0114216,2.1153592387173594,,4,
shanghai,0035653,0087224,2.0798614092645527,,3,
shanghai,0035653,0074506,2.051940456733627,,4,
shanghai,0035653,0112348,1.9367496984138732,,3,
shanghai,0035653,0083017,1.6943923426209224,,3,
shanghai,0035653,0075452,1.6321051650113538,,3,
shanghai,0035656,0102602,3.253342005552911,,4,
shanghai,0035659,0080367,3.2692602031684452,,4,
shanghai,0035659,0080357,2.7403472841360608,,3,
shanghai,0035659,0169591,2.5733250125058595,,3,
shanghai,0035659,0109196,2.422380836013372,,3,
shanghai,0035659,0147707,2.366421504597774,,3,
shanghai,0035659,0118913,2.2681771554541577,,3,
shanghai,0035659,0147709,1.7369016986103372,,3,
shanghai,0035660,0089234,1.4760173398261305,,4,
shanghai,0035660,0109086,4.024063466400465,,5,
shanghai,0035660,0133778,2.6493564686609608,,3,
shanghai,0035660,0077085,2.224480006535604,,3,
shanghai,0035660,0082967,1.9412624451012337,,3,
shanghai,0035660,0044165,1.9125062109362456,,3,
shanghai,0035660,0235111,1.7483115645759635,,3,
shanghai,0035664,0108366,5.964303219781222,,7,
shanghai,0035664,0108379,5.645572475735584,,6,
shanghai,0035664,0108355,5.237175454585878,,6,
shanghai,0035664,0108375,5.042886847617285,,6,
shanghai,0035664,0108361,4.511087767671718,,5,
shanghai,0035664,0108340,4.355308783910459,,5,
shanghai,0035664,0108349,3.757108496578884,,4,
shanghai,0035664,0108371,3.621251662862842,,4,
shanghai,0035664,0108341,3.6203844228219726,,4,
shanghai,0035664,0108374,3.5372056915748464,,4,
shanghai,0035664,0108367,3.421199543891579,,4,
shanghai,0035664,0219954,2.9662209788433063,,4,
shanghai,0035664,0235106,2.9644440831226464,,5,
shanghai,0035664,0040511,2.833980582941262,,4,
shanghai,0035664,0108358,2.821813170601697,,3,
shanghai,0035665,0119046,2.8900440478427547,,5,
shanghai,0035665,0089266,2.839910313529983,,4,
shanghai,0035665,0043239,2.618573485279053,,3,
shanghai,0035666,0146720,2.486152834474496,,3,
shanghai,0035666,0112405,3.4352830618015444,,4,
shanghai,0035666,0035771,2.639481053011359,,3,
shanghai,0035666,0089467,2.5111011042591165,,3,
shanghai,0035666,0077111,2.4485332609247124,,3,
shanghai,0035666,0085812,2.3850845134706593,,3,
shanghai,0035666,0219976,1.759314319438304,,3,
shanghai,0035667,0050909,6.839806893535173,,8,
shanghai,0035667,0089420,5.815661904745395,,7,
shanghai,0035667,0079670,3.4626560356584313,,5,
shanghai,0035667,0050878,3.398121459733807,,4,
shanghai,0035667,0089038,3.195619833804272,,4,
shanghai,0035667,0050901,3.09988115197244,,4,
shanghai,0035667,0050891,2.705940376074288,,3,
shanghai,0035667,0050911,2.5727506679978256,,3,
shanghai,0035667,0050875,2.5067864576464065,,3,
shanghai,0035667,0050917,1.8974930086576025,,3,
shanghai,0035668,0108712,2.547697358231972,,3,
shanghai,0035669,0109565,2.9981533434625494,,4,
shanghai,0035669,0044770,2.642193423637226,,3,
shanghai,0035670,0089693,4.584836928290829,,5,
shanghai,0035670,0089312,2.4525216495056146,,3,
shanghai,0035671,0077164,4.1209360649151145,,6,
shanghai,0035671,0235102,2.177347993956285,,5,
shanghai,0035671,0235104,6.9344975472426285,,12,
shanghai,0035671,0077167,2.984011852912407,,6,
shanghai,0035671,0113066,3.6106077743329377,,4,
shanghai,0035671,0090372,3.542188775217294,,4,
shanghai,0035671,0073572,2.8440130187441324,,5,
shanghai,0035671,0048345,2.6828967057308395,,4,
shanghai,0035671,0109357,2.590235904901806,,3,
shanghai,0035671,0045380,2.5406423850153175,,3,
shanghai,0035671,0045381,2.3385231931963073,,4,
shanghai,0035671,0089426,2.161217151263749,,3,
shanghai,0035671,0113297,2.0643790315115718,,3,
shanghai,0035671,0142968,2.0310252214287887,,3,
shanghai,0035671,0039050,1.7863424939149084,,3,
shanghai,0035672,0105951,4.583791737309869,,5,
shanghai,0035672,0143424,4.493943316367439,,5,
shanghai,0035672,0106002,3.352764065649641,,4,
shanghai,0035672,0060234,3.1107378147243105,,4,
shanghai,0035672,0105973,3.082025340507266,,4,
shanghai,0035672,0105980,2.7510595304183907,,3,
shanghai,0035672,0069552,2.689034125903726,,3,
shanghai,0035672,0105959,2.5720485772464783,,3,
shanghai,0035672,0106006,2.5291722399333594,,3,
shanghai,0035672,0105985,1.920447711544766,,3,
shanghai,0035691,0096434,2.3392145385638594,,3,
shanghai,0035697,0050202,3.7806337022040957,,4,
shanghai,0035701,0082377,5.566490380987965,,6,
shanghai,0035770,0074555,4.072508929160946,,5,
shanghai,0035770,0117545,1.7467165407842058,,3,
shanghai,0035771,0077111,2.4289614040122416,,3,
shanghai,0035771,0100696,1.5710519049829625,,3,
shanghai,0035771,0074541,1.3915346993718085,,3,
shanghai,0035772,0041631,3.069543204784223,,4,
shanghai,0035772,0089367,2.02653753153872,,3,
shanghai,0035860,0146945,4.612206872973089,,5,
shanghai,0035860,0089604,2.8403810208424956,,3,
shanghai,0035864,0070152,2.34184444277248,,3,
shanghai,0035883,0128996,2.4067716908788057,,3,
shanghai,0035901,0096586,1.8998532988968717,,3,
shanghai,0035914,0128940,1.6405524257326722,,4,
shanghai,0035914,0231249,1.5132597349090395,,3,
shanghai,0035914,0149886,1.2650663320860405,,3,
shanghai,0035923,0082726,6.625952573027112,,8,
shanghai,0035923,0089195,6.366083646641956,,9,
shanghai,0035923,0082722,4.3564968372768105,,6,
shanghai,0035923,0082724,3.05718493604338,,4,
shanghai,0035923,0082731,2.658107339139211,,3,
shanghai,0035923,0082729,2.433872041153403,,3,
shanghai,0035923,0082727,2.0731079971493203,,3,
shanghai,0035923,0147093,0.9058871721916655,,3,
shanghai,0036076,0068520,2.7724257723169115,,3,
shanghai,0036170,0152939,3.13825376394779,,4,
shanghai,0036170,0041769,1.8885436134436504,,3,
shanghai,0036176,0096262,7.240988845414742,,8,
shanghai,0036176,0068881,2.5507143554201286,,3,
shanghai,0036212,0162009,2.4877688639816986,,3,
shanghai,0036213,0089622,1.7294927961994326,,3,
shanghai,0036553,0036559,3.391722076701629,,4,
shanghai,0036553,0036554,2.8046439731698207,,4,
shanghai,0036554,0036558,5.314872056114776,,6,
shanghai,0036554,0036559,3.481289043796971,,4,
shanghai,0036554,0146749,2.3018013656144714,,3,
shanghai,0036558,0045600,2.033401194566321,,4,
shanghai,0036560,0036570,5.468929881092268,,6,
shanghai,0036560,0069965,2.5378345170837595,,3,
shanghai,0036562,0036563,3.459156740140431,,4,
shanghai,0036569,0036570,2.022038784507105,,3,
shanghai,0036609,0187053,5.904532034741145,,8,
shanghai,0036616,0143450,3.6796456826315236,,4,
shanghai,0036643,0235088,1.2687542136693617,,3,
shanghai,0036644,0182230,3.6173085120435844,,4,
shanghai,0036685,0130242,2.7847263612416344,,3,
shanghai,0036686,0130242,3.673301783466188,,4,
shanghai,0036687,0076991,2.486761115987316,,3,
shanghai,0036687,0129232,2.365009531113734,,3,
shanghai,0036705,0146749,10.194333925917833,,11,
shanghai,0036705,0064915,6.6978753077048765,,8,
shanghai,0036705,0234665,6.2826796277699435,,8,
shanghai,0036705,0064913,6.254660513794787,,8,
shanghai,0036705,0117119,5.111848301681679,,6,
shanghai,0036705,0146748,4.955214039286574,,6,
shanghai,0036705,0234666,4.2625560187447995,,7,
shanghai,0036705,0064916,4.217511297043368,,6,
shanghai,0036705,0084108,3.4037342094507346,,5,
shanghai,0036705,0146750,3.195683632179442,,4,
shanghai,0036705,0165040,3.161492976839796,,5,
shanghai,0036705,0064910,2.7948023895818266,,4,
shanghai,0036705,0064926,2.76737915251944,,4,
shanghai,0036705,0064922,2.736135363548181,,4,
shanghai,0036705,0113074,2.696915877655316,,3,
shanghai,0036714,0138975,9.242226830531008,,11,
shanghai,0036714,0138977,7.659543193762728,,10,
shanghai,0036714,0162396,7.325841600877918,,8,
shanghai,0036714,0138988,6.939271011257132,,9,
shanghai,0036714,0113293,5.984967721211909,,7,
shanghai,0036714,0138978,5.8746638686053565,,7,
shanghai,0036714,0138981,5.5205492741318585,,7,
shanghai,0036714,0234663,4.983473892683672,,6,
shanghai,0036714,0138991,4.5741351712502505,,6,
shanghai,0036714,0138984,4.509866366297025,,6,
shanghai,0036714,0090355,4.470174756901911,,6,
shanghai,0036714,0113292,4.345697826627131,,5,
shanghai,0036714,0118576,4.183821911257547,,6,
shanghai,0036714,0133742,3.9187183599883735,,5,
shanghai,0036714,0138994,3.6486479879039724,,4,
shanghai,0036734,0220912,2.6158055537812954,,3,
shanghai,0036741,0070166,1.5092497200997306,,3,
shanghai,0036744,0155458,2.5386445786097926,,3,
shanghai,0036769,0070167,5.675331324934324,,7,
shanghai,0036769,0068817,3.2391709427050643,,4,
shanghai,0036772,0205108,5.360516101589009,,6,
shanghai,0036772,0205105,4.945343857028223,,6,
shanghai,0036774,0065460,1.7007515103478759,,3,
shanghai,0036774,0065462,2.376161056636945,,4,
shanghai,0036774,0118808,2.299775487459871,,3,
shanghai,0036780,0113063,6.052126837642678,,7,
shanghai,0036780,0143091,3.721191698143964,,4,
shanghai,0036780,0083452,3.579119201246044,,4,
shanghai,0036780,0119073,2.8200290025837353,,4,
shanghai,0036780,0146707,2.8053661228102,,3,
shanghai,0036780,0162397,2.6996274842335435,,3,
shanghai,0036781,0083549,2.795277760154229,,3,
shanghai,0036781,0102649,2.3918645315504836,,3,
shanghai,0036784,0073836,2.9751265872641355,,4,
shanghai,0036784,0234885,2.277417729871811,,3,
shanghai,0036784,0089712,2.854756609287651,,4,
shanghai,0036784,0083037,2.7250234259717483,,5,
shanghai,0036784,0114231,2.449928861415984,,3,
shanghai,0036784,0054423,1.9991439755276486,,3,
shanghai,0036786,0083558,2.613735574031102,,3,
shanghai,0036787,0045430,2.5758710329300163,,3,
shanghai,0036787,0045429,7.597574768514754,,9,
shanghai,0036788,0070307,2.448963932537145,,3,
shanghai,0036790,0083459,3.3212758078632776,,4,
shanghai,0036790,0143460,2.8301136831499036,,3,
shanghai,0036790,0042301,2.1286066493703943,,3,
shanghai,0036812,0203939,2.89896000927384,,3,
shanghai,0037020,0164332,3.3567566048767006,,6,
shanghai,0037049,0165304,2.0042262357069793,,3,
shanghai,0037134,0103137,2.0991190507642212,,3,
shanghai,0037134,0103146,2.676281887401545,,3,
shanghai,0037134,0103143,2.1859072739416137,,3,
shanghai,0037152,0172915,1.7658576434459523,,3,
shanghai,0037166,0109522,2.559373967351596,,4,
shanghai,0037170,0072038,2.1246345100536272,,3,
shanghai,0037172,0037184,2.5337506682543367,,3,
shanghai,0037174,0075335,1.792871180950906,,3,
shanghai,0037176,0077162,1.2147529692928143,,3,
shanghai,0037177,0061187,1.7129142590088637,,3,
shanghai,0037196,0086669,0.8842847161934453,,3,
shanghai,0037199,0147752,2.4033757703753054,,3,
shanghai,0037200,0038931,1.836749006356178,,3,
shanghai,0037217,0063384,1.7141998847074431,,3,
shanghai,0037218,0235091,1.3975333932459713,,3,
shanghai,0037220,0235088,2.7408825562977404,,4,
shanghai,0037221,0065464,1.3697287758200194,,3,
shanghai,0037221,0063009,2.8915203257261437,,4,
shanghai,0037221,0065471,2.2116968318086445,,3,
shanghai,0037223,0109526,3.4152706409909652,,4,
shanghai,0037293,0075336,2.898369100216542,,6,
shanghai,0037312,0055525,1.7547774442164066,,3,
shanghai,0037313,0037315,2.0547646076126043,,3,
shanghai,0037318,0055525,1.8408784807303387,,3,
shanghai,0037318,0055526,2.1342655846091034,,3,
shanghai,0037318,0055524,1.8731752229178866,,3,
shanghai,0037319,0038654,2.0719104127765195,,3,
shanghai,0037355,0085812,1.9815355493102167,,3,
shanghai,0037355,0100696,2.1401747961659434,,4,
shanghai,0037359,0086762,2.0469805859481554,,3,
shanghai,0037360,0044916,3.0043403439591163,,4,
shanghai,0037421,0061210,2.334673055954114,,4,
shanghai,0037444,0153525,1.3078877843121215,,3,
shanghai,0037563,0037565,3.102685147250337,,4,
shanghai,0037563,0037564,2.483176573095633,,4,
shanghai,0037591,0075925,2.1032089910221776,,3,
shanghai,0037643,0063082,1.0977499003233866,,3,
shanghai,0037644,0037666,1.4359285063895293,,3,
shanghai,0037666,0037670,4.9792657307487795,,6,
shanghai,0037666,0037671,3.5987168955548663,,5,
shanghai,0037666,0037667,3.440847161622701,,6,
shanghai,0037666,0037668,1.9730375164543947,,3,
shanghai,0037667,0164332,6.037625716000323,,16,
shanghai,0037667,0063082,1.0592536938587545,,3,
shanghai,0037667,0037670,7.001833136187326,,10,
shanghai,0037667,0037671,2.9943921689688233,,4,
shanghai,0037667,0037668,5.674762509740972,,7,
shanghai,0037667,0037669,2.361099271430306,,3,
shanghai,0037669,0037670,5.605651924497028,,7,
shanghai,0037669,0037671,2.467208160612657,,3,
shanghai,0037670,0164332,5.734650561864849,,14,
shanghai,0037670,0037671,6.537641145811321,,9,
shanghai,0037670,0037673,1.8697875110979063,,3,
shanghai,0037671,0164332,5.621524151770251,,14,
shanghai,0037674,0084700,2.5154278857436716,,4,
shanghai,0037674,0084711,2.233863711884671,,4,
shanghai,0037676,0201704,2.63066522595724,,4,
shanghai,0037676,0084463,2.456321141783521,,3,
shanghai,0037677,0085776,1.936696076205689,,3,
shanghai,0037680,0085994,3.6190028615850887,,5,
shanghai,0037683,0146599,1.993492816038065,,3,
shanghai,0037683,0146578,1.686160654605974,,3,
shanghai,0037683,0146627,1.5985721254443734,,3,
shanghai,0037683,0146639,1.2863490116769405,,3,
shanghai,0037703,0037704,5.211316364852868,,6,
shanghai,0037703,0037705,3.5433433964019274,,4,
shanghai,0037703,0037706,3.286564649112644,,4,
shanghai,0037703,0037720,2.5768946917730355,,4,
shanghai,0037704,0037706,2.330110343578637,,3,
shanghai,0037705,0038779,2.2233947274238544,,3,
shanghai,0037716,0037719,2.269786982875951,,3,
shanghai,0037753,0037840,3.3429826327244085,,4,
shanghai,0037759,0055616,2.135470193489488,,4,
shanghai,0037772,0143423,3.080640698898519,,4,
shanghai,0037776,0062833,2.283484158749626,,3,
shanghai,0037840,0199423,2.468817730067065,,3,
shanghai,0037848,0055516,2.08382873960032,,4,
shanghai,0037848,0038068,1.5857561861698422,,4,
shanghai,0037848,0071817,1.3064600278586438,,3,
shanghai,0037870,0084711,3.095460066155347,,4,
shanghai,0037993,0114044,2.3893160212032836,,4,
shanghai,0038028,0084656,3.027949329852322,,4,
shanghai,0038053,0100292,1.8731253009182622,,3,
shanghai,0038061,0115637,2.1700972144797106,,3,
shanghai,0038066,0159127,2.128372387008224,,3,
shanghai,0038106,0086152,2.222110759524922,,3,
shanghai,0038106,0074996,1.4198030931183463,,3,
shanghai,0038139,0086663,2.1227352300607807,,3,
shanghai,0038146,0119074,1.3313381973414162,,3,
shanghai,0038147,0117600,1.3015449560550827,,3,
shanghai,0038324,0085771,0.765447465672201,,3,
shanghai,0038324,0085874,9.246585534851203,,14,
shanghai,0038324,0085876,8.043298479663708,,11,
shanghai,0038324,0077095,2.747280384919653,,5,
shanghai,0038324,0077093,2.1575700323289486,,4,
shanghai,0038324,0109282,1.837540964641854,,3,
shanghai,0038324,0077094,1.556171746978619,,3,
shanghai,0038335,0147752,2.440866000665568,,3,
shanghai,0038438,0050276,2.4185595447555346,,3,
shanghai,0038489,0164332,3.5071762781607987,,5,
shanghai,0038489,0147768,4.235793265868573,,6,
shanghai,0038490,0077205,1.1297657975749238,,3,
shanghai,0038490,0186957,4.479169508086828,,6,
shanghai,0038492,0175674,3.9682334003684794,,6,
shanghai,0038654,0055525,5.26786056318754,,8,
shanghai,0038654,0055524,1.746016257609969,,3,
shanghai,0038654,0055526,1.9975012982854095,,3,
shanghai,0038654,0235317,1.4098346757909095,,4,
shanghai,0038654,0055527,1.1717511453656981,,3,
shanghai,0038779,0218434,2.146446554912077,,3,
shanghai,0038822,0055722,2.2418915083261473,,3,
shanghai,0038822,0146583,2.1536457589966624,,3,
shanghai,0038826,0075336,1.6018982252124006,,3,
shanghai,0038826,0075340,2.3614687195502144,,3,
shanghai,0038875,0089474,2.5852362166306753,,3,
shanghai,0038876,0089474,2.733470722927842,,3,
shanghai,0038883,0077237,1.5060372718503023,,3,
shanghai,0038884,0077235,1.1864808407038492,,3,
shanghai,0038885,0085763,0.7127062607520392,,3,
shanghai,0038885,0038886,5.26424517915686,,7,
shanghai,0038885,0039105,3.824266509110854,,8,
shanghai,0038885,0039106,1.8465984664844761,,3,
shanghai,0038885,0077232,1.7800993628359234,,3,
shanghai,0038886,0085763,1.2089399142344113,,3,
shanghai,0038886,0039105,3.2293233197783775,,5,
shanghai,0038886,0077237,2.416795701978862,,5,
shanghai,0038886,0077232,2.1334386647808667,,3,
shanghai,0038886,0039106,1.914891697584838,,5,
shanghai,0038901,0077144,2.7341411923987997,,4,
shanghai,0038901,0114475,1.4781256022155573,,3,
shanghai,0038907,0075000,2.7736578063883752,,6,
shanghai,0038907,0235085,2.6111753527481065,,5,
shanghai,0038907,0058474,5.326442622126442,,8,
shanghai,0038907,0077148,4.774230108713552,,8,
shanghai,0038907,0117884,2.3460467945175476,,5,
shanghai,0038907,0077088,4.215510450641243,,7,
shanghai,0038907,0235087,3.9355182554433727,,9,
shanghai,0038907,0077145,2.9809762607740655,,6,
shanghai,0038907,0146739,2.5789462920252495,,4,
shanghai,0038907,0112392,2.289015312793359,,3,
shanghai,0038908,0075000,2.0763975902608367,,3,
shanghai,0038908,0235085,2.1668266520601294,,4,
shanghai,0038908,0058474,4.128931660832466,,6,
shanghai,0038908,0077146,1.5731933072318292,,3,
shanghai,0038909,0038910,4.14227481539527,,5,
shanghai,0038909,0109121,3.3439564004042457,,5,
shanghai,0038909,0117882,2.4564458363967407,,5,
shanghai,0038909,0235085,2.806356676217255,,5,
shanghai,0038909,0077148,4.716635507979354,,7,
shanghai,0038909,0235087,3.508176301487269,,7,
shanghai,0038909,0143086,2.950597068054362,,4,
shanghai,0038909,0077088,2.600953875456261,,5,
shanghai,0038909,0118138,2.5731244536164946,,5,
shanghai,0038909,0038911,2.450066610291086,,3,
shanghai,0038909,0077145,2.2465299939789927,,4,
shanghai,0038909,0077147,1.7217993623325265,,3,
shanghai,0038909,0146739,1.6905547618037595,,3,
shanghai,0038910,0077145,2.915414114226389,,5,
shanghai,0038910,0077148,2.668110504868449,,4,
shanghai,0038910,0109121,2.3514491908143724,,3,
shanghai,0038910,0077088,1.5295889580817303,,3,
shanghai,0038910,0041308,1.5291209454559835,,3,
shanghai,0038911,0075000,2.6181176133335278,,4,
shanghai,0038911,0235087,2.3658782513656584,,4,
shanghai,0038911,0075001,1.4331907527664636,,3,
shanghai,0038911,0077088,2.1167237013395015,,4,
shanghai,0038923,0077139,1.434902049344338,,3,
shanghai,0038923,0147768,1.359704033944568,,3,
shanghai,0038923,0100711,2.2380518711076824,,3,
shanghai,0038924,0077141,1.9870869309114227,,4,
shanghai,0038924,0086196,1.8958180226460164,,3,
shanghai,0038924,0086198,2.6449408850266134,,6,
shanghai,0038924,0089613,1.8185087595440923,,3,
shanghai,0038924,0077139,1.9581694265675407,,5,
shanghai,0038924,0086201,1.7520825393239101,,3,
shanghai,0038926,0086198,2.754679404569911,,4,
shanghai,0038926,0058475,0.954182985855892,,3,
shanghai,0038928,0041393,0.8200157647927606,,3,
shanghai,0038928,0038931,2.152308235365987,,3,
shanghai,0038928,0038930,2.3594089107543863,,4,
shanghai,0038928,0086387,1.8266407965348348,,4,
shanghai,0038930,0084078,2.9185124107946994,,4,
shanghai,0038930,0086387,1.8547274077972504,,3,
shanghai,0038931,0086387,6.003274313308948,,11,
shanghai,0038931,0072232,2.4726617845739884,,5,
shanghai,0038931,0146738,2.1907901645506733,,3,
shanghai,0038931,0089062,1.7529108628105006,,4,
shanghai,0038931,0117873,0.8170440405029326,,4,
shanghai,0038937,0077150,1.787315668401224,,3,
shanghai,0038938,0077150,4.4702398703259,,7,
shanghai,0038938,0114531,2.5361864935761975,,4,
shanghai,0038938,0041600,1.1242445534749972,,3,
shanghai,0038939,0086152,1.5759547908321379,,3,
shanghai,0038939,0077150,5.099590123701893,,8,
shanghai,0038939,0077152,2.8308162071330125,,4,
shanghai,0038939,0038941,2.4384282961355197,,4,
shanghai,0038940,0077152,2.0333288605424706,,3,
shanghai,0038941,0086152,1.8312850114225272,,3,
shanghai,0038941,0077150,4.17621250433239,,8,
shanghai,0038941,0077152,3.849916406466052,,6,
shanghai,0038944,0038945,2.643213172270619,,3,
shanghai,0038944,0086714,1.023668450372268,,3,
shanghai,0038948,0086714,1.7924503573851396,,4,
shanghai,0038958,0235105,2.0764481847166123,,3,
shanghai,0038958,0077160,1.8295561620709848,,3,
shanghai,0038959,0077162,1.6987303140481518,,3,
shanghai,0038961,0077162,6.631261940072185,,10,
shanghai,0038961,0077160,1.9781906941134277,,3,
shanghai,0038965,0077162,1.7496991036665808,,3,
shanghai,0038982,0086385,1.9567774260639235,,3,
shanghai,0038987,0089042,1.7478794379662816,,3,
shanghai,0038987,0075429,3.021905685739492,,4,
shanghai,0038991,0089424,1.0810956252308743,,3,
shanghai,0039002,0235081,2.1339621835507936,,4,
shanghai,0039002,0085811,4.922079057362999,,8,
shanghai,0039002,0077111,2.085023007507828,,4,
shanghai,0039002,0085812,3.2739168370697285,,6,
shanghai,0039002,0085813,8.042624463923188,,12,
shanghai,0039002,0077105,2.459262179327753,,4,
shanghai,0039002,0077112,2.2684619216166935,,4,
shanghai,0039002,0114226,2.170073745608251,,5,
shanghai,0039002,0077113,2.1294952095345403,,3,
shanghai,0039002,0235084,1.442308046639836,,3,
shanghai,0039004,0117101,1.6875855315375359,,3,
shanghai,0039004,0085811,4.866757127169135,,7,
shanghai,0039004,0085812,1.8468065506606033,,3,
shanghai,0039004,0085813,2.421588812795094,,4,
shanghai,0039004,0077105,2.006057542102866,,3,
shanghai,0039004,0077112,3.2316725979562326,,5,
shanghai,0039004,0077113,1.6381243407902493,,3,
shanghai,0039004,0114226,2.2270087204754723,,3,
shanghai,0039004,0039005,2.9847707760819184,,4,
shanghai,0039005,0085813,2.957735561584108,,4,
shanghai,0039006,0100696,2.364780719761953,,4,
shanghai,0039006,0085813,3.2709151160098076,,5,
shanghai,0039010,0064845,2.248136615087609,,5,
shanghai,0039010,0075021,1.8256465291547028,,4,
shanghai,0039010,0042366,1.4880929254784339,,4,
shanghai,0039013,0042366,2.237027685259716,,6,
shanghai,0039013,0089407,2.198202115041832,,3,
shanghai,0039013,0064849,1.6597681786498955,,4,
shanghai,0039014,0109350,1.8506001616277539,,3,
shanghai,0039050,0077164,6.875804247038718,,10,
shanghai,0039050,0077165,2.792701861497993,,4,
shanghai,0039050,0048345,2.562086195880897,,5,
shanghai,0039050,0071940,2.4747552075229375,,5,
shanghai,0039050,0048440,2.1494906033280916,,5,
shanghai,0039050,0146743,1.7791263877951375,,3,
shanghai,0039051,0077164,9.350809671456506,,14,
shanghai,0039051,0048458,2.0148054078129354,,3,
shanghai,0039051,0040622,1.6193786856049963,,4,
shanghai,0039051,0084677,1.1902101715457727,,3,
shanghai,0039051,0060241,0.980570718854382,,4,
shanghai,0039052,0235104,1.9702163199422267,,3,
shanghai,0039052,0077167,1.6473336415556405,,3,
shanghai,0039052,0084677,1.674348040166434,,4,
shanghai,0039052,0072636,3.171640514909509,,5,
shanghai,0039052,0089044,2.2461932576409254,,3,
shanghai,0039053,0235102,2.496759469945508,,5,
shanghai,0039053,0077167,3.373255583960223,,6,
shanghai,0039053,0084104,2.0106876293883573,,4,
shanghai,0039053,0039054,1.7727491874106325,,3,
shanghai,0039055,0039056,1.8080632588846743,,3,
shanghai,0039068,0109249,1.7357697379426171,,3,
shanghai,0039068,0039079,2.10172901182653,,3,
shanghai,0039102,0039106,3.2769351435907943,,4,
shanghai,0039102,0077232,2.1167224500750192,,4,
shanghai,0039105,0077235,4.240434094816403,,9,
shanghai,0039105,0039106,3.4241669283483915,,4,
shanghai,0039105,0077232,2.7399495872552664,,6,
shanghai,0039106,0075341,2.018140542172835,,4,
shanghai,0039106,0086930,1.8376354376266337,,3,
shanghai,0039106,0235095,1.7571263228388982,,3,
shanghai,0039106,0133008,1.5436116720297006,,3,
shanghai,0039107,0235095,2.1952885970001708,,3,
shanghai,0039113,0115638,2.737614879745334,,5,
shanghai,0039114,0065461,2.2485617774916005,,4,
shanghai,0039114,0065473,2.399594245090527,,4,
shanghai,0039114,0115638,3.3348977653055227,,6,
shanghai,0039114,0089121,2.457977110817224,,3,
shanghai,0039114,0065472,1.9525446992890183,,3,
shanghai,0039114,0084690,1.7905654964338726,,3,
shanghai,0039114,0065476,1.7089260102727573,,3,
shanghai,0039114,0065475,1.4031026839391398,,3,
shanghai,0039114,0074136,0.7797061940240404,,3,
shanghai,0039115,0065461,2.2293428361776813,,4,
shanghai,0039115,0065470,1.2881720468248905,,3,
shanghai,0039115,0065474,1.1410757330372228,,3,
shanghai,0039115,0065477,2.9614579841073323,,5,
shanghai,0039115,0115638,4.769777602244158,,8,
shanghai,0039115,0063010,3.173806901445839,,5,
shanghai,0039115,0065465,1.6888225663255716,,4,
shanghai,0039116,0065464,1.7907414560760995,,3,
shanghai,0039116,0084690,1.5107841169748912,,4,
shanghai,0039116,0089121,1.7399673747810005,,3,
shanghai,0039116,0065465,2.134337636911746,,3,
shanghai,0039116,0042037,2.5041207262998406,,6,
shanghai,0039116,0165032,1.216802096831189,,3,
shanghai,0039117,0115638,2.743372896987691,,5,
shanghai,0039117,0084690,2.3303325496663296,,3,
shanghai,0039117,0065469,1.2543420225443083,,3,
shanghai,0039123,0119073,1.536352748684046,,3,
shanghai,0039128,0089613,2.50124177023458,,4,
shanghai,0039140,0100696,2.7298020516272037,,5,
shanghai,0039140,0077112,2.755294813479164,,6,
shanghai,0039140,0114337,2.3248426916548994,,4,
shanghai,0039140,0143639,1.672054514677716,,3,
shanghai,0039142,0117215,1.4676383372460047,,3,
shanghai,0039142,0083147,1.3655000990409527,,3,
shanghai,0039143,0117216,1.6588662067873798,,3,
shanghai,0039143,0109572,0.9457591052253707,,3,
shanghai,0039144,0117215,1.5083171017215886,,3,
shanghai,0039182,0039186,2.870030265269042,,5,
shanghai,0039309,0086944,2.1601808134533877,,3,
shanghai,0039318,0039319,3.4107740316708473,,5,
shanghai,0039359,0039362,2.406965614337061,,4,
shanghai,0039367,0039369,1.7279311515224307,,4,
shanghai,0039400,0039401,2.7182290370983573,,4,
shanghai,0039400,0039403,1.5980412132558628,,3,
shanghai,0039400,0039402,1.2372197853114506,,3,
shanghai,0039408,0039414,2.254756070617457,,3,
shanghai,0039416,0039419,2.768260079489264,,4,
shanghai,0039418,0039419,5.435669146300777,,8,
shanghai,0039431,0039432,2.4454747024074885,,3,
shanghai,0039444,0039455,2.541736275316415,,3,
shanghai,0039448,0039451,3.9288960921895484,,5,
shanghai,0039459,0039462,2.2373456463198798,,4,
shanghai,0039597,0138975,2.786577045168344,,4,
shanghai,0039760,0089341,1.9294522620255288,,3,
shanghai,0039760,0061312,1.6707184629284315,,3,
shanghai,0039820,0039824,1.2073450670709074,,3,
shanghai,0039852,0084134,0.91974897642048,,3,
shanghai,0039912,0235174,2.1542779352977246,,3,
shanghai,0040119,0089332,1.9769952412603928,,3,
shanghai,0040194,0086669,1.7630506173349918,,3,
shanghai,0040194,0089442,2.1180451081225575,,3,
shanghai,0040195,0109526,2.2209147286249724,,4,
shanghai,0040195,0086669,1.1046877805882378,,3,
shanghai,0040237,0082844,5.8353314426421345,,8,
shanghai,0040237,0109187,3.6348806587802924,,6,
shanghai,0040237,0109188,2.001028785286309,,3,
shanghai,0040237,0077121,1.9857792317720955,,5,
shanghai,0040237,0074995,1.4237230878726657,,3,
shanghai,0040237,0147738,1.1327237471790308,,3,
shanghai,0040281,0077095,2.5566540613119186,,4,
shanghai,0040281,0235317,3.6951653905605566,,4,
shanghai,0040291,0109364,1.964917652036433,,3,
shanghai,0040313,0146639,1.269102198239016,,3,
shanghai,0040313,0146585,1.0603666934958311,,3,
shanghai,0040316,0100662,1.9980204311957788,,3,
shanghai,0040331,0084196,1.3993427415656854,,3,
shanghai,0040331,0083507,2.6732429339825825,,3,
shanghai,0040336,0109203,2.11368218958601,,3,
shanghai,0040349,0102786,1.5544635926674122,,3,
shanghai,0040350,0089316,2.2530053533523833,,3,
shanghai,0040360,0073836,2.0299328496413716,,3,
shanghai,0040361,0089332,2.230150757295247,,3,
shanghai,0040361,0114231,1.6125778472472665,,3,
shanghai,0040365,0147706,1.9921011541235691,,4,
shanghai,0040367,0147702,4.104179182082181,,8,
shanghai,0040367,0147705,1.2906667007792425,,5,
shanghai,0040371,0089341,1.9872678388767127,,3,
shanghai,0040372,0147742,0.8902943586847654,,3,
shanghai,0040387,0109711,1.3120753454868905,,3,
shanghai,0040390,0089059,2.4632980889197476,,4,
shanghai,0040415,0063381,1.6719253185132228,,4,
shanghai,0040433,0109185,2.0074462790588368,,3,
shanghai,0040437,0070164,0.8201412054778119,,3,
shanghai,0040443,0054964,0.7295681375163116,,3,
shanghai,0040445,0201707,1.6941749623148745,,4,
shanghai,0040466,0089332,3.008236554984613,,4,
shanghai,0040466,0114231,1.5572174254716982,,3,
shanghai,0040468,0089112,2.1991451048459156,,3,
shanghai,0040468,0146753,1.7823851820551644,,3,
shanghai,0040469,0147416,1.1877245364414584,,3,
shanghai,0040469,0147419,1.4396526238386183,,3,
shanghai,0040474,0079810,2.074909084355726,,4,
shanghai,0040521,0155441,1.9166171207758698,,3,
shanghai,0040522,0169515,1.4932067002600127,,3,
shanghai,0040524,0109561,3.8271034418110204,,5,
shanghai,0040524,0083410,3.805854727076981,,5,
shanghai,0040531,0109394,2.209822063095377,,3,
shanghai,0040623,0235104,1.7646416981175719,,3,
shanghai,0040632,0089459,2.2570020312800585,,3,
shanghai,0040632,0083492,1.3626046873109707,,3,
shanghai,0040641,0096989,2.328338434430095,,3,
shanghai,0040677,0089148,2.5104203853658866,,4,
shanghai,0040698,0155222,4.195542954979958,,12,
shanghai,0040698,0155364,1.6180432563051883,,4,
shanghai,0040698,0155255,0.5759846601177571,,3,
shanghai,0040699,0155217,1.6229860083012388,,5,
shanghai,0040699,0089554,2.6140228864386117,,4,
shanghai,0040699,0089171,1.8928380470278465,,3,
shanghai,0040699,0155285,1.3446046221017323,,3,
shanghai,0040705,0155255,1.1254789380670993,,3,
shanghai,0040705,0089554,1.629890400947315,,3,
shanghai,0040705,0155227,1.5489301386885213,,5,
shanghai,0040722,0077216,0.8693721553538516,,3,
shanghai,0040763,0146987,6.197534094349649,,7,
shanghai,0040793,0074500,2.5263977375035367,,5,
shanghai,0040830,0076555,2.598558683584647,,4,
shanghai,0041011,0138981,2.914567752040719,,4,
shanghai,0041011,0138984,1.7481157703849806,,3,
shanghai,0041011,0138991,2.056164523083827,,3,
shanghai,0041012,0138977,3.266272135898888,,4,
shanghai,0041022,0235123,1.610646506044084,,3,
shanghai,0041024,0235243,2.5586435198966395,,5,
shanghai,0041039,0063699,1.5407438573378305,,4,
shanghai,0041234,0089304,2.784942090877223,,3,
shanghai,0041265,0101562,1.0796516771914253,,3,
shanghai,0041285,0089239,1.598890414358093,,3,
shanghai,0041286,0146739,2.6002775471791564,,4,
shanghai,0041309,0077148,1.813810988542084,,5,
shanghai,0041309,0235087,2.291014749182756,,3,
shanghai,0041311,0063699,6.810975722027521,,8,
shanghai,0041311,0063686,3.0727593123770878,,4,
shanghai,0041355,0089368,2.0820883960239223,,3,
shanghai,0041416,0235088,1.5848730515115839,,4,
shanghai,0041416,0235089,2.1389979224464915,,3,
shanghai,0041416,0075012,1.6074127855131328,,3,
shanghai,0041417,0235089,2.8516614968212677,,5,
shanghai,0041417,0075012,1.7880646744611894,,3,
shanghai,0041435,0044098,1.9485687605626891,,3,
shanghai,0041437,0076995,1.7367057083072917,,3,
shanghai,0041454,0147747,1.2779756735792698,,3,
shanghai,0041454,0054804,1.9663088436276264,,3,
shanghai,0041455,0054796,2.5965308781225067,,3,
shanghai,0041511,0235123,1.4558753222787344,,3,
shanghai,0041511,0115635,0.8546620276047492,,3,
shanghai,0041512,0143848,2.7352142648727282,,3,
shanghai,0041541,0070322,2.6338350443375234,,3,
shanghai,0041553,0089245,1.7294238499957988,,3,
shanghai,0041553,0049990,1.544754370004024,,3,
shanghai,0041563,0083070,1.9752333191090474,,3,
shanghai,0041569,0079813,2.002434257627054,,3,
shanghai,0041631,0054430,3.4464750065389964,,4,
shanghai,0041631,0058476,2.022154131066013,,4,
shanghai,0041634,0063699,3.0931839010994353,,4,
shanghai,0041659,0109561,1.850862458422991,,3,
shanghai,0041730,0065721,1.9312960486698862,,3,
shanghai,0041734,0065722,2.1558425061707536,,3,
shanghai,0041735,0065723,1.7087685391428145,,3,
shanghai,0041736,0212205,39.84461919354554,,42,
shanghai,0041736,0214779,5.952817049081766,,6,
shanghai,0041736,0214863,3.963684220097485,,4,
shanghai,0041736,0212204,2.7074158187737494,,5,
shanghai,0041740,0077121,1.773486493702809,,3,
shanghai,0041795,0089691,2.5420589902528743,,3,
shanghai,0041795,0109232,1.7122236331241834,,3,
shanghai,0041795,0100646,0.9988904154585292,,3,
shanghai,0041810,0089447,3.216207779613301,,4,
shanghai,0041837,0084108,0.8875576091946028,,3,
shanghai,0041837,0115073,1.1199979890908869,,3,
shanghai,0041874,0170856,1.8458780927831642,,3,
shanghai,0041958,0147577,1.0348641053202932,,3,
shanghai,0041958,0147530,0.690797930501338,,3,
shanghai,0041958,0147421,0.6698389772565756,,3,
shanghai,0042004,0042005,1.9370443527055825,,3,
shanghai,0042035,0075553,1.1138059334905996,,3,
shanghai,0042037,0065460,4.086690017779787,,7,
shanghai,0042037,0065462,1.7988156333799294,,3,
shanghai,0042037,0065473,2.868140099660022,,5,
shanghai,0042037,0065474,7.073022667810675,,11,
shanghai,0042037,0065477,2.642992672727409,,5,
shanghai,0042037,0065478,1.927739859856271,,3,
shanghai,0042037,0065472,1.1847918381301756,,3,
shanghai,0042037,0065475,2.6557562281633667,,5,
shanghai,0042037,0065476,3.016711990250214,,5,
shanghai,0042037,0089121,2.3722120957903607,,3,
shanghai,0042037,0065466,2.1184713478550248,,3,
shanghai,0042095,0042107,3.110621857852826,,4,
shanghai,0042102,0042107,1.7971810607578296,,3,
shanghai,0042151,0063699,2.10522264205681,,4,
shanghai,0042151,0089744,3.2141387690438514,,4,
shanghai,0042152,0084699,2.6958791740985326,,4,
shanghai,0042292,0089550,1.9698855963266224,,3,
shanghai,0042301,0079112,1.3680973698623222,,3,
shanghai,0042304,0050276,3.1290521895870813,,6,
shanghai,0042304,0219975,1.7715375638497823,,4,
shanghai,0042304,0089269,1.7388172362806877,,5,
shanghai,0042304,0186997,1.6915784714541893,,3,
shanghai,0042304,0220165,1.2013183060122246,,3,
shanghai,0042304,0050251,0.8070077943898131,,3,
shanghai,0042305,0219975,0.9663127841215737,,3,
shanghai,0042365,0064849,1.66557558143434,,3,
shanghai,0042365,0042367,3.7822401223301947,,4,
shanghai,0042365,0109351,2.0464439718211533,,3,
shanghai,0042366,0089025,4.84490558561053,,6,
shanghai,0042366,0042367,4.1048489559762125,,5,
shanghai,0042366,0075811,3.299895368097157,,4,
shanghai,0042366,0060624,2.842126503051626,,4,
shanghai,0042366,0064849,2.260669310428475,,4,
shanghai,0042366,0084597,2.128228578556737,,3,
shanghai,0042366,0089407,1.7116654209693074,,3,
shanghai,0042366,0064851,1.5865412148322167,,3,
shanghai,0042366,0064848,1.4782107075863256,,3,
shanghai,0042366,0183654,0.9869158284013565,,3,
shanghai,0042367,0089407,2.65150378514548,,3,
shanghai,0042374,0086695,0.9274695138400899,,3,
shanghai,0042420,0109572,1.9340450299803758,,3,
shanghai,0042444,0089269,2.236113157227774,,3,
shanghai,0042444,0109104,1.455445862116416,,3,
shanghai,0042447,0048503,1.1801344490949233,,4,
shanghai,0042554,0164207,1.9579585045401495,,3,
shanghai,0042656,0054415,2.151142421020446,,3,
shanghai,0042663,0084658,1.3513178002421757,,3,
shanghai,0042664,0146711,0.7614635396611518,,3,
shanghai,0042713,0048291,1.7387769568210363,,3,
shanghai,0042718,0101915,2.2646675454162812,,3,
shanghai,0042721,0146758,1.8399956199417715,,3,
shanghai,0042724,0109095,2.9889767119710764,,4,
shanghai,0042725,0090721,1.3201873011995864,,3,
shanghai,0042727,0043379,2.7985027766493835,,3,
shanghai,0042729,0103268,1.072631517951844,,3,
shanghai,0042729,0146783,2.5773328744861588,,4,
shanghai,0042730,0103327,2.3905221803979315,,3,
shanghai,0042730,0103351,2.0095805221150083,,3,
shanghai,0042733,0084683,1.5533844500813034,,3,
shanghai,0042734,0044629,4.515078347152725,,5,
shanghai,0042734,0101658,1.7956654234406486,,3,
shanghai,0042739,0186841,2.6209516014667935,,4,
shanghai,0042750,0132681,3.1665622566616243,,5,
shanghai,0042755,0127028,1.6944119844201166,,3,
shanghai,0042758,0084118,0.6632209019019446,,3,
shanghai,0042762,0079816,2.6797409551113183,,5,
shanghai,0042762,0079813,1.8140899703621542,,4,
shanghai,0042762,0079812,1.7805429230960748,,4,
shanghai,0042762,0079801,1.5892371986379001,,3,
shanghai,0042762,0079804,1.3202963025233536,,3,
shanghai,0042763,0073836,3.3921058773567463,,5,
shanghai,0042763,0089712,3.162480014812228,,5,
shanghai,0042763,0114231,2.006674927947797,,4,
shanghai,0042763,0234886,1.9460240995428757,,4,
shanghai,0042763,0112332,1.8334517490775704,,3,
shanghai,0042763,0083037,1.442516048362454,,3,
shanghai,0042763,0115209,1.3790751171919915,,4,
shanghai,0042763,0115210,1.3366413020243744,,3,
shanghai,0042765,0132609,2.014322203102364,,3,
shanghai,0042765,0066200,1.6138582405247568,,3,
shanghai,0042765,0066201,1.3547169608534264,,3,
shanghai,0042768,0089735,2.7573209766158095,,4,
shanghai,0042769,0109568,1.2779152365572113,,3,
shanghai,0042777,0084676,2.258583706258404,,4,
shanghai,0042779,0084693,1.592613536406148,,3,
shanghai,0042779,0050239,1.0011847014520003,,3,
shanghai,0042784,0084672,1.0429817791080005,,3,
shanghai,0042791,0047503,1.1376769355781016,,3,
shanghai,0042807,0084624,1.338993015763517,,3,
shanghai,0042816,0042820,3.742290184546614,,4,
shanghai,0042821,0042825,2.147648943693116,,3,
shanghai,0042873,0042874,3.110357894632133,,5,
shanghai,0042881,0042883,2.8195716888376627,,3,
shanghai,0042888,0042890,2.899234180641263,,3,
shanghai,0042927,0042928,3.9149390501002674,,4,
shanghai,0042952,0042953,3.885853931243452,,4,
shanghai,0042998,0132654,2.9645971245174847,,4,
shanghai,0043030,0043032,2.7320724210610603,,3,
shanghai,0043043,0043044,1.6365086507883695,,3,
shanghai,0043062,0043063,1.5183980563676833,,3,
shanghai,0043134,0043136,2.760309941046427,,3,
shanghai,0043151,0043155,2.856543823529631,,3,
shanghai,0043161,0155467,3.628310338829812,,4,
shanghai,0043169,0109517,2.7061115814222614,,4,
shanghai,0043182,0043183,2.343276063798724,,3,
shanghai,0043188,0102041,2.349506076694668,,3,
shanghai,0043223,0043226,2.3920931171865503,,3,
shanghai,0043231,0089011,2.5104227765039404,,3,
shanghai,0043254,0043256,2.48673488700215,,3,
shanghai,0043354,0083498,2.0471674379809324,,3,
shanghai,0043379,0043381,2.842004746684121,,3,
shanghai,0043438,0043440,3.708813623314855,,5,
shanghai,0043449,0089187,2.8015242524183694,,4,
shanghai,0043449,0132739,1.6165247710265136,,3,
shanghai,0043468,0146713,2.5142994740083466,,3,
shanghai,0043481,0043482,2.109948762869908,,3,
shanghai,0043482,0043483,4.874796763296494,,6,
shanghai,0043492,0043494,2.780294686421808,,3,
shanghai,0043493,0096833,2.4109158936364117,,3,
shanghai,0043495,0096833,2.086098951671603,,3,
shanghai,0043506,0043509,2.648040934438933,,3,
shanghai,0043527,0043528,2.2155609350279377,,3,
shanghai,0043649,0043650,2.5919173434743352,,3,
shanghai,0043664,0043665,2.943630967740881,,3,
shanghai,0043674,0043675,2.4703248808973792,,3,
shanghai,0043697,0043700,3.661193778112852,,4,
shanghai,0043763,0146746,2.53607285838421,,3,
shanghai,0043772,0043773,3.8605985457641183,,4,
shanghai,0043790,0043794,2.9177559620615177,,3,
shanghai,0043805,0043808,2.938993696839601,,3,
shanghai,0043819,0043821,2.581528470311909,,3,
shanghai,0043829,0043832,2.795548313119336,,3,
shanghai,0043848,0089029,3.438413656987251,,4,
shanghai,0043848,0043850,2.92946415097742,,3,
shanghai,0043880,0089104,4.070463415937081,,5,
shanghai,0043888,0043891,3.6491572253064266,,4,
shanghai,0043889,0070143,2.301707937269205,,3,
shanghai,0043899,0043901,2.851007698998647,,3,
shanghai,0043905,0043908,2.5262715694282565,,3,
shanghai,0043946,0086688,1.7321079059754436,,3,
shanghai,0043960,0043961,2.9772224543323698,,4,
shanghai,0043966,0043967,2.1472479930991795,,3,
shanghai,0044014,0044015,2.3313692782864046,,3,
shanghai,0044024,0044027,2.6931536198892045,,3,
shanghai,0044052,0044054,2.7572299561860474,,3,
shanghai,0044085,0044088,2.9373352667849604,,3,
shanghai,0044098,0117065,1.7731041939818009,,3,
shanghai,0044101,0066512,1.4213712061532089,,4,
shanghai,0044108,0102838,1.3716785922165584,,3,
shanghai,0044123,0219966,2.334789812190259,,4,
shanghai,0044127,0084683,1.3870732457674984,,5,
shanghai,0044140,0186841,1.6254657236354102,,3,
shanghai,0044140,0089638,2.750973574313897,,4,
shanghai,0044140,0070160,1.8672243655644223,,3,
shanghai,0044142,0109187,3.285380751032171,,5,
shanghai,0044142,0109188,2.669741272236508,,4,
shanghai,0044143,0089316,2.4420602889979,,4,
shanghai,0044143,0126328,2.03983268287964,,3,
shanghai,0044143,0102738,1.6716734075376332,,3,
shanghai,0044143,0089697,1.215520560730139,,3,
shanghai,0044144,0082079,1.107110753795667,,4,
shanghai,0044144,0074687,1.2401048581418903,,3,
shanghai,0044144,0091099,1.2257298530615977,,3,
shanghai,0044149,0061182,1.637899666958515,,3,
shanghai,0044151,0081940,1.0049359437704999,,3,
shanghai,0044152,0072640,1.2398939717556559,,3,
shanghai,0044153,0089100,3.437993680900411,,4,
shanghai,0044154,0049405,1.3408675965064862,,3,
shanghai,0044157,0084196,0.8166751702081751,,3,
shanghai,0044159,0113528,1.1956434266533875,,3,
shanghai,0044160,0089354,2.7776022619995198,,3,
shanghai,0044162,0086148,1.4669833159109287,,3,
shanghai,0044162,0089725,6.227611625996408,,7,
shanghai,0044162,0092582,2.8960096768748538,,4,
shanghai,0044164,0048294,1.2734966473735818,,3,
shanghai,0044165,0089234,2.0258467922716723,,3,
shanghai,0044166,0118384,0.9157869506320322,,3,
shanghai,0044167,0069864,2.611668749232109,,3,
shanghai,0044169,0074532,1.722203864725419,,3,
shanghai,0044174,0089104,2.680445871992301,,4,
shanghai,0044175,0074212,1.809810382460579,,3,
shanghai,0044180,0143434,2.050455009393498,,3,
shanghai,0044185,0102851,2.313423448100133,,4,
shanghai,0044185,0143423,1.8499334096968263,,3,
shanghai,0044185,0101546,1.3950004341090108,,3,
shanghai,0044186,0109568,1.8279827950289191,,3,
shanghai,0044189,0074693,2.4437158072261402,,3,
shanghai,0044190,0089693,2.727971260212573,,3,
shanghai,0044213,0191187,2.732872454048708,,3,
shanghai,0044234,0070107,2.744379911570546,,3,
shanghai,0044251,0089042,3.3829762013494595,,4,
shanghai,0044259,0090458,2.3551935951930707,,3,
shanghai,0044261,0063067,1.7944030552117907,,3,
shanghai,0044262,0044263,4.577395079645361,,5,
shanghai,0044288,0155205,1.8066985486921054,,3,
shanghai,0044289,0044390,1.8813909321824394,,3,
shanghai,0044355,0153937,2.782960086595238,,3,
shanghai,0044364,0146721,2.50940908653637,,3,
shanghai,0044364,0143449,2.6494463001343025,,4,
shanghai,0044379,0044380,2.567632219329086,,3,
shanghai,0044381,0044383,3.329441420034743,,4,
shanghai,0044381,0090454,2.8355842894006855,,3,
shanghai,0044381,0090450,2.8258408221124554,,3,
shanghai,0044381,0044385,2.3179820144359247,,3,
shanghai,0044383,0090456,2.982761279969033,,4,
shanghai,0044383,0090451,2.7350130927877694,,3,
shanghai,0044383,0044385,2.506287340440357,,3,
shanghai,0044383,0090457,2.192714118548129,,3,
shanghai,0044385,0090451,2.704133311463626,,3,
shanghai,0044432,0237697,0.9758348387726714,,3,
shanghai,0044498,0097868,2.53054993196861,,3,
shanghai,0044498,0084667,2.2616277037056363,,4,
shanghai,0044498,0090220,1.6535539920984152,,3,
shanghai,0044543,0128925,2.8293914843234034,,3,
shanghai,0044619,0090679,3.5445403307709515,,4,
shanghai,0044627,0150923,2.6420573786089716,,3,
shanghai,0044629,0070306,2.3866578650685017,,3,
shanghai,0044629,0084196,1.6586573541470928,,3,
shanghai,0044665,0107255,2.696537616134235,,3,
shanghai,0044673,0090622,5.6947445383593935,,6,
shanghai,0044822,0118315,1.9588271292417214,,3,
shanghai,0044835,0083506,2.577639227726207,,3,
shanghai,0044857,0109711,1.3553052263806513,,3,
shanghai,0044857,0086073,2.8234466391313577,,4,
shanghai,0044857,0153176,2.073193517957691,,3,
shanghai,0044857,0109211,2.0094597019356737,,3,
shanghai,0044857,0055456,1.9447155069216966,,3,
shanghai,0044858,0153535,1.9393412442018447,,3,
shanghai,0044879,0235102,2.111006407740343,,3,
shanghai,0044885,0235106,2.1683185658908983,,4,
shanghai,0044887,0044895,9.797803577795191,,10,
shanghai,0044887,0044898,9.35186082384902,,10,
shanghai,0044887,0044888,5.877274626807163,,6,
shanghai,0044887,0044912,2.8347344280649796,,3,
shanghai,0044887,0060248,1.3927673189432537,,3,
shanghai,0044888,0044898,2.437764315943071,,3,
shanghai,0044890,0064913,1.120989820684041,,3,
shanghai,0044890,0235058,1.4693834711418323,,3,
shanghai,0044890,0055525,0.9019678914132795,,3,
shanghai,0044890,0055524,1.0316350967323271,,3,
shanghai,0044892,0143646,2.1760956135719205,,4,
shanghai,0044892,0075338,1.954353555042703,,4,
shanghai,0044892,0143647,1.8638827004817586,,3,
shanghai,0044893,0075338,4.818114906100883,,8,
shanghai,0044893,0159467,1.5677762517776752,,3,
shanghai,0044895,0044898,4.158747952322346,,6,
shanghai,0044895,0044912,3.6348113311944874,,5,
shanghai,0044895,0060248,1.410838499039238,,3,
shanghai,0044896,0044897,1.9453302675119348,,3,
shanghai,0044898,0089473,0.632068931206198,,3,
shanghai,0044902,0062880,3.2759673738098813,,4,
shanghai,0044912,0060248,1.5280194305543409,,3,
shanghai,0044916,0146795,3.3645232930048796,,4,
shanghai,0045172,0078911,3.594656932905843,,5,
shanghai,0045312,0114337,1.2631937557198838,,3,
shanghai,0045368,0214064,2.049764093403627,,3,
shanghai,0045376,0115635,1.1617650204438352,,3,
shanghai,0045376,0143450,3.0761586309891653,,4,
shanghai,0045380,0048345,2.7112329715972923,,4,
shanghai,0045381,0086824,1.865735772864967,,3,
shanghai,0045429,0045430,7.841530888828066,,9,
shanghai,0045429,0090449,1.9778742434466858,,3,
shanghai,0045430,0146476,1.8848816427193502,,3,
shanghai,0045436,0063067,1.5394565691275817,,3,
shanghai,0045436,0045439,5.429345570383415,,6,
shanghai,0045436,0146476,2.3959459272289494,,3,
shanghai,0045440,0045445,2.889494028536502,,3,
shanghai,0045441,0045444,9.874412119367163,,11,
shanghai,0045441,0045445,4.595080542315868,,5,
shanghai,0045441,0045448,3.536623889514334,,4,
shanghai,0045441,0045451,2.7451783216895373,,3,
shanghai,0045444,0045447,5.97010143862975,,7,
shanghai,0045444,0045451,5.6045762930384555,,6,
shanghai,0045444,0045445,5.395296234958866,,6,
shanghai,0045444,0083490,2.64773628845253,,3,
shanghai,0045444,0045446,2.6136199935922653,,3,
shanghai,0045445,0045447,8.265340253359737,,9,
shanghai,0045445,0045448,4.387711318433224,,5,
shanghai,0045445,0045446,3.8142406561253592,,5,
shanghai,0045445,0045451,3.4846764726002855,,4,
shanghai,0045445,0045449,2.6375902289938926,,3,
shanghai,0045445,0068605,2.611315841987164,,3,
shanghai,0045446,0045447,2.8514499983618102,,3,
shanghai,0045446,0045449,2.6762539034431816,,3,
shanghai,0045447,0045451,5.4765296403718775,,6,
shanghai,0045447,0045449,3.5741070878428323,,4,
shanghai,0045447,0045450,2.7837476369172496,,3,
shanghai,0045447,0182378,2.399218381467713,,3,
shanghai,0045449,0045451,2.8168723530028785,,3,
shanghai,0045449,0045450,3.771033142136803,,4,
shanghai,0045521,0054540,3.1470601015765656,,4,
shanghai,0045589,0045600,2.9148372928736355,,3,
shanghai,0045591,0045600,6.100793003965462,,7,
shanghai,0045600,0045601,5.38398090119446,,6,
shanghai,0045600,0152949,3.962684731075944,,5,
shanghai,0045600,0152948,3.461758855131599,,5,
shanghai,0045600,0152940,3.160645775554263,,4,
shanghai,0045600,0152943,2.919800889542533,,4,
shanghai,0045600,0152947,2.832147580238986,,4,
shanghai,0045600,0152946,2.165040632765366,,3,
shanghai,0045705,0089612,2.7832586487879065,,3,
shanghai,0045795,0045797,2.5730185944980675,,4,
shanghai,0046114,0235737,1.068809235718329,,3,
shanghai,0046280,0077764,1.8137008767982485,,3,
shanghai,0047156,0164207,1.6699207273902628,,3,
shanghai,0047319,0115258,2.353062594207486,,3,
shanghai,0047323,0231874,1.6446743489532647,,3,
shanghai,0047347,0063605,1.9790600985818647,,3,
shanghai,0047347,0063603,1.9561145104861513,,3,
shanghai,0047500,0054527,2.797327670143703,,3,
shanghai,0047507,0078928,4.49109299782795,,6,
shanghai,0047507,0078927,1.6319814025897155,,3,
shanghai,0047508,0078931,1.9133781951489435,,3,
shanghai,0047509,0078930,1.8536490096241451,,3,
shanghai,0047510,0078931,3.8117458390580135,,6,
shanghai,0047510,0078930,3.2725208787908073,,5,
shanghai,0047520,0047522,12.123403482055318,,21,
shanghai,0047520,0047521,4.30633618951425,,8,
shanghai,0047520,0156043,3.150408386697392,,5,
shanghai,0047520,0047527,2.6570102572505805,,4,
shanghai,0047520,0047523,2.081203916857029,,3,
shanghai,0047520,0047524,1.8146130200727724,,4,
shanghai,0047520,0156045,1.712447969180596,,3,
shanghai,0047521,0047522,5.5161902957205635,,9,
shanghai,0047521,0047526,2.9698543621474487,,5,
shanghai,0047521,0156043,2.0603103493883994,,3,
shanghai,0047521,0047524,1.3550146479555822,,3,
shanghai,0047522,0156043,8.57765212037585,,14,
shanghai,0047522,0047524,5.097786648461314,,9,
shanghai,0047522,0047523,4.5578139852549935,,8,
shanghai,0047522,0047526,3.9143462398027102,,8,
shanghai,0047522,0047525,2.7812339887781405,,5,
shanghai,0047522,0156045,1.6852130113088502,,3,
shanghai,0047524,0156043,1.9058743918112273,,3,
shanghai,0047527,0156045,4.6918464873320795,,7,
shanghai,0047527,0156043,1.642407309935833,,3,
shanghai,0047565,0047568,1.7862410428274598,,3,
shanghai,0047642,0047890,1.4244803947301559,,3,
shanghai,0047651,0047652,4.064851703300375,,5,
shanghai,0047651,0047653,2.9218374280450723,,5,
shanghai,0047651,0047656,1.5580384252196953,,3,
shanghai,0047652,0047655,3.046123233351902,,5,
shanghai,0047652,0047653,1.8886258170849637,,3,
shanghai,0047687,0047881,1.37714262925557,,3,
shanghai,0047701,0047895,2.161508716848674,,3,
shanghai,0047701,0047812,2.161117122056389,,3,
shanghai,0047779,0047783,1.9227338591223881,,3,
shanghai,0047825,0047828,1.7960607763109993,,3,
shanghai,0047829,0047851,3.0781115527404777,,5,
shanghai,0047851,0047895,1.6508164421988367,,3,
shanghai,0047887,0047889,2.4806816046503477,,4,
shanghai,0047891,0047898,1.5167794910637926,,3,
shanghai,0047910,0047913,2.295682991547354,,4,
shanghai,0047918,0089721,2.5003252892373404,,4,
shanghai,0047918,0047919,1.7623881328419668,,3,
shanghai,0047919,0147743,1.926440932713838,,3,
shanghai,0047919,0047948,1.6071079514940796,,3,
shanghai,0047920,0047924,1.8875773952789912,,3,
shanghai,0047920,0047932,1.275854285322198,,3,
shanghai,0047921,0047933,2.0963939747240397,,4,
shanghai,0047921,0109230,1.9059407564084445,,3,
shanghai,0047924,0109519,1.4350859337333561,,3,
shanghai,0047926,0047954,1.7068442007964462,,3,
shanghai,0047930,0047933,1.4844498519950982,,3,
shanghai,0047931,0047934,1.2313873729519562,,3,
shanghai,0047931,0047932,2.396313232055757,,4,
shanghai,0047931,0047933,1.904281137005099,,3,
shanghai,0047933,0047934,1.6075757075416708,,4,
shanghai,0047934,0047954,1.2205924074523244,,3,
shanghai,0047940,0147744,1.0703229312339344,,4,
shanghai,0047940,0047942,1.4715703604840702,,3,
shanghai,0047944,0125554,4.010037989795001,,5,
shanghai,0047944,0075185,1.9949167035876942,,3,
shanghai,0047944,0147749,1.8809605580836266,,4,
shanghai,0047944,0084705,1.356481959721584,,3,
shanghai,0047944,0147747,1.3342413562029112,,3,
shanghai,0047944,0047955,1.0272089291407984,,3,
shanghai,0047947,0047948,2.160094934763354,,3,
shanghai,0047952,0084705,1.7761875440214472,,3,
shanghai,0047952,0047956,1.4337305692728723,,3,
shanghai,0047953,0109230,1.753855065017112,,3,
shanghai,0047953,0047954,3.1474194050143156,,6,
shanghai,0047953,0109229,1.121526074436912,,3,
shanghai,0047954,0047956,1.4781896091376452,,3,
shanghai,0047955,0047956,1.857100141857112,,3,
shanghai,0047956,0109519,1.6646521824558405,,3,
shanghai,0047956,0084705,1.8437120752376928,,4,
shanghai,0047956,0147749,1.4771498753543408,,3,
shanghai,0047986,0048272,0.9358250944927163,,3,
shanghai,0047991,0048259,1.9295131041509457,,3,
shanghai,0047993,0048259,2.3485176979123032,,4,
shanghai,0047997,0048259,2.545633840681521,,4,
shanghai,0048009,0048253,1.3592500971350308,,3,
shanghai,0048009,0048257,1.2663236388188455,,3,
shanghai,0048021,0048094,2.1267952800156302,,3,
shanghai,0048036,0048051,2.3980444847991156,,3,
shanghai,0048052,0048101,4.737853763386989,,6,
shanghai,0048052,0048055,2.1587893215585896,,4,
shanghai,0048055,0048101,3.5389711753634314,,7,
shanghai,0048055,0048096,2.187885243656863,,4,
shanghai,0048055,0048103,1.9317903734595974,,4,
shanghai,0048055,0048079,1.8465986148779447,,4,
shanghai,0048055,0089621,1.7535107050615018,,3,
shanghai,0048055,0048097,1.6942941472221498,,3,
shanghai,0048055,0048098,1.3602061890174775,,3,
shanghai,0048056,0048097,2.3937523004074746,,4,
shanghai,0048056,0048098,1.1905580351952627,,3,
shanghai,0048056,0048103,2.099428666701443,,5,
shanghai,0048056,0109155,2.9968661710107196,,4,
shanghai,0048056,0048105,1.3463623063795973,,3,
shanghai,0048064,0109155,2.3739170104509135,,3,
shanghai,0048094,0089621,2.520249430186787,,4,
shanghai,0048094,0048136,1.9229764590887362,,3,
shanghai,0048096,0048101,1.1607967625452478,,3,
shanghai,0048096,0089621,2.0463893743612904,,3,
shanghai,0048097,0048101,1.5028921699074527,,3,
shanghai,0048097,0048098,1.0823692354743484,,3,
shanghai,0048098,0048101,2.130900680193614,,4,
shanghai,0048101,0048105,1.7337725124195678,,3,
shanghai,0048101,0143436,1.5041178191732547,,4,
shanghai,0048102,0048136,1.2390165931215134,,3,
shanghai,0048103,0219966,1.6722896909299374,,3,
shanghai,0048103,0109153,3.1091607362157356,,5,
shanghai,0048103,0089621,2.4401441817717204,,4,
shanghai,0048103,0143436,1.8138758704613631,,3,
shanghai,0048103,0048136,1.7374250290049489,,3,
shanghai,0048105,0219966,1.4934941320949755,,3,
shanghai,0048105,0109153,1.904931022754901,,3,
shanghai,0048106,0109153,1.711973773229631,,3,
shanghai,0048107,0089621,2.2485511139687593,,3,
shanghai,0048107,0109155,2.927923888592674,,4,
shanghai,0048135,0048136,0.9448519212953157,,3,
shanghai,0048136,0048137,4.847600532500168,,7,
shanghai,0048149,0048168,2.9174527654004248,,5,
shanghai,0048149,0048164,1.5581645457041882,,3,
shanghai,0048150,0048169,2.2463907436902426,,5,
shanghai,0048150,0132290,1.3596991294969034,,3,
shanghai,0048156,0048168,2.4762771287861383,,4,
shanghai,0048156,0048169,2.6133624521336727,,4,
shanghai,0048164,0048168,1.9751349515695313,,4,
shanghai,0048164,0048174,1.5984282670019665,,3,
shanghai,0048164,0048166,1.2226728395070348,,3,
shanghai,0048167,0048178,1.8441994297026574,,3,
shanghai,0048168,0048200,1.26842430030687,,3,
shanghai,0048178,0132294,2.1007039238127327,,4,
shanghai,0048227,0147786,0.9317029645947141,,3,
shanghai,0048238,0048288,1.5515924915155996,,3,
shanghai,0048239,0048291,2.0506216184913026,,4,
shanghai,0048239,0048259,2.2167174348540435,,3,
shanghai,0048241,0048272,1.8743041320830243,,3,
shanghai,0048252,0048253,1.784369645678629,,3,
shanghai,0048253,0048259,2.2702054984981244,,4,
shanghai,0048253,0048257,2.8553330764277303,,5,
shanghai,0048254,0048294,2.4623458457563014,,3,
shanghai,0048254,0048288,2.7271200086589147,,6,
shanghai,0048257,0048283,2.6321685234013614,,4,
shanghai,0048257,0048291,2.689838086054394,,4,
shanghai,0048257,0048259,2.674873637952318,,4,
shanghai,0048257,0048264,2.7960236733334964,,5,
shanghai,0048257,0048270,2.379979682372183,,4,
shanghai,0048259,0048283,2.1368953063677925,,4,
shanghai,0048259,0048291,1.3146870514608824,,3,
shanghai,0048259,0048264,3.5301333090885185,,7,
shanghai,0048259,0048270,2.71472428060185,,5,
shanghai,0048264,0048291,1.6526056909221372,,3,
shanghai,0048264,0109159,1.926476989061785,,3,
shanghai,0048264,0048270,1.5409479988614203,,3,
shanghai,0048264,0109158,1.386535495512358,,3,
shanghai,0048272,0048283,3.8204209991299067,,6,
shanghai,0048272,0048294,4.110027129584645,,7,
shanghai,0048272,0048274,6.863215856702518,,10,
shanghai,0048272,0048277,1.6157371151781859,,3,
shanghai,0048274,0048283,3.4453094078581756,,6,
shanghai,0048274,0048288,1.4715787787483183,,3,
shanghai,0048274,0048290,2.5083063964686323,,5,
shanghai,0048276,0048294,2.1754748607229333,,4,
shanghai,0048276,0048288,1.6053627778595772,,4,
shanghai,0048276,0109158,2.05654338859876,,3,
shanghai,0048276,0048290,2.0805517259018442,,4,
shanghai,0048276,0089039,2.618041984220973,,4,
shanghai,0048277,0109158,2.6260885505267693,,3,
shanghai,0048277,0143440,2.6006346789235653,,3,
shanghai,0048283,0048291,4.968143365575094,,7,
shanghai,0048283,0084680,3.675152521433667,,6,
shanghai,0048283,0048290,3.5663215837530773,,7,
shanghai,0048283,0109158,3.4618896755153754,,6,
shanghai,0048283,0074235,1.5795030208521124,,3,
shanghai,0048283,0089421,1.5334266872972062,,3,
shanghai,0048283,0048288,1.4595282679890262,,3,
shanghai,0048283,0100389,1.2432162853785362,,3,
shanghai,0048288,0048290,3.869041769454408,,7,
shanghai,0048288,0084680,1.8801275664922814,,3,
shanghai,0048290,0048291,1.7581179830715938,,3,
shanghai,0048291,0157829,2.821685783713735,,4,
shanghai,0048291,0074235,2.176130207128077,,4,
shanghai,0048294,0074235,2.0775346285046448,,4,
shanghai,0048294,0157829,1.8595272336985573,,3,
shanghai,0048294,0234658,1.5796468425505492,,3,
shanghai,0048294,0089077,1.1490790919367218,,3,
shanghai,0048344,0112399,1.3348394269045556,,3,
shanghai,0048345,0077164,2.4714106140087404,,4,
shanghai,0048345,0086824,8.027211821621147,,13,
shanghai,0048345,0048404,7.259619988386232,,12,
shanghai,0048345,0072486,5.312326366063337,,8,
shanghai,0048345,0072484,3.341037244492578,,5,
shanghai,0048345,0048474,2.735558278877815,,5,
shanghai,0048345,0048349,2.636895271321789,,6,
shanghai,0048345,0051806,2.4583069148857284,,4,
shanghai,0048345,0077165,1.9013401331827535,,3,
shanghai,0048345,0084677,1.5259223617862219,,3,
shanghai,0048345,0084104,1.3731705374732068,,3,
shanghai,0048349,0048404,5.502222597253603,,8,
shanghai,0048349,0084677,2.699752235272398,,4,
shanghai,0048349,0086824,3.7139322269144417,,5,
shanghai,0048349,0118588,1.5540596720693554,,3,
shanghai,0048359,0235102,3.5628765936096616,,5,
shanghai,0048404,0086824,7.924762724089749,,10,
shanghai,0048404,0072486,3.131355609609874,,6,
shanghai,0048404,0072484,1.4494050857753036,,3,
shanghai,0048411,0235102,3.6920357799634216,,5,
shanghai,0048411,0077167,1.9813987013738876,,3,
shanghai,0048411,0109357,3.5025680739598313,,5,
shanghai,0048411,0084104,3.1090283567078374,,4,
shanghai,0048411,0048416,2.8978832503948366,,5,
shanghai,0048411,0232401,1.3915437890470337,,3,
shanghai,0048416,0084104,1.3538377731045261,,3,
shanghai,0048438,0072582,2.566359214905845,,3,
shanghai,0048440,0077164,1.942602466205911,,3,
shanghai,0048450,0165258,2.267364572404573,,3,
shanghai,0048453,0235102,1.5622313591758776,,3,
shanghai,0048474,0060241,1.000469672247176,,3,
shanghai,0048474,0084677,2.468509857626766,,4,
shanghai,0048474,0084104,2.2366488215057365,,6,
shanghai,0048474,0072486,2.8269846659773465,,4,
shanghai,0048474,0072485,1.7415317841995734,,3,
shanghai,0048474,0072484,1.7236600003246692,,3,
shanghai,0048489,0059093,3.35898752336428,,5,
shanghai,0048495,0048497,7.655419163586961,,14,
shanghai,0048495,0048503,4.97608441612138,,9,
shanghai,0048495,0048499,6.037685372103209,,11,
shanghai,0048495,0048500,3.584871676591164,,7,
shanghai,0048495,0143641,3.158244081787831,,7,
shanghai,0048495,0048496,3.153067263563067,,8,
shanghai,0048495,0048498,2.9061766251816605,,6,
shanghai,0048495,0048501,1.021495322947454,,3,
shanghai,0048496,0048497,27.677050539825732,,52,
shanghai,0048496,0048503,13.999929812824814,,30,
shanghai,0048496,0048501,18.630744513211514,,28,
shanghai,0048496,0048500,14.333844868496188,,28,
shanghai,0048496,0143641,7.057205896975454,,15,
shanghai,0048496,0048499,5.497221466350073,,11,
shanghai,0048496,0048498,4.726586267169146,,10,
shanghai,0048496,0138588,3.2696033822186084,,6,
shanghai,0048496,0089551,1.9604022182370229,,3,
shanghai,0048496,0153925,1.7993176852044828,,4,
shanghai,0048496,0219061,1.453857103283144,,3,
shanghai,0048496,0109312,1.148823740783557,,3,
shanghai,0048497,0048503,25.13986695287706,,40,
shanghai,0048497,0048500,24.821681382593898,,48,
shanghai,0048497,0048499,17.935937376386615,,33,
shanghai,0048497,0048501,12.903116196038775,,25,
shanghai,0048497,0143641,9.98573496985516,,18,
shanghai,0048497,0048498,3.1579882095765495,,7,
shanghai,0048497,0089551,2.9541067543396835,,6,
shanghai,0048497,0138588,2.792025558391896,,6,
shanghai,0048497,0153925,2.2420254189971582,,5,
shanghai,0048497,0109314,1.7712408127626253,,3,
shanghai,0048497,0214549,1.6827669720740004,,3,
shanghai,0048497,0070168,1.5817276700989917,,3,
shanghai,0048497,0084657,1.4968902968609747,,3,
shanghai,0048498,0048503,2.9286642820586066,,5,
shanghai,0048498,0048501,4.192875905235672,,6,
shanghai,0048498,0048499,2.0207546867490866,,3,
shanghai,0048498,0048500,1.7147738804652433,,3,
shanghai,0048499,0048503,22.445143325305892,,31,
shanghai,0048499,0138588,10.105025910653033,,15,
shanghai,0048499,0048501,5.6510930281929035,,11,
shanghai,0048499,0143641,4.842683673780418,,10,
shanghai,0048499,0048500,4.605731741205337,,11,
shanghai,0048499,0092409,2.146560514380818,,3,
shanghai,0048499,0153925,1.7883024491600203,,3,
shanghai,0048499,0089168,1.6550284061132827,,3,
shanghai,0048500,0048503,7.857674098918542,,18,
shanghai,0048500,0048501,9.953330014309907,,19,
shanghai,0048500,0143641,4.499839515428191,,10,
shanghai,0048500,0138588,3.1316091293249952,,5,
shanghai,0048500,0089168,1.062241728028448,,3,
shanghai,0048501,0048503,7.074286301267886,,12,
shanghai,0048501,0143641,4.093853771897884,,10,
shanghai,0048501,0146728,2.618221489048094,,3,
shanghai,0048501,0089551,2.125133663156566,,3,
shanghai,0048501,0089168,1.5046828605646931,,3,
shanghai,0048503,0138588,15.873485555934868,,21,
shanghai,0048503,0143641,8.213880149182073,,18,
shanghai,0048503,0089551,2.6815229627154484,,4,
shanghai,0048503,0146728,2.5752290740021926,,3,
shanghai,0048503,0109314,1.5247658366617491,,3,
shanghai,0048503,0089168,1.0651856410578167,,3,
shanghai,0048503,0086855,0.8299569359434731,,3,
shanghai,0048511,0048512,3.68215042509657,,5,
shanghai,0048511,0078961,2.092161003451163,,3,
shanghai,0048512,0078961,3.08406824182774,,6,
shanghai,0048512,0078963,2.211433938601293,,4,
shanghai,0048512,0078969,2.1731117738610264,,4,
shanghai,0048845,0055085,5.288242276527957,,6,
shanghai,0048904,0113339,3.22070780690382,,4,
shanghai,0048950,0048969,2.8137522172289824,,3,
shanghai,0048955,0048969,3.4058797443215507,,4,
shanghai,0048955,0048968,2.5948828555917087,,3,
shanghai,0048978,0090832,6.511650813884956,,7,
shanghai,0048978,0177302,1.9569777628815,,3,
shanghai,0049022,0169570,2.2103273452232255,,3,
shanghai,0049036,0169570,2.242360229088895,,3,
shanghai,0049070,0049087,4.58246284530239,,7,
shanghai,0049070,0049076,3.40952927547011,,5,
shanghai,0049070,0049083,3.048281312856742,,5,
shanghai,0049070,0049074,2.8844054419662046,,5,
shanghai,0049070,0049100,2.845654292821399,,4,
shanghai,0049070,0049078,2.689532037331314,,4,
shanghai,0049070,0049090,2.3992410630513525,,3,
shanghai,0049070,0049092,2.296376820304528,,4,
shanghai,0049070,0049075,2.273793668250181,,3,
shanghai,0049070,0049089,2.108861718474965,,3,
shanghai,0049070,0049082,2.059271657124656,,3,
shanghai,0049070,0049095,1.8959365847635627,,3,
shanghai,0049108,0049109,3.00704181392572,,5,
shanghai,0049109,0049114,3.8548209293841773,,6,
shanghai,0049109,0049122,3.2425251394331527,,4,
shanghai,0049109,0049118,3.0582367909055517,,5,
shanghai,0049109,0049128,2.439224676861392,,4,
shanghai,0049109,0049136,1.9552575030374295,,3,
shanghai,0049174,0049179,2.4113340041099214,,4,
shanghai,0049178,0059512,1.2326628729875913,,3,
shanghai,0049206,0054971,1.843331161327955,,3,
shanghai,0049211,0146723,3.7624931629764466,,5,
shanghai,0049225,0109518,1.67514424968786,,3,
shanghai,0049251,0049271,4.390969715088395,,6,
shanghai,0049251,0049262,4.094009379013801,,6,
shanghai,0049251,0049270,2.8735265644309402,,4,
shanghai,0049251,0049299,2.342311076028748,,3,
shanghai,0049251,0049275,2.2774818673760753,,3,
shanghai,0049251,0049304,2.10219810891946,,4,
shanghai,0049251,0049305,2.0886965416087984,,3,
shanghai,0049251,0049301,2.0268940833820217,,3,
shanghai,0049251,0049268,1.879224446191318,,3,
shanghai,0049251,0049298,1.858129751217911,,3,
shanghai,0049251,0049259,1.8196544427964587,,3,
shanghai,0049251,0049291,1.6154825354970468,,3,
shanghai,0049251,0049263,1.6150392828670919,,3,
shanghai,0049251,0049288,1.5320492376072545,,4,
shanghai,0049271,0153504,1.6485780172648479,,3,
shanghai,0049288,0049296,2.083499861810308,,3,
shanghai,0049290,0132675,2.2977874679102914,,3,
shanghai,0049292,0049294,1.9595782409097038,,3,
shanghai,0049294,0049305,2.234601142952127,,4,
shanghai,0049320,0049348,1.7861853352582222,,3,
shanghai,0049325,0049348,1.9245032355060143,,3,
shanghai,0049348,0049354,2.2077269136270137,,3,
shanghai,0049348,0049358,2.0574176721701134,,3,
shanghai,0049354,0198027,1.9115031183595175,,3,
shanghai,0049402,0049449,2.7400441840717757,,4,
shanghai,0049402,0049431,1.7025434973976823,,3,
shanghai,0049403,0049431,2.547592514264699,,4,
shanghai,0049406,0049445,3.314843260812866,,4,
shanghai,0049409,0049431,1.641897307170622,,3,
shanghai,0049420,0049431,2.359212330718867,,4,
shanghai,0049420,0049449,1.8728115871198354,,3,
shanghai,0049423,0049431,1.5868923920173452,,3,
shanghai,0049430,0049449,1.8589370616314853,,3,
shanghai,0049431,0049449,2.0706906450272906,,3,
shanghai,0049431,0084452,1.6830125302493415,,3,
shanghai,0049432,0049449,2.989426437811163,,5,
shanghai,0049439,0146722,2.368272044082894,,3,
shanghai,0049440,0049449,1.61233807735669,,3,
shanghai,0049441,0049449,1.837685653960857,,4,
shanghai,0049446,0049449,1.5654480912261124,,3,
shanghai,0049449,0049450,2.206552418767277,,3,
shanghai,0049449,0049454,1.4051047265182677,,3,
shanghai,0049469,0049508,3.2852332625886858,,5,
shanghai,0049520,0109519,2.0038952116317703,,3,
shanghai,0049531,0143449,2.592488216864317,,3,
shanghai,0049539,0054796,2.579914359366544,,3,
shanghai,0049540,0054804,2.1385691639217193,,3,
shanghai,0049564,0188293,4.929352124118001,,6,
shanghai,0049564,0109055,2.1673772821442374,,3,
shanghai,0049631,0049633,2.64331275926663,,4,
shanghai,0049651,0206436,1.7107328993848145,,3,
shanghai,0049654,0084533,2.14685230378103,,3,
shanghai,0049659,0069644,2.4769209996173123,,3,
shanghai,0049709,0049716,2.108417732874209,,4,
shanghai,0049712,0049732,2.904470932383024,,4,
shanghai,0049712,0049730,1.5000236439420298,,3,
shanghai,0049717,0187510,2.888935810727951,,3,
shanghai,0049719,0187510,2.4060296064236137,,3,
shanghai,0049725,0049732,1.9263565363708992,,3,
shanghai,0049726,0069856,2.6191232684973396,,3,
shanghai,0049727,0187510,3.6558851979621254,,4,
shanghai,0049732,0109194,1.7346035492030238,,3,
shanghai,0049903,0049904,1.562170866036168,,3,
shanghai,0049905,0049906,3.843580552086649,,4,
shanghai,0049906,0049908,2.9375173330052426,,3,
shanghai,0049906,0049907,2.8322906164865307,,3,
shanghai,0049933,0143116,5.251298199981152,,7,
shanghai,0049933,0054503,2.807639027413718,,3,
shanghai,0049965,0155566,2.073548831052785,,3,
shanghai,0049968,0050009,1.9859674860189678,,3,
shanghai,0049968,0050017,1.6189968753189703,,3,
shanghai,0049977,0109531,2.116726759307828,,4,
shanghai,0049977,0109634,1.87635126780595,,3,
shanghai,0049981,0090905,2.512798550492077,,4,
shanghai,0049985,0050009,3.5272163947005164,,4,
shanghai,0049989,0050009,2.458357816539062,,4,
shanghai,0049993,0050009,2.214444317768462,,4,
shanghai,0050015,0069252,2.6497591061107357,,3,
shanghai,0050017,0073066,1.2055405425921013,,3,
shanghai,0050017,0109634,2.1281698787901266,,3,
shanghai,0050040,0050041,5.327813929715701,,6,
shanghai,0050040,0050045,3.8770063434742195,,5,
shanghai,0050040,0050043,2.410966345032102,,3,
shanghai,0050045,0109539,2.314288839081871,,4,
shanghai,0050045,0148355,2.18395566738963,,3,
shanghai,0050045,0148356,2.029662570089328,,4,
shanghai,0050080,0152799,2.872480928062618,,3,
shanghai,0050087,0050099,1.8256339831371844,,3,
shanghai,0050090,0050124,1.736788270487677,,3,
shanghai,0050094,0050129,2.0058947930875064,,3,
shanghai,0050097,0050131,3.162595650640527,,4,
shanghai,0050097,0050112,2.430447373566913,,3,
shanghai,0050097,0050157,1.8523299148728074,,3,
shanghai,0050097,0050133,1.7644600934284813,,3,
shanghai,0050097,0050137,1.6401532414235376,,3,
shanghai,0050102,0050105,3.1764046649536652,,4,
shanghai,0050102,0050177,2.9507916946883723,,5,
shanghai,0050102,0050144,2.769180362920153,,6,
shanghai,0050102,0050138,2.1128519133741004,,4,
shanghai,0050102,0050164,1.840272508186636,,3,
shanghai,0050102,0050117,1.4693775463753764,,3,
shanghai,0050105,0201707,3.0813241988385043,,6,
shanghai,0050108,0050124,1.5942391836111196,,3,
shanghai,0050109,0050122,1.39904289792539,,3,
shanghai,0050114,0050129,2.3623459925927497,,3,
shanghai,0050121,0050156,2.199122584484908,,4,
shanghai,0050125,0050156,1.7490793564262468,,3,
shanghai,0050126,0050154,2.3599637291848943,,3,
shanghai,0050129,0050182,2.83788958785483,,4,
shanghai,0050129,0050180,2.226883501380799,,3,
shanghai,0050129,0050169,1.9922888904506395,,3,
shanghai,0050138,0201707,1.3673652383616588,,3,
shanghai,0050141,0201707,0.9636306206147631,,3,
shanghai,0050156,0050182,2.102980909457106,,3,
shanghai,0050182,0201707,1.499119454526753,,3,
shanghai,0050236,0155452,2.0447653756382542,,3,
shanghai,0050239,0069221,2.6036690854785993,,3,
shanghai,0050251,0164990,1.2325577219389687,,3,
shanghai,0050251,0069221,4.428674911016805,,5,
shanghai,0050251,0109104,1.9795933025143149,,3,
shanghai,0050258,0069221,2.6697547443074847,,3,
shanghai,0050276,0069221,5.013543382957365,,6,
shanghai,0050276,0155452,3.1774105264618298,,6,
shanghai,0050276,0089269,3.026946955873495,,4,
shanghai,0050276,0109105,2.264043332946779,,3,
shanghai,0050277,0084449,2.332401449525026,,3,
shanghai,0050296,0050332,2.0254398930287043,,3,
shanghai,0050304,0050305,1.898087686568969,,3,
shanghai,0050305,0050342,3.329859970871167,,5,
shanghai,0050341,0084433,1.618374535052048,,3,
shanghai,0050389,0050422,2.1382733918781134,,3,
shanghai,0050390,0050443,2.7923436468539093,,4,
shanghai,0050406,0050443,1.7777368434667187,,3,
shanghai,0050407,0084444,1.3267398285749818,,3,
shanghai,0050422,0050425,2.3597274967206925,,4,
shanghai,0050422,0050444,2.3195339593340485,,3,
shanghai,0050435,0050443,2.12949046938856,,3,
shanghai,0050487,0170757,0.8659639907558403,,3,
shanghai,0050503,0050528,1.266372608535348,,3,
shanghai,0050505,0087519,2.268539585381195,,3,
shanghai,0050505,0146730,1.3257251551696443,,3,
shanghai,0050507,0087519,2.416745705533211,,3,
shanghai,0050507,0084708,2.3314369139597564,,4,
shanghai,0050507,0061490,0.9843544597996059,,3,
shanghai,0050510,0109127,2.0418741751703564,,3,
shanghai,0050513,0170187,3.531099400311394,,4,
shanghai,0050514,0172918,1.8344557507379085,,3,
shanghai,0050516,0172918,3.162956174490478,,6,
shanghai,0050517,0109127,1.8390049422431227,,3,
shanghai,0050530,0087519,1.9331374721338743,,3,
shanghai,0050530,0146730,2.212091712947227,,3,
shanghai,0050559,0050563,2.696529648015045,,3,
shanghai,0050578,0068884,2.5222893550586836,,3,
shanghai,0050579,0231965,2.6895348983035103,,3,
shanghai,0050600,0119048,1.8839768595758206,,3,
shanghai,0050718,0050719,2.7442645094466593,,3,
shanghai,0050920,0050922,2.8936019911032167,,3,
shanghai,0050933,0084497,1.5022503801382983,,3,
shanghai,0050939,0050956,1.9080210631406604,,3,
shanghai,0050946,0050956,2.452893009877021,,3,
shanghai,0050946,0050959,3.9300947093638596,,5,
shanghai,0050946,0232167,2.2250952434256215,,3,
shanghai,0050948,0050956,1.9075650701254958,,3,
shanghai,0050948,0050959,2.794284089324747,,4,
shanghai,0050950,0050959,2.043265230279805,,3,
shanghai,0051133,0051134,2.0392887597593536,,3,
shanghai,0051176,0051193,1.4845891060803023,,3,
shanghai,0051202,0051207,2.3419789218698863,,3,
shanghai,0051205,0051256,3.3660990616152024,,6,
shanghai,0051205,0051222,3.201617541049653,,6,
shanghai,0051205,0051253,2.336290455399922,,4,
shanghai,0051205,0051214,2.244964700236266,,4,
shanghai,0051205,0051259,1.5655225912809951,,4,
shanghai,0051205,0051260,1.5232590371503716,,3,
shanghai,0051207,0051256,2.7949037763918296,,4,
shanghai,0051207,0051260,2.7827181510641816,,4,
shanghai,0051207,0051208,2.7487423706765677,,4,
shanghai,0051207,0051252,2.6158599662614312,,3,
shanghai,0051207,0051215,2.283664823413877,,3,
shanghai,0051207,0051213,1.7533528183170812,,3,
shanghai,0051208,0051256,3.6497995605774705,,5,
shanghai,0051208,0051219,2.977291489701519,,4,
shanghai,0051208,0051220,2.2873312301390425,,4,
shanghai,0051208,0051216,2.2279294980564455,,4,
shanghai,0051208,0051261,2.0554065346557677,,3,
shanghai,0051208,0051223,1.8525629536659682,,4,
shanghai,0051213,0051256,1.4191922864102324,,3,
shanghai,0051220,0051256,2.5261810416840627,,4,
shanghai,0051256,0051261,3.2269740932874664,,5,
shanghai,0051256,0051260,1.9445479150992921,,4,
shanghai,0051359,0051400,2.0296637853005706,,3,
shanghai,0051367,0051400,1.8791953587933088,,3,
shanghai,0051376,0051400,1.994584159698862,,4,
shanghai,0051384,0051400,1.8794809038466789,,3,
shanghai,0051404,0051430,1.571534149287905,,3,
shanghai,0051406,0051450,1.388101393477175,,3,
shanghai,0051415,0051449,2.311878938056512,,3,
shanghai,0051418,0051453,2.037477372945851,,3,
shanghai,0051419,0051449,1.723179875824385,,3,
shanghai,0051420,0051449,2.5723915940103654,,3,
shanghai,0051421,0051450,1.6247228852931428,,3,
shanghai,0051421,0051453,2.032154993214314,,3,
shanghai,0051428,0051449,2.7414244703819364,,4,
shanghai,0051428,0051453,3.2319978675968097,,5,
shanghai,0051428,0051454,5.430266525563782,,6,
shanghai,0051429,0051450,1.1198990298398672,,3,
shanghai,0051433,0051449,3.3178364725162752,,5,
shanghai,0051433,0051453,3.665089641483126,,5,
shanghai,0051435,0051449,2.9312729115052747,,5,
shanghai,0051435,0051453,2.22017640503,,3,
shanghai,0051437,0051449,3.000810063824553,,4,
shanghai,0051445,0051447,1.2216866839326344,,3,
shanghai,0051447,0051449,1.65710779279862,,3,
shanghai,0051447,0051453,1.469181358293861,,3,
shanghai,0051449,0051450,2.2897266263458045,,3,
shanghai,0051449,0051453,2.375583796011989,,3,
shanghai,0051483,0051493,3.1550161013271696,,4,
shanghai,0051515,0051554,1.799540500338704,,3,
shanghai,0051623,0051642,3.630326140938975,,4,
shanghai,0051623,0051641,2.804266465265508,,3,
shanghai,0051731,0051732,1.999358610437008,,4,
shanghai,0051748,0068810,3.177969223027988,,4,
shanghai,0051748,0119900,2.7720825684736683,,3,
shanghai,0051807,0219988,2.1142562884023874,,3,
shanghai,0051818,0232160,3.6521514752620856,,5,
shanghai,0051823,0084701,2.118073056373282,,3,
shanghai,0051846,0051884,1.6657857135400826,,3,
shanghai,0051891,0051893,2.0083659861779375,,3,
shanghai,0051989,0235014,2.2452385091282965,,3,
shanghai,0051994,0052001,7.043061094063905,,8,
shanghai,0051994,0051998,3.6824099176536236,,4,
shanghai,0051994,0052004,2.7729430678211213,,3,
shanghai,0051995,0089012,2.3664508414044514,,3,
shanghai,0051995,0051998,4.506741763226169,,5,
shanghai,0051995,0052001,9.498996160276814,,11,
shanghai,0051996,0064913,2.2650362642893094,,3,
shanghai,0051996,0051998,5.542042026147112,,6,
shanghai,0051996,0052001,7.164234001723556,,8,
shanghai,0051996,0052004,2.799128104258523,,3,
shanghai,0051996,0051997,2.364330859092381,,3,
shanghai,0051997,0052001,2.6982674684309007,,3,
shanghai,0051998,0052001,4.531927556756549,,5,
shanghai,0052001,0089012,1.981285982293854,,3,
shanghai,0052051,0052058,1.7826550574864723,,3,
shanghai,0052939,0052967,2.1680313818955965,,3,
shanghai,0052967,0052977,1.8561901387418003,,3,
shanghai,0054086,0054110,1.2763928462320593,,3,
shanghai,0054191,0054217,1.7369658629052733,,3,
shanghai,0054217,0054218,1.7979452112127754,,3,
shanghai,0054236,0054240,2.6802666085222513,,3,
shanghai,0054262,0054290,2.8735750037632806,,3,
shanghai,0054262,0054317,2.6833064818519112,,3,
shanghai,0054264,0054324,2.6280329424557984,,3,
shanghai,0054266,0054344,2.802475717683731,,3,
shanghai,0054266,0054371,3.0409577790494673,,4,
shanghai,0054266,0054308,2.263193728862196,,3,
shanghai,0054271,0054374,3.068111691930314,,4,
shanghai,0054271,0054391,3.3562080961195857,,4,
shanghai,0054274,0054344,3.733069869510461,,4,
shanghai,0054274,0054339,2.918312922902528,,3,
shanghai,0054275,0054355,3.6972854071854577,,4,
shanghai,0054276,0054281,2.7223137010891625,,3,
shanghai,0054276,0054324,2.893681337650032,,3,
shanghai,0054276,0054391,2.6732725584852286,,3,
shanghai,0054276,0054303,3.1471436604816336,,4,
shanghai,0054276,0054315,2.8860424676546343,,3,
shanghai,0054276,0054316,2.8163152418176605,,3,
shanghai,0054278,0054371,2.4598035692251226,,3,
shanghai,0054278,0054315,5.180615104640668,,6,
shanghai,0054278,0054316,3.6969117466129373,,4,
shanghai,0054278,0054314,2.28558441012816,,3,
shanghai,0054279,0054362,4.4128513858572,,5,
shanghai,0054281,0054362,8.223882491226615,,9,
shanghai,0054281,0054374,2.549091003589898,,3,
shanghai,0054281,0054371,5.927215521930857,,7,
shanghai,0054281,0054309,5.536492995088116,,6,
shanghai,0054281,0054300,3.5974627514444553,,4,
shanghai,0054281,0054315,3.420508807412932,,4,
shanghai,0054281,0054347,3.300942646836205,,4,
shanghai,0054281,0054314,3.2623811485052405,,4,
shanghai,0054281,0054282,2.5340123492805913,,3,
shanghai,0054281,0054310,2.3774979357135417,,3,
shanghai,0054282,0054362,6.08472144443933,,8,
shanghai,0054282,0054374,3.3856223481870455,,4,
shanghai,0054282,0054316,2.438447616102965,,3,
shanghai,0054282,0054288,4.0815025647661685,,5,
shanghai,0054283,0054350,2.5849296501775574,,3,
shanghai,0054285,0054391,2.597965539192456,,3,
shanghai,0054288,0054362,4.303778258660234,,5,
shanghai,0054288,0054300,3.6525425515549994,,5,
shanghai,0054291,0054317,3.5574495025342086,,4,
shanghai,0054291,0054361,2.704910207705135,,3,
shanghai,0054293,0054374,2.5380941660523426,,3,
shanghai,0054293,0054350,2.5505608731464307,,3,
shanghai,0054293,0054382,8.713410970309123,,9,
shanghai,0054293,0054331,2.8337300290549177,,3,
shanghai,0054293,0054360,2.7084563448166294,,3,
shanghai,0054293,0054368,2.6787126507116286,,3,
shanghai,0054300,0054362,11.397996361809518,,13,
shanghai,0054300,0054387,4.5596177315280135,,5,
shanghai,0054300,0054344,8.148238252969556,,9,
shanghai,0054300,0054390,10.995899927918149,,13,
shanghai,0054300,0054371,7.3720839688620385,,8,
shanghai,0054300,0054309,6.418831426223019,,7,
shanghai,0054300,0054365,6.345360101090662,,7,
shanghai,0054300,0054303,4.153826286630833,,6,
shanghai,0054300,0054339,3.7961515618053308,,4,
shanghai,0054300,0054359,3.650708407186957,,5,
shanghai,0054300,0054316,3.462501645479295,,4,
shanghai,0054300,0054386,3.228223704890238,,4,
shanghai,0054300,0054364,3.072892106195568,,4,
shanghai,0054303,0054362,5.568142401102214,,7,
shanghai,0054303,0054374,5.510860140363592,,7,
shanghai,0054303,0054344,3.8049332904224253,,5,
shanghai,0054303,0054350,2.3229018842594003,,3,
shanghai,0054303,0054315,2.7294122712931044,,3,
shanghai,0054303,0054310,2.5686171212944293,,3,
shanghai,0054303,0054365,2.3806962243351846,,3,
shanghai,0054303,0109299,2.1874637674535453,,3,
shanghai,0054303,0054364,2.1734471199966148,,3,
shanghai,0054306,0054371,3.7410354900531066,,4,
shanghai,0054306,0054365,3.758655065710144,,4,
shanghai,0054306,0054349,2.795702518103887,,3,
shanghai,0054308,0054365,2.883716731187817,,3,
shanghai,0054309,0054362,4.297456539848305,,5,
shanghai,0054309,0054344,3.5139439798618346,,4,
shanghai,0054309,0054359,2.0880357472478854,,3,
shanghai,0054309,0054371,8.499772612820998,,9,
shanghai,0054309,0054339,2.695114684034477,,3,
shanghai,0054309,0054365,3.7304358712303523,,4,
shanghai,0054310,0054354,1.859420729331185,,3,
shanghai,0054312,0147702,2.1452013154328777,,3,
shanghai,0054313,0054364,6.58023053832045,,7,
shanghai,0054313,0054321,3.286440330342434,,4,
shanghai,0054314,0054371,2.3516733174304614,,3,
shanghai,0054314,0054390,2.367399302455442,,3,
shanghai,0054315,0054362,7.816746591163389,,9,
shanghai,0054315,0054374,9.884291240679966,,11,
shanghai,0054315,0054344,4.168847463550444,,5,
shanghai,0054315,0054350,4.464672111136898,,5,
shanghai,0054315,0054324,6.392398001472632,,7,
shanghai,0054315,0054390,4.91553317566351,,6,
shanghai,0054315,0054347,3.589509532005133,,4,
shanghai,0054315,0054365,3.386820147038195,,4,
shanghai,0054315,0054389,2.9513577836077514,,4,
shanghai,0054315,0054368,2.779978468477044,,3,
shanghai,0054315,0054316,2.746714666082382,,3,
shanghai,0054316,0054362,6.13283937703364,,7,
shanghai,0054316,0054374,6.2102594660660815,,7,
shanghai,0054316,0054324,3.588756672537464,,4,
shanghai,0054316,0054364,3.912946757422572,,5,
shanghai,0054316,0054367,3.583451638847643,,4,
shanghai,0054316,0089732,2.6536005824659346,,3,
shanghai,0054316,0054325,2.3595449447986643,,3,
shanghai,0054316,0054390,2.324482811768524,,3,
shanghai,0054317,0054382,4.4532123598399265,,5,
shanghai,0054317,0054357,2.711080885204252,,3,
shanghai,0054317,0054355,2.5646547449042587,,3,
shanghai,0054320,0054364,4.504965927757418,,5,
shanghai,0054320,0054321,3.5512299060893273,,4,
shanghai,0054320,0054333,2.6692755529421195,,3,
shanghai,0054321,0054364,7.250062370717612,,8,
shanghai,0054321,0054381,2.784530716165114,,3,
shanghai,0054321,0054333,3.62708858938504,,4,
shanghai,0054321,0054325,3.565218177538517,,4,
shanghai,0054324,0054374,4.095082356689295,,5,
shanghai,0054324,0054391,8.387411290205266,,10,
shanghai,0054324,0054390,4.790839900927147,,6,
shanghai,0054325,0054364,6.446457824592695,,7,
shanghai,0054325,0054333,4.67277242385932,,5,
shanghai,0054325,0054367,2.667437928378952,,3,
shanghai,0054333,0054371,2.217827934473873,,3,
shanghai,0054333,0054364,2.526479007355571,,3,
shanghai,0054334,0054367,2.64907553514257,,3,
shanghai,0054336,0054365,2.516636778519728,,3,
shanghai,0054336,0054373,3.86956632527739,,4,
shanghai,0054339,0054362,4.364258496996764,,5,
shanghai,0054339,0054344,4.706236105786881,,5,
shanghai,0054339,0117496,2.6777991829776076,,3,
shanghai,0054341,0054355,2.8977622797341533,,3,
shanghai,0054344,0054362,9.091569063787155,,10,
shanghai,0054344,0054387,4.525093580628671,,5,
shanghai,0054344,0054365,6.250927079420998,,7,
shanghai,0054344,0054390,3.74935910775729,,4,
shanghai,0054344,0054371,3.5855586717801993,,4,
shanghai,0054344,0054370,3.5654569698849006,,4,
shanghai,0054344,0054391,3.029997226139837,,4,
shanghai,0054344,0054366,2.9336683711126685,,3,
shanghai,0054347,0054374,3.4693724162084347,,4,
shanghai,0054347,0054391,2.4977740906577983,,3,
shanghai,0054347,0054354,2.5587934851818748,,3,
shanghai,0054347,0061186,1.9801625885885819,,3,
shanghai,0054350,0054374,4.663189136988655,,5,
shanghai,0054350,0086663,2.025218955040886,,4,
shanghai,0054350,0118436,1.9570095361986248,,3,
shanghai,0054350,0054367,5.1813105060842,,6,
shanghai,0054350,0077129,3.106844237067058,,4,
shanghai,0054350,0054365,2.9093156176981934,,4,
shanghai,0054350,0054355,2.5739741286209337,,3,
shanghai,0054354,0054355,1.8957310873203506,,3,
shanghai,0054355,0147704,1.7319188752964814,,3,
shanghai,0054355,0054391,2.6471934730426825,,3,
shanghai,0054355,0054367,7.750574744978733,,9,
shanghai,0054357,0054371,3.732192596485224,,4,
shanghai,0054359,0054371,4.462753084113097,,7,
shanghai,0054359,0054390,1.5654625748721573,,3,
shanghai,0054362,0054371,11.643768909014968,,13,
shanghai,0054362,0054387,8.710696020659308,,10,
shanghai,0054362,0054366,5.5773011491569715,,6,
shanghai,0054362,0054367,3.9981217578019987,,5,
shanghai,0054365,0054371,16.097409521305877,,17,
shanghai,0054365,0054390,2.5782924704064483,,3,
shanghai,0054366,0054390,2.1149314872897813,,3,
shanghai,0054367,0084656,1.5980809539663094,,3,
shanghai,0054367,0054391,7.618902062661265,,9,
shanghai,0054367,0054368,2.50389548054624,,3,
shanghai,0054367,0089732,2.5106569512175927,,3,
shanghai,0054368,0054387,2.4164805911236935,,3,
shanghai,0054368,0117495,1.8494596371766316,,3,
shanghai,0054368,0054382,3.626325160086207,,4,
shanghai,0054371,0054390,2.9208650532177116,,4,
shanghai,0054371,0054391,2.5676526735028844,,3,
shanghai,0054373,0054382,2.7073277500930093,,3,
shanghai,0054374,0054391,6.262236103186262,,7,
shanghai,0054374,0054390,3.1407882092619293,,4,
shanghai,0054374,0054382,2.4967316255986516,,3,
shanghai,0054375,0054386,2.6505453783461794,,3,
shanghai,0054387,0054391,2.1763153405727476,,3,
shanghai,0054391,0089732,2.1686370974571427,,3,
shanghai,0054409,0118860,2.33272472909794,,4,
shanghai,0054423,0109284,2.4669100444211156,,3,
shanghai,0054430,0089367,2.449007415433453,,3,
shanghai,0054455,0129374,3.130686883296939,,4,
shanghai,0054516,0058856,1.7264050764280634,,3,
shanghai,0054537,0054540,2.7950777349385025,,3,
shanghai,0054540,0054613,2.6472047604042954,,3,
shanghai,0054540,0054744,2.491102280009121,,3,
shanghai,0054540,0054747,2.43981919763446,,3,
shanghai,0054540,0054562,2.21355605694196,,3,
shanghai,0054541,0054588,2.750084998010708,,3,
shanghai,0054545,0054632,3.525899572429701,,4,
shanghai,0054545,0054588,3.7339493639559165,,4,
shanghai,0054545,0054654,6.786579020128812,,8,
shanghai,0054548,0054654,2.4396297536907605,,3,
shanghai,0054549,0054569,2.492875779990533,,3,
shanghai,0054549,0054714,2.4723089115220764,,3,
shanghai,0054550,0054581,2.718088400809352,,3,
shanghai,0054555,0054682,2.823358987136233,,3,
shanghai,0054555,0054659,2.7180869483193746,,3,
shanghai,0054555,0054624,2.6442847658459887,,3,
shanghai,0054558,0054632,2.4512729529952124,,3,
shanghai,0054558,0054569,2.489498587038315,,3,
shanghai,0054562,0054632,3.5012725647082927,,4,
shanghai,0054562,0054585,3.7718177762177127,,4,
shanghai,0054562,0054747,2.7642374112879815,,3,
shanghai,0054568,0054701,2.5686214053638614,,3,
shanghai,0054568,0054576,2.3913731789261634,,3,
shanghai,0054569,0054609,3.4816421325743168,,4,
shanghai,0054577,0054692,2.8120291988867234,,3,
shanghai,0054585,0054673,2.149343940355862,,3,
shanghai,0054588,0054654,3.5132404044743293,,4,
shanghai,0054595,0054632,6.299039609190203,,7,
shanghai,0054595,0054744,2.3162525828201916,,3,
shanghai,0054599,0054632,6.6674378850389715,,7,
shanghai,0054607,0054632,5.514549409802242,,6,
shanghai,0054608,0054632,2.7838786404377913,,3,
shanghai,0054608,0054654,2.6119785536285933,,3,
shanghai,0054608,0054754,2.6095177347913405,,3,
shanghai,0054611,0054649,2.4449952673608055,,3,
shanghai,0054611,0054615,2.37130205422845,,3,
shanghai,0054616,0054641,2.8426266497079657,,3,
shanghai,0054616,0054680,2.7993422243810957,,3,
shanghai,0054624,0054682,3.822377808648901,,4,
shanghai,0054630,0054649,2.519871713607385,,3,
shanghai,0054632,0054688,4.330732983003406,,5,
shanghai,0054632,0054651,3.471921640558902,,4,
shanghai,0054632,0054654,3.121091197379409,,4,
shanghai,0054632,0054744,3.066768218122083,,4,
shanghai,0054632,0054678,2.8595256189402605,,3,
shanghai,0054632,0054652,2.727374775167183,,3,
shanghai,0054632,0054719,2.588860685814916,,3,
shanghai,0054635,0054680,2.763664289711899,,3,
shanghai,0054649,0054663,2.8766334382981817,,3,
shanghai,0054654,0054744,3.591380365947723,,4,
shanghai,0054654,0054742,2.451168938810636,,3,
shanghai,0054678,0054745,3.5010548005684834,,4,
shanghai,0054678,0054742,3.496796137819083,,4,
shanghai,0054678,0054681,2.7877698946874374,,3,
shanghai,0054678,0054746,2.3731053803737794,,3,
shanghai,0054727,0054730,2.70545152553911,,3,
shanghai,0054767,0143449,3.771283342672312,,4,
shanghai,0054767,0054834,3.356984732387333,,4,
shanghai,0054767,0054802,2.7682814283654706,,3,
shanghai,0054767,0054821,2.7581863194047904,,3,
shanghai,0054767,0109705,2.382022903608251,,3,
shanghai,0054767,0054826,2.177189029798367,,3,
shanghai,0054767,0054830,1.8652671362272688,,3,
shanghai,0054767,0097029,1.6755097479392131,,3,
shanghai,0054770,0054823,4.397569454148226,,5,
shanghai,0054770,0054807,2.058088255760783,,3,
shanghai,0054774,0054796,5.123940530063349,,6,
shanghai,0054774,0054834,4.346846763680296,,5,
shanghai,0054774,0054777,2.596396737780772,,3,
shanghai,0054774,0054813,2.499049437755726,,3,
shanghai,0054775,0054796,8.645238834199812,,10,
shanghai,0054775,0054834,2.7912293807908624,,3,
shanghai,0054775,0054807,3.630505577233129,,4,
shanghai,0054775,0054809,5.281746006868207,,6,
shanghai,0054775,0054785,4.797004370282858,,5,
shanghai,0054775,0054806,4.042414649072058,,5,
shanghai,0054775,0054776,2.85077463682003,,3,
shanghai,0054777,0054813,2.913006858805295,,3,
shanghai,0054779,0054796,2.7549369597144397,,3,
shanghai,0054780,0054806,2.835876987620426,,3,
shanghai,0054788,0143449,3.5602182537682117,,4,
shanghai,0054788,0054806,2.8401154410511973,,3,
shanghai,0054790,0054809,2.916557877104187,,3,
shanghai,0054791,0054834,3.1212330837071067,,4,
shanghai,0054794,0054804,2.5057789296660515,,3,
shanghai,0054795,0054821,2.5260250042950405,,3,
shanghai,0054796,0146721,2.703592173137164,,3,
shanghai,0054796,0054823,7.108852793216585,,8,
shanghai,0054796,0143449,6.654797780387132,,8,
shanghai,0054796,0054806,5.857015975941639,,7,
shanghai,0054796,0054809,4.664846244231931,,5,
shanghai,0054796,0054834,3.722476644594324,,4,
shanghai,0054796,0054829,3.3023702024441626,,4,
shanghai,0054796,0054831,2.628263941884919,,3,
shanghai,0054796,0054802,2.583666535492528,,3,
shanghai,0054796,0169330,2.5045045711330163,,3,
shanghai,0054797,0054834,5.609878131837091,,6,
shanghai,0054804,0054813,6.0630470851018226,,7,
shanghai,0054804,0054823,3.758194352649988,,4,
shanghai,0054804,0054831,3.6688732596675893,,4,
shanghai,0054804,0054834,3.323069470106116,,4,
shanghai,0054804,0054809,2.761332694989635,,3,
shanghai,0054804,0143449,2.688035037104705,,3,
shanghai,0054804,0054815,2.4869974649662625,,3,
shanghai,0054806,0143449,5.412841102758568,,7,
shanghai,0054806,0054834,3.469821652894545,,4,
shanghai,0054806,0054807,4.383898391649186,,5,
shanghai,0054806,0054833,3.79403125611547,,4,
shanghai,0054806,0054809,3.374107596933482,,4,
shanghai,0054806,0054831,2.917304428397621,,3,
shanghai,0054806,0054820,2.8042822818462363,,3,
shanghai,0054806,0054829,2.6845335261763643,,3,
shanghai,0054807,0054834,4.669404821395468,,5,
shanghai,0054809,0143449,7.0387733678003945,,8,
shanghai,0054820,0054834,2.8222617617585604,,3,
shanghai,0054821,0054830,2.568228337088084,,3,
shanghai,0054823,0089721,2.2669293503953063,,4,
shanghai,0054823,0054834,5.413776468770131,,6,
shanghai,0054825,0143449,3.4892721630205044,,4,
shanghai,0054826,0054834,3.6727718296161753,,4,
shanghai,0054826,0054835,3.6312671578602673,,4,
shanghai,0054826,0054830,2.964780295924286,,4,
shanghai,0054830,0054835,3.6382282132497274,,4,
shanghai,0054834,0143449,4.976870975789894,,6,
shanghai,0054834,0089721,2.6333989407354523,,4,
shanghai,0054834,0054835,3.448147727825837,,4,
shanghai,0054860,0155207,1.5150390960287363,,3,
shanghai,0054976,0054989,2.7153640198740914,,3,
shanghai,0054998,0054999,1.9553140708312502,,3,
shanghai,0055066,0066596,2.419446781871168,,3,
shanghai,0055068,0080707,2.5308097937324368,,3,
shanghai,0055085,0151012,3.4887181378235885,,4,
shanghai,0055104,0055116,3.450505510027903,,4,
shanghai,0055107,0055133,2.481205840985483,,3,
shanghai,0055116,0109126,2.618763468513236,,3,
shanghai,0055116,0055133,2.7256467005417884,,3,
shanghai,0055133,0143427,2.2442797287381007,,3,
shanghai,0055138,0157379,4.3305042024245735,,5,
shanghai,0055138,0157382,3.394295936795541,,4,
shanghai,0055146,0055185,2.6852850471176555,,3,
shanghai,0055148,0055185,2.7424661969005704,,3,
shanghai,0055148,0055171,2.7530932831445227,,3,
shanghai,0055148,0055200,2.5219113269388407,,3,
shanghai,0055149,0055212,2.684468902533122,,3,
shanghai,0055149,0055152,4.249861552091226,,5,
shanghai,0055149,0055184,2.5530669533572,,3,
shanghai,0055151,0055152,2.847771815886583,,3,
shanghai,0055156,0055192,4.663663801408017,,5,
shanghai,0055157,0055192,3.2599841537568475,,4,
shanghai,0055157,0055194,2.774846094521932,,3,
shanghai,0055159,0055185,2.781471515832787,,3,
shanghai,0055161,0055194,2.744930698357787,,3,
shanghai,0055161,0055173,2.7699765584562757,,3,
shanghai,0055161,0055183,1.680761144546402,,3,
shanghai,0055164,0055192,2.553112375515128,,3,
shanghai,0055165,0055192,3.3069736488949566,,4,
shanghai,0055165,0055203,2.7413682925361362,,3,
shanghai,0055167,0055185,2.7053549120811793,,3,
shanghai,0055169,0055172,4.64897206411956,,5,
shanghai,0055172,0055212,2.5146766905597593,,3,
shanghai,0055172,0055194,3.58016677931484,,4,
shanghai,0055173,0055180,2.928614686117756,,3,
shanghai,0055176,0055202,2.841803060506087,,3,
shanghai,0055177,0055192,2.6588090331088963,,3,
shanghai,0055177,0055194,3.5232925704787847,,4,
shanghai,0055177,0055203,4.7512618746654764,,5,
shanghai,0055177,0055202,2.8969878727810925,,3,
shanghai,0055180,0055211,2.7213701008799864,,3,
shanghai,0055184,0055202,2.7421981937551636,,3,
shanghai,0055185,0055212,3.573693257199015,,4,
shanghai,0055185,0055199,4.397633817072075,,5,
shanghai,0055185,0055205,3.497312258355392,,4,
shanghai,0055185,0055201,2.8433271353233036,,3,
shanghai,0055187,0055190,3.844239711845949,,4,
shanghai,0055191,0055200,2.605195434685592,,3,
shanghai,0055192,0055212,2.6402595038118415,,3,
shanghai,0055192,0055203,3.619222338968511,,4,
shanghai,0055194,0055199,3.6033752986610468,,4,
shanghai,0055194,0055195,2.4288485504245507,,3,
shanghai,0055197,0055202,3.754955576935883,,4,
shanghai,0055200,0055216,4.486458433880889,,5,
shanghai,0055200,0055207,3.662447201478213,,4,
shanghai,0055200,0055202,2.7201628782682863,,3,
shanghai,0055200,0055201,2.6831654057443464,,3,
shanghai,0055232,0055239,5.092223580489526,,6,
shanghai,0055232,0055237,4.480480948026836,,5,
shanghai,0055232,0055264,3.5419419723070282,,4,
shanghai,0055232,0055233,2.6274544107685656,,3,
shanghai,0055232,0066594,2.5913027462284326,,3,
shanghai,0055233,0055255,4.6495986256776245,,5,
shanghai,0055233,0055239,2.766151903320438,,3,
shanghai,0055235,0055255,2.7646686615978737,,3,
shanghai,0055235,0055253,2.621409748995349,,3,
shanghai,0055235,0055263,2.5058660708055904,,3,
shanghai,0055237,0055255,10.894437232867748,,12,
shanghai,0055237,0132582,2.6182858557272857,,3,
shanghai,0055237,0066616,2.5319939796247803,,3,
shanghai,0055238,0055255,2.764428522812364,,3,
shanghai,0055242,0055264,2.6212862388581737,,3,
shanghai,0055242,0055255,4.418581338623423,,5,
shanghai,0055242,0055249,2.204345838202889,,3,
shanghai,0055246,0055255,2.411294539087627,,3,
shanghai,0055246,0055247,2.7428827814327965,,3,
shanghai,0055249,0055255,5.653608982723629,,6,
shanghai,0055249,0055263,3.3957349937006205,,4,
shanghai,0055249,0132582,2.7899728220377655,,3,
shanghai,0055250,0055253,2.8582935748335827,,3,
shanghai,0055252,0066596,1.8907342504290487,,3,
shanghai,0055252,0066594,2.178792149070007,,3,
shanghai,0055253,0055263,2.179848338429726,,3,
shanghai,0055255,0066596,1.7910370445099135,,3,
shanghai,0055255,0066594,3.433596733050196,,4,
shanghai,0055255,0055265,3.7063761098565866,,4,
shanghai,0055255,0089648,3.4756852692609246,,4,
shanghai,0055255,0089265,3.0238032374624964,,4,
shanghai,0055255,0055258,2.710528945529897,,3,
shanghai,0055255,0147800,1.7010391764145014,,3,
shanghai,0055255,0063759,1.2894107581047076,,3,
shanghai,0055349,0101455,2.6635380727203772,,3,
shanghai,0055363,0055370,2.6701138736772223,,3,
shanghai,0055391,0082793,2.1612980293324284,,3,
shanghai,0055391,0083460,1.998473782576741,,3,
shanghai,0055394,0235092,2.7033540376542646,,4,
shanghai,0055456,0109711,5.622580735980671,,8,
shanghai,0055456,0109652,2.9781789684072293,,4,
shanghai,0055456,0055457,2.5319462899442007,,5,
shanghai,0055457,0109711,2.64109551547237,,4,
shanghai,0055468,0072232,2.4454756735320817,,3,
shanghai,0055469,0147768,2.0255168755196484,,3,
shanghai,0055503,0055504,1.4098575247910106,,3,
shanghai,0055504,0100294,1.6352624963128841,,3,
shanghai,0055524,0055525,3.6691224238814195,,6,
shanghai,0055524,0118509,1.2869509827664398,,3,
shanghai,0055525,0232424,3.767305759165092,,6,
shanghai,0055555,0155560,1.7984894051599774,,3,
shanghai,0055606,0201449,0.9343357615154266,,3,
shanghai,0055616,0086087,3.340730643832298,,4,
shanghai,0055616,0055718,2.895877263790745,,4,
shanghai,0055616,0153923,2.048470354261896,,4,
shanghai,0055616,0084531,1.573327243924353,,3,
shanghai,0055617,0114107,1.6090903637482001,,3,
shanghai,0055668,0161718,1.6722124223436101,,3,
shanghai,0055715,0228153,2.1341887979564187,,3,
shanghai,0055731,0201704,1.7876237479962953,,3,
shanghai,0055789,0109190,2.4951160477243945,,3,
shanghai,0055821,0201446,2.5538846491126863,,4,
shanghai,0058474,0072007,3.2765628062510235,,4,
shanghai,0058474,0077088,2.176108973827541,,4,
shanghai,0058474,0089239,1.4630458868794103,,3,
shanghai,0058475,0114389,1.6736255622109484,,3,
shanghai,0058476,0164657,2.8141053460704573,,4,
shanghai,0058601,0205281,6.974479847176301,,11,
shanghai,0058601,0084686,1.2684498698306081,,3,
shanghai,0058708,0058711,7.951248602936942,,11,
shanghai,0058708,0058710,1.2409892363520802,,3,
shanghai,0058708,0058810,1.1802493293482184,,3,
shanghai,0058709,0058803,2.411948957992105,,4,
shanghai,0058710,0058803,1.5358583644602375,,4,
shanghai,0058794,0175890,1.9819430836105443,,3,
shanghai,0058800,0058810,1.7942277677755327,,3,
shanghai,0058800,0109167,1.5572027732708402,,3,
shanghai,0058800,0084721,1.5552496192928045,,3,
shanghai,0058801,0058803,3.7186730678504567,,5,
shanghai,0058801,0084112,2.185233461348556,,3,
shanghai,0058801,0231621,1.2894297877743475,,3,
shanghai,0058803,0058810,1.1667208786328618,,3,
shanghai,0058803,0084721,2.015730105625339,,4,
shanghai,0058803,0219958,1.9061865427393303,,3,
shanghai,0058810,0090982,3.0999739897155627,,5,
shanghai,0058810,0079673,1.4544724637092448,,3,
shanghai,0059067,0086614,2.318668633568985,,3,
shanghai,0059093,0164789,1.8650703875846464,,3,
shanghai,0059093,0115310,2.055435995903011,,3,
shanghai,0059115,0077205,1.3367752924698408,,3,
shanghai,0059115,0084698,1.8478087591243324,,3,
shanghai,0059123,0084144,1.4301599340885112,,3,
shanghai,0059137,0059140,2.3805949318312676,,3,
shanghai,0059141,0059142,3.2451728044961294,,6,
shanghai,0059160,0059166,1.8646736606104102,,3,
shanghai,0059161,0059166,1.9447875797821244,,4,
shanghai,0059163,0059166,7.224237742907379,,11,
shanghai,0059181,0059182,4.65796483841345,,7,
shanghai,0059181,0059184,2.625951255239816,,4,
shanghai,0059187,0059194,2.0374510369352317,,3,
shanghai,0059187,0059193,0.8232933980406171,,3,
shanghai,0059204,0059205,2.6865484904320183,,4,
shanghai,0059219,0059221,2.3273304328367317,,3,
shanghai,0059224,0059229,3.0277463119205694,,4,
shanghai,0059224,0059237,1.5572287092026107,,3,
shanghai,0059227,0059233,2.131284653188629,,4,
shanghai,0059229,0059233,2.050240472462988,,3,
shanghai,0059229,0059237,1.9589032793218095,,3,
shanghai,0059233,0059237,4.699269904585375,,8,
shanghai,0059252,0059262,1.7071899348781536,,3,
shanghai,0059393,0074532,1.4834511752775317,,3,
shanghai,0059488,0100653,1.4935697898870608,,3,
shanghai,0060138,0087514,2.1649560372805228,,3,
shanghai,0060175,0143637,1.358222649761034,,4,
shanghai,0060234,0074525,3.1076629633876367,,4,
shanghai,0060234,0105952,2.6383627648254446,,3,
shanghai,0060234,0106002,2.215702674637661,,3,
shanghai,0060234,0105951,2.020748600114998,,3,
shanghai,0060241,0235104,4.068625579775551,,7,
shanghai,0060284,0103506,2.2288162691205313,,3,
shanghai,0060293,0084678,1.7760243769333122,,3,
shanghai,0060327,0073836,1.3959192357105152,,3,
shanghai,0060507,0143450,2.4863169141433303,,3,
shanghai,0060624,0189214,2.123342938786883,,3,
shanghai,0060632,0089512,2.2944226332557824,,3,
shanghai,0060693,0232030,1.7789924159809134,,3,
shanghai,0060732,0111967,2.3047223319879153,,3,
shanghai,0060801,0182599,3.551693814757261,,4,
shanghai,0060898,0060899,3.2850972610867406,,4,
shanghai,0060923,0157968,2.905640930160274,,3,
shanghai,0061022,0167632,2.7077594267849587,,3,
shanghai,0061053,0082582,3.0536605500709304,,4,
shanghai,0061174,0061175,4.964868947831161,,7,
shanghai,0061175,0061177,4.607537192874262,,6,
shanghai,0061181,0061184,2.430994355515549,,4,
shanghai,0061183,0061184,2.3757475744137357,,3,
shanghai,0061185,0147702,4.954816540017244,,7,
shanghai,0061185,0089352,0.8681025405200713,,3,
shanghai,0061185,0061190,5.207392633354506,,7,
shanghai,0061186,0147702,4.2868247834758035,,7,
shanghai,0061186,0061187,1.080441109605423,,3,
shanghai,0061186,0061190,5.955598043637399,,8,
shanghai,0061186,0089243,2.224445859482915,,3,
shanghai,0061187,0147704,1.6833675280112534,,3,
shanghai,0061187,0147702,6.026156116715038,,11,
shanghai,0061187,0147706,1.2891164672058144,,3,
shanghai,0061187,0061190,3.5229597394617604,,5,
shanghai,0061187,0147705,1.728667692358833,,3,
shanghai,0061187,0118084,1.3377589836136092,,3,
shanghai,0061187,0089732,1.3120329986662553,,3,
shanghai,0061189,0061190,3.139772319002849,,4,
shanghai,0061197,0061203,5.497394869438488,,6,
shanghai,0061201,0061209,3.736553143427998,,4,
shanghai,0061206,0234894,2.1832877494387217,,3,
shanghai,0061207,0118564,2.223883669888972,,4,
shanghai,0061216,0061217,3.0252233451203154,,4,
shanghai,0061216,0123689,2.1325455966268727,,3,
shanghai,0061218,0061220,3.756678225856488,,4,
shanghai,0061219,0061224,4.715760112464551,,5,
shanghai,0061232,0061236,2.4721364549482203,,3,
shanghai,0061236,0155714,3.478242894999367,,4,
shanghai,0061249,0061251,4.872021826757284,,5,
shanghai,0061252,0063003,1.7330532979412014,,3,
shanghai,0061252,0177484,1.1694076712953196,,3,
shanghai,0061256,0061259,2.2915784035482742,,3,
shanghai,0061260,0061267,3.083493892604931,,4,
shanghai,0061264,0061273,3.8857600573860305,,4,
shanghai,0061265,0061274,9.547264276653056,,12,
shanghai,0061269,0061270,3.0209437185327785,,4,
shanghai,0061270,0061321,3.646824194990871,,5,
shanghai,0061271,0061274,4.745491540400191,,6,
shanghai,0061283,0090905,4.608969499396314,,6,
shanghai,0061292,0109211,2.244310924853478,,3,
shanghai,0061292,0119069,1.9884393598434242,,3,
shanghai,0061310,0063756,2.374734259814276,,3,
shanghai,0061312,0061313,8.929422691768345,,11,
shanghai,0061312,0147743,1.964049869679351,,3,
shanghai,0061313,0169328,1.9345265585128877,,3,
shanghai,0061327,0061331,2.034437510896704,,4,
shanghai,0061349,0169001,2.387205873086654,,3,
shanghai,0061484,0109274,2.255256184840755,,3,
shanghai,0061507,0077235,1.920841088461277,,4,
shanghai,0062208,0235089,2.9260787429635604,,4,
shanghai,0062211,0235093,1.9107628139243507,,3,
shanghai,0062847,0063428,1.4789143848667468,,3,
shanghai,0062864,0062874,1.9155452060465978,,3,
shanghai,0062876,0062880,2.105174972945746,,3,
shanghai,0062904,0062906,4.345154102770543,,6,
shanghai,0062923,0062930,2.353300427022553,,4,
shanghai,0062978,0065460,3.3843882529476375,,4,
shanghai,0062978,0065473,3.392359359803659,,5,
shanghai,0062978,0065474,4.451668739019223,,5,
shanghai,0062978,0065477,2.47094595132712,,3,
shanghai,0062978,0065464,1.7584140152634873,,3,
shanghai,0062978,0065471,5.14099683695828,,6,
shanghai,0062978,0065475,4.4651082317745665,,6,
shanghai,0062978,0063008,6.355022799819811,,8,
shanghai,0062978,0062990,2.4089862898419887,,3,
shanghai,0062984,0065463,1.6476817094573475,,3,
shanghai,0062985,0062998,2.476710579200928,,4,
shanghai,0062987,0065476,21.07325903856613,,23,
shanghai,0062987,0065474,20.161902042252784,,23,
shanghai,0062987,0065477,19.842731913230036,,22,
shanghai,0062987,0065464,19.57308108328628,,27,
shanghai,0062987,0065473,19.536048434651274,,22,
shanghai,0062987,0065472,17.891782702445724,,21,
shanghai,0062987,0065460,16.600738344970434,,21,
shanghai,0062987,0065462,16.340806854490875,,20,
shanghai,0062987,0065461,13.74669123801551,,17,
shanghai,0062987,0065471,12.406096521117956,,14,
shanghai,0062987,0065470,11.438211496097935,,14,
shanghai,0062987,0065475,10.915628324429026,,12,
shanghai,0062987,0065463,10.120085061696193,,13,
shanghai,0062987,0065469,8.690828822217016,,10,
shanghai,0062988,0065464,3.7946560877337925,,4,
shanghai,0062989,0062998,4.279265247085596,,6,
shanghai,0062989,0065475,2.6696262269444437,,5,
shanghai,0062989,0062993,2.514590524181715,,3,
shanghai,0062989,0065474,1.9859897444468348,,3,
shanghai,0062989,0063009,1.860556157394841,,3,
shanghai,0062989,0065461,1.5069408657924863,,3,
shanghai,0062989,0065472,1.4727398256055972,,3,
shanghai,0062989,0074137,0.7745299014857524,,3,
shanghai,0062991,0065473,2.7001114495610397,,3,
shanghai,0062993,0062998,3.0362446507210996,,4,
shanghai,0062998,0065461,3.7441416052007024,,6,
shanghai,0062998,0065471,3.4310852272478183,,5,
shanghai,0062998,0065474,3.3334307031964743,,6,
shanghai,0062998,0084130,3.32402278335006,,6,
shanghai,0062998,0065462,2.588799406744772,,4,
shanghai,0062998,0065472,2.495860727561486,,4,
shanghai,0062998,0063009,2.457896757689084,,4,
shanghai,0062998,0065477,2.331432094877803,,4,
shanghai,0062998,0065464,2.0458888374602555,,4,
shanghai,0062998,0065475,1.9525915939070742,,3,
shanghai,0063000,0065477,3.5988592611612007,,4,
shanghai,0063001,0063010,4.55269507680498,,5,
shanghai,0063002,0065473,2.744747590053533,,5,
shanghai,0063002,0065477,2.538172077106312,,4,
shanghai,0063002,0065475,3.0382740048782693,,5,
shanghai,0063003,0065470,1.1329219709059313,,3,
shanghai,0063003,0065474,1.410358587222703,,3,
shanghai,0063003,0065464,2.316176312169123,,5,
shanghai,0063003,0063010,5.707758250537236,,6,
shanghai,0063007,0065463,1.463844977043601,,3,
shanghai,0063007,0065470,1.6782674442286845,,3,
shanghai,0063007,0065464,2.068343273722758,,3,
shanghai,0063007,0065471,1.5543925895353254,,3,
shanghai,0063008,0065462,2.6039627637237026,,4,
shanghai,0063008,0065463,2.11513193496976,,4,
shanghai,0063008,0065474,2.8880488288828534,,5,
shanghai,0063008,0065464,1.3896170995708794,,3,
shanghai,0063008,0065475,2.340337102586369,,5,
shanghai,0063008,0065476,1.704070806800552,,3,
shanghai,0063008,0065465,3.5071505859776657,,5,
shanghai,0063010,0065462,1.318446793147816,,3,
shanghai,0063010,0065472,2.1909346935694813,,4,
shanghai,0063010,0065475,1.8527366781905892,,4,
shanghai,0063016,0063055,4.417035843242608,,6,
shanghai,0063017,0063027,1.7334691401668294,,4,
shanghai,0063017,0063034,3.086503777837482,,6,
shanghai,0063017,0063018,0.7763581707525601,,3,
shanghai,0063018,0063035,1.467875907177921,,3,
shanghai,0063019,0063020,4.121635676998344,,6,
shanghai,0063020,0063037,2.657816517897009,,5,
shanghai,0063020,0063027,2.303713745052087,,3,
shanghai,0063020,0063028,1.8421463260043456,,3,
shanghai,0063020,0063044,1.7083797197239237,,4,
shanghai,0063027,0063028,4.78980975070834,,7,
shanghai,0063027,0063035,1.388701024209992,,3,
shanghai,0063028,0063037,1.6655375651202713,,3,
shanghai,0063028,0063034,1.051871762997684,,3,
shanghai,0063030,0063037,2.2611469313178842,,4,
shanghai,0063030,0063036,1.6762614403709282,,3,
shanghai,0063030,0063040,1.7251559654018163,,3,
shanghai,0063031,0063044,1.741499463673327,,3,
shanghai,0063031,0063033,1.9055255439545857,,3,
shanghai,0063033,0063036,1.774532840165343,,3,
shanghai,0063034,0063036,2.30548902924757,,4,
shanghai,0063035,0063037,1.811185507760205,,3,
shanghai,0063035,0063036,1.828690992235591,,3,
shanghai,0063035,0063044,1.2707864436547105,,3,
shanghai,0063036,0063037,4.067335892627631,,7,
shanghai,0063036,0063041,2.721227036786874,,5,
shanghai,0063036,0063045,1.520545316746417,,3,
shanghai,0063037,0063045,3.022902817857116,,4,
shanghai,0063037,0063039,2.0466065537313303,,3,
shanghai,0063037,0117427,1.4317000043588957,,3,
shanghai,0063037,0063044,0.9641911113894945,,3,
shanghai,0063039,0063044,1.8964048954807078,,3,
shanghai,0063041,0063045,1.7973692527489669,,3,
shanghai,0063047,0063049,1.7979346056553627,,3,
shanghai,0063048,0063049,1.3504656976281457,,3,
shanghai,0063057,0063067,4.288772572979848,,6,
shanghai,0063057,0063082,0.8596171967167483,,3,
shanghai,0063060,0063067,5.72056043182378,,9,
shanghai,0063060,0063082,7.679273106816236,,12,
shanghai,0063067,0063082,1.8577812077338605,,4,
shanghai,0063067,0063084,1.5217746012520657,,3,
shanghai,0063077,0063084,3.2883895779407135,,5,
shanghai,0063080,0063084,1.7727743909083356,,3,
shanghai,0063101,0063189,16.834046248327038,,20,
shanghai,0063101,0063191,14.652184286970838,,18,
shanghai,0063101,0063190,11.400951456003588,,15,
shanghai,0063101,0063192,8.620156326321204,,10,
shanghai,0063101,0063124,5.164342332552007,,6,
shanghai,0063101,0063200,4.5836881183381735,,5,
shanghai,0063102,0063207,5.756472257312739,,7,
shanghai,0063102,0063210,5.749464312640242,,7,
shanghai,0063102,0063209,3.5674539726572716,,4,
shanghai,0063102,0063205,2.8647429734847605,,3,
shanghai,0063102,0063204,2.431756822660398,,3,
shanghai,0063102,0063109,1.7021467141556417,,3,
shanghai,0063102,0092350,1.5107555700569364,,3,
shanghai,0063102,0064536,1.3653404665115012,,3,
shanghai,0063102,0063110,1.2425956152760558,,3,
shanghai,0063104,0063207,2.6189194120684043,,3,
shanghai,0063104,0064536,2.396552141595265,,3,
shanghai,0063104,0092350,2.0540006623973985,,3,
shanghai,0063104,0074766,1.9164209878870953,,3,
shanghai,0063104,0063119,1.3828307833126308,,3,
shanghai,0063105,0063207,7.25665128858789,,9,
shanghai,0063105,0063204,4.7777241770742815,,7,
shanghai,0063105,0063210,10.923549103488792,,13,
shanghai,0063105,0064536,2.580456005753931,,3,
shanghai,0063105,0092350,3.3479823237064275,,5,
shanghai,0063105,0074766,2.140230512263789,,3,
shanghai,0063105,0063123,3.810646922295434,,5,
shanghai,0063105,0063211,2.3425655903465006,,3,
shanghai,0063105,0063108,1.5323758305769002,,3,
shanghai,0063108,0063207,6.396168698650818,,9,
shanghai,0063108,0063109,4.051895252285207,,5,
shanghai,0063108,0063204,3.0476187010394327,,5,
shanghai,0063108,0063209,2.5524705257942406,,3,
shanghai,0063108,0063210,6.890984036033901,,10,
shanghai,0063108,0064536,1.8233521949374865,,4,
shanghai,0063108,0092350,1.994549657558295,,3,
shanghai,0063108,0063119,2.0136250131932263,,3,
shanghai,0063108,0064537,3.1268252052425343,,4,
shanghai,0063108,0063113,2.5010777462216334,,4,
shanghai,0063108,0063203,2.420634817792871,,3,
shanghai,0063108,0063123,2.0083247565165077,,3,
shanghai,0063108,0091963,1.739385011480463,,3,
shanghai,0063109,0063207,6.569208126235123,,8,
shanghai,0063109,0063211,4.42066686347656,,6,
shanghai,0063109,0063210,3.961583712558817,,5,
shanghai,0063109,0091963,3.438879483194511,,5,
shanghai,0063109,0092350,2.9097561235256126,,4,
shanghai,0063109,0063123,2.685600269425885,,4,
shanghai,0063109,0064537,2.636476162483366,,4,
shanghai,0063109,0063270,2.2900022306015027,,3,
shanghai,0063109,0063119,2.15343469144358,,3,
shanghai,0063109,0063110,1.98309046659134,,3,
shanghai,0063109,0063204,1.8612491517643417,,4,
shanghai,0063110,0063207,6.308100802671188,,8,
shanghai,0063110,0063210,4.7850509341501315,,6,
shanghai,0063110,0063211,3.879180123147769,,5,
shanghai,0063110,0063204,2.932765524191906,,5,
shanghai,0063110,0063206,2.4990099188866104,,3,
shanghai,0063110,0063205,2.3280280836734777,,3,
shanghai,0063110,0064536,2.216928648578157,,3,
shanghai,0063111,0063151,61.64609596474138,,69,
shanghai,0063111,0063135,60.44023702968101,,68,
shanghai,0063111,0063202,26.959155168903187,,31,
shanghai,0063111,0063155,25.362194379741982,,29,
shanghai,0063111,0063198,22.131154522233,,26,
shanghai,0063111,0063197,21.09751990450081,,24,
shanghai,0063111,0063164,19.642701402227075,,22,
shanghai,0063111,0063149,18.9623707390958,,23,
shanghai,0063111,0063199,18.22685345647816,,21,
shanghai,0063111,0063196,15.424737637900597,,18,
shanghai,0063111,0063201,14.435403601826382,,17,
shanghai,0063111,0063193,8.813224162088378,,11,
shanghai,0063111,0063137,6.009833003270783,,7,
shanghai,0063111,0063152,3.745589425900288,,5,
shanghai,0063111,0089443,2.8826760257071538,,4,
shanghai,0063114,0063127,2.472158648051916,,3,
shanghai,0063120,0063124,6.347311341359075,,8,
shanghai,0063120,0063189,31.738338351890444,,39,
shanghai,0063120,0063190,20.322416187509667,,25,
shanghai,0063120,0063191,29.370168893414146,,36,
shanghai,0063120,0063192,21.561895434436167,,27,
shanghai,0063120,0063200,4.747616958603016,,5,
shanghai,0063120,0063195,5.189638688813959,,6,
shanghai,0063123,0063207,8.324505783167,,11,
shanghai,0063123,0063204,1.9304213352003816,,3,
shanghai,0063123,0063205,2.4875209319520692,,3,
shanghai,0063123,0063210,11.274612424811725,,13,
shanghai,0063123,0064536,3.553412038583507,,6,
shanghai,0063123,0092350,2.243331805949252,,3,
shanghai,0063123,0064537,4.29276388774308,,6,
shanghai,0063123,0063206,4.2772438318709,,5,
shanghai,0063123,0091963,3.0822658963976206,,5,
shanghai,0063123,0063211,2.31452941650572,,3,
shanghai,0063123,0074809,1.812546338320494,,3,
shanghai,0063124,0063189,6.341075074675809,,8,
shanghai,0063124,0063191,4.1297200391765685,,5,
shanghai,0063124,0063200,3.3801545834690114,,4,
shanghai,0063124,0063195,3.3344727421857656,,4,
shanghai,0063124,0063192,3.1676294683127346,,4,
shanghai,0063126,0063127,4.935526986947723,,7,
shanghai,0063126,0063162,6.145218483255565,,9,
shanghai,0063126,0063144,3.254254027055396,,4,
shanghai,0063126,0063150,3.2402610987590474,,4,
shanghai,0063126,0063161,2.0370791159063923,,3,
shanghai,0063127,0063167,6.338101998013665,,7,
shanghai,0063127,0063178,5.621951704637671,,7,
shanghai,0063127,0063150,3.9728282078200947,,7,
shanghai,0063127,0063162,3.748355342037992,,5,
shanghai,0063127,0063144,3.7282404632148527,,5,
shanghai,0063127,0063145,3.656769993041864,,5,
shanghai,0063127,0074760,3.23449390052286,,5,
shanghai,0063127,0074759,3.186097713074563,,4,
shanghai,0063127,0063168,3.1080665492960593,,4,
shanghai,0063127,0075402,2.5163340883291614,,3,
shanghai,0063127,0063161,2.113630518390987,,4,
shanghai,0063127,0063180,1.8210229058146392,,3,
shanghai,0063127,0063179,1.611885619123869,,3,
shanghai,0063128,0063144,1.8629532769619441,,3,
shanghai,0063128,0063150,2.2707450404855085,,4,
shanghai,0063128,0063162,2.853655867042353,,4,
shanghai,0063128,0063168,2.7052576082342537,,3,
shanghai,0063128,0063179,3.8392233649944476,,5,
shanghai,0063128,0063180,3.234598708808582,,4,
shanghai,0063128,0063182,7.088574652904436,,8,
shanghai,0063128,0073504,5.155045312268666,,7,
shanghai,0063128,0063146,3.234356116215252,,4,
shanghai,0063128,0063294,3.167020243807234,,4,
shanghai,0063135,0063149,64.6366929249306,,71,
shanghai,0063135,0063139,31.57855330115157,,36,
shanghai,0063135,0063202,31.039380123531558,,36,
shanghai,0063135,0063197,28.712426724399485,,33,
shanghai,0063135,0063198,27.534419975348456,,32,
shanghai,0063135,0063199,23.508166188861715,,27,
shanghai,0063135,0063151,22.312840562976348,,26,
shanghai,0063135,0063152,17.938374488695562,,21,
shanghai,0063135,0063201,13.421524231411528,,16,
shanghai,0063135,0063196,10.656416405809667,,12,
shanghai,0063135,0063137,9.125687592142672,,11,
shanghai,0063135,0063155,9.099488091119115,,11,
shanghai,0063135,0063193,8.637231165298111,,10,
shanghai,0063135,0063164,3.5274830674554933,,4,
shanghai,0063136,0063144,2.234091252448468,,3,
shanghai,0063137,0063151,7.8134381898628655,,9,
shanghai,0063137,0063149,5.860062847248227,,7,
shanghai,0063137,0063152,4.937659295727761,,6,
shanghai,0063137,0063139,4.512152066900178,,5,
shanghai,0063138,0063179,2.557679367004522,,3,
shanghai,0063139,0063151,20.08624740107208,,23,
shanghai,0063139,0063155,14.392599552219384,,17,
shanghai,0063139,0063197,12.211616679595103,,15,
shanghai,0063139,0063196,11.438222940145183,,14,
shanghai,0063139,0063164,9.037202317629665,,10,
shanghai,0063139,0063198,8.794737669777758,,10,
shanghai,0063139,0063193,6.738090793632223,,8,
shanghai,0063139,0063202,5.959431055797428,,7,
shanghai,0063139,0063152,5.721664665936223,,7,
shanghai,0063139,0063199,5.254468528703057,,6,
shanghai,0063139,0063201,4.97461118181422,,6,
shanghai,0063139,0063149,4.863591191876275,,6,
shanghai,0063140,0063150,3.211670164958951,,4,
shanghai,0063140,0063162,4.83976648476853,,6,
shanghai,0063140,0063167,2.643812765299331,,3,
shanghai,0063140,0063186,3.2824342166664433,,4,
shanghai,0063140,0063177,3.2425100823569513,,4,
shanghai,0063141,0063179,2.10935500507118,,3,
shanghai,0063141,0063173,4.435040506414169,,5,
shanghai,0063144,0063161,4.298806282237125,,6,
shanghai,0063144,0063162,4.273412568662888,,7,
shanghai,0063144,0063167,4.018310938044975,,5,
shanghai,0063144,0063170,3.1605871092504936,,4,
shanghai,0063144,0063177,2.9636729358654614,,4,
shanghai,0063144,0063178,2.843606541753732,,4,
shanghai,0063144,0063153,2.635150834607738,,4,
shanghai,0063144,0063186,2.4197083530340784,,3,
shanghai,0063144,0074759,2.3912612508701567,,3,
shanghai,0063144,0074808,2.24645609111701,,3,
shanghai,0063144,0063150,2.172086738295609,,4,
shanghai,0063145,0063150,4.490853788297435,,5,
shanghai,0063145,0063161,3.6467306376291977,,4,
shanghai,0063145,0063167,2.1131144212088664,,5,
shanghai,0063146,0089443,1.250999935100485,,3,
shanghai,0063146,0063179,2.692589584258564,,4,
shanghai,0063146,0063182,2.908779946813398,,4,
shanghai,0063146,0063173,2.6538373210741435,,3,
shanghai,0063149,0063151,62.6684350548506,,69,
shanghai,0063149,0063197,32.009532484833215,,38,
shanghai,0063149,0063155,28.06723456239143,,32,
shanghai,0063149,0063198,23.734097285346856,,28,
shanghai,0063149,0063201,19.14593103337751,,22,
shanghai,0063149,0063199,17.56034748384158,,20,
shanghai,0063149,0063202,15.336996428651382,,19,
shanghai,0063149,0063164,14.92480550022145,,17,
shanghai,0063149,0063196,9.552158929000688,,11,
shanghai,0063149,0063193,5.119549101620658,,6,
shanghai,0063149,0063152,4.060559465561191,,5,
shanghai,0063150,0063162,4.723841171982359,,6,
shanghai,0063150,0074808,4.568756286775637,,5,
shanghai,0063150,0063161,4.08498619220709,,6,
shanghai,0063150,0075402,3.026681804891685,,5,
shanghai,0063150,0074760,2.760621803734315,,4,
shanghai,0063150,0063167,2.6778399344358568,,3,
shanghai,0063150,0063177,2.329082307727119,,3,
shanghai,0063150,0063178,2.22901601174419,,3,
shanghai,0063151,0063198,27.205593464531294,,32,
shanghai,0063151,0063197,26.905019591437927,,31,
shanghai,0063151,0063152,24.937771408357094,,28,
shanghai,0063151,0063202,21.679352483299166,,25,
shanghai,0063151,0063199,16.452685807149113,,19,
shanghai,0063151,0063201,11.819704275606734,,14,
shanghai,0063151,0063196,10.368249540411203,,12,
shanghai,0063151,0063155,8.854904907187601,,10,
shanghai,0063151,0063164,6.152088335997913,,7,
shanghai,0063151,0063193,5.624326178849962,,7,
shanghai,0063152,0063155,12.992704149356772,,15,
shanghai,0063152,0063199,10.111907042726317,,12,
shanghai,0063152,0063201,9.593448250243792,,12,
shanghai,0063152,0063164,8.505898253992587,,10,
shanghai,0063152,0063196,8.399559057589702,,10,
shanghai,0063152,0063202,7.669724616015185,,9,
shanghai,0063152,0063198,7.469896468426161,,9,
shanghai,0063152,0063197,6.065089318376538,,7,
shanghai,0063152,0063193,4.356547435836228,,5,
shanghai,0063155,0063202,11.089783859157093,,13,
shanghai,0063155,0063198,10.83254399114147,,13,
shanghai,0063155,0063201,10.127157381685823,,12,
shanghai,0063155,0063199,9.732802384793905,,12,
shanghai,0063155,0063196,7.916800356912927,,9,
shanghai,0063155,0063197,7.739194207599618,,9,
shanghai,0063155,0063164,5.697266133707665,,7,
shanghai,0063155,0063193,4.554433048868264,,6,
shanghai,0063155,0063194,4.397576556159775,,5,
shanghai,0063158,0063179,2.2994931183559446,,3,
shanghai,0063158,0063173,2.7312099250614983,,4,
shanghai,0063159,0063168,3.195319655806296,,4,
shanghai,0063161,0063186,5.137484619300878,,6,
shanghai,0063161,0063178,4.674460372973491,,6,
shanghai,0063161,0063179,4.176182181276028,,7,
shanghai,0063161,0063162,3.573671906643437,,4,
shanghai,0063161,0063177,3.180145212266117,,4,
shanghai,0063161,0073504,2.453418650033433,,3,
shanghai,0063161,0063167,1.7075906026857115,,3,
shanghai,0063162,0063178,5.353495790012675,,6,
shanghai,0063162,0063167,3.5444176190438155,,4,
shanghai,0063162,0063179,2.8746139509521322,,4,
shanghai,0063162,0075402,2.755282314649481,,4,
shanghai,0063162,0074760,2.5745598910118614,,4,
shanghai,0063162,0063180,1.9120057355971947,,3,
shanghai,0063162,0063168,1.8643704795793166,,3,
shanghai,0063162,0074747,1.5516733845768846,,3,
shanghai,0063164,0063197,9.00609587882809,,11,
shanghai,0063164,0063196,7.98591150901875,,9,
shanghai,0063164,0063198,7.600257323290399,,9,
shanghai,0063164,0063202,6.629207502960624,,8,
shanghai,0063164,0063201,5.507424228513841,,7,
shanghai,0063164,0063199,5.0843170904363335,,6,
shanghai,0063165,0063173,2.6267994452255268,,3,
shanghai,0063165,0074747,1.8166611634684489,,3,
shanghai,0063168,0063182,3.9859638741672847,,5,
shanghai,0063168,0063173,3.5834952964568134,,7,
shanghai,0063168,0073504,2.414239730297185,,4,
shanghai,0063171,0063182,2.0256738917566794,,3,
shanghai,0063172,0063182,2.208823444284973,,3,
shanghai,0063173,0063179,7.3752369025114755,,9,
shanghai,0063173,0063180,3.6153345754458215,,6,
shanghai,0063173,0073504,3.7472734148796407,,5,
shanghai,0063173,0063177,2.5835717503122826,,4,
shanghai,0063173,0063185,3.8289829038295933,,4,
shanghai,0063175,0063179,2.5201928923537698,,4,
shanghai,0063176,0063294,2.6963615879294975,,3,
shanghai,0063177,0063178,1.8979979886506861,,3,
shanghai,0063178,0075402,1.6288668053685451,,3,
shanghai,0063179,0074767,2.2504550918343567,,3,
shanghai,0063179,0074747,2.166989472269388,,3,
shanghai,0063179,0073504,2.153961649845348,,3,
shanghai,0063179,0063289,2.0637325008141088,,3,
shanghai,0063180,0063182,5.008394133096195,,6,
shanghai,0063180,0073504,4.679384745034111,,6,
shanghai,0063182,0074747,2.450543664689902,,3,
shanghai,0063182,0073504,1.61080156422125,,3,
shanghai,0063185,0074767,2.6850811582017697,,3,
shanghai,0063188,0063189,6.275253233623767,,7,
shanghai,0063188,0063190,3.98435548403929,,5,
shanghai,0063188,0063191,6.164073210710537,,7,
shanghai,0063188,0063192,9.382470479991,,11,
shanghai,0063189,0063200,26.533233464892415,,33,
shanghai,0063189,0063192,17.494948770299654,,20,
shanghai,0063189,0063191,15.970715180904406,,19,
shanghai,0063189,0063190,13.08182142017176,,15,
shanghai,0063189,0063195,3.637156190070039,,5,
shanghai,0063190,0063200,17.58856986282954,,21,
shanghai,0063190,0063191,11.497313713813089,,14,
shanghai,0063190,0063192,4.3989861957971454,,5,
shanghai,0063190,0063195,4.257726988847337,,5,
shanghai,0063191,0063200,28.22023356958971,,34,
shanghai,0063191,0063192,16.05006463749325,,19,
shanghai,0063191,0063195,7.156077432209608,,8,
shanghai,0063192,0063200,13.567192962262938,,16,
shanghai,0063195,0063200,4.229212083024015,,5,
shanghai,0063197,0063198,3.902045036659501,,4,
shanghai,0063198,0063199,5.7029074404833775,,6,
shanghai,0063199,0063202,3.8255792661080026,,4,
shanghai,0063199,0089443,1.843727856977038,,3,
shanghai,0063204,0063207,7.152793747742207,,9,
shanghai,0063204,0063210,7.144987499490931,,9,
shanghai,0063204,0064537,4.723410855226631,,7,
shanghai,0063204,0064536,3.235821639611867,,5,
shanghai,0063204,0092350,3.1672143670643744,,6,
shanghai,0063204,0063268,2.8830090742247325,,4,
shanghai,0063204,0063205,2.84338209072642,,4,
shanghai,0063204,0074766,1.8133405003166543,,3,
shanghai,0063204,0091963,1.6560415580107866,,3,
shanghai,0063205,0063207,8.182623745178734,,9,
shanghai,0063205,0063209,6.065058228750842,,7,
shanghai,0063205,0063210,4.6200307536420055,,5,
shanghai,0063205,0064537,2.4767255880497894,,3,
shanghai,0063205,0063267,2.0731748587271035,,3,
shanghai,0063206,0063207,5.119237933908846,,6,
shanghai,0063206,0063209,2.812748196714371,,3,
shanghai,0063206,0063210,2.796873313755342,,3,
shanghai,0063207,0063210,8.885757641441396,,11,
shanghai,0063207,0063211,4.3485320038036654,,5,
shanghai,0063207,0063208,4.345860382956324,,5,
shanghai,0063207,0063209,2.7390363401211966,,3,
shanghai,0063207,0064537,2.5553631711888203,,3,
shanghai,0063208,0063210,3.766573217867653,,5,
shanghai,0063209,0063210,4.048994031004968,,5,
shanghai,0063210,0063211,7.116118874648788,,9,
shanghai,0063210,0064536,3.11892258843396,,5,
shanghai,0063210,0064537,2.337875666356238,,4,
shanghai,0063211,0092350,2.07348430876965,,3,
shanghai,0063211,0074766,2.918948383467818,,4,
shanghai,0063211,0091963,2.3349159971265228,,3,
shanghai,0063211,0075408,2.0178581894721224,,3,
shanghai,0063217,0063223,18.476636042333784,,22,
shanghai,0063217,0063218,4.157581598138261,,6,
shanghai,0063217,0063219,3.5845392317775366,,5,
shanghai,0063217,0063224,3.112485965445215,,4,
shanghai,0063217,0063225,2.7269871432899317,,3,
shanghai,0063217,0063220,2.3495182097234055,,3,
shanghai,0063217,0112375,1.887699700518483,,3,
shanghai,0063218,0063223,12.289065323167744,,14,
shanghai,0063218,0063225,6.221368071122504,,8,
shanghai,0063218,0063224,4.596823013889702,,6,
shanghai,0063218,0063219,2.331608235375481,,3,
shanghai,0063219,0063223,10.097817092155644,,12,
shanghai,0063219,0063225,4.993499567102674,,7,
shanghai,0063219,0120316,2.0996261473954085,,3,
shanghai,0063223,0063225,3.346983464234497,,4,
shanghai,0063223,0063224,2.4067561749236654,,3,
shanghai,0063224,0063225,2.663423456858232,,3,
shanghai,0063225,0063312,4.220537933756638,,5,
shanghai,0063225,0108520,1.3031212064796887,,3,
shanghai,0063225,0089170,0.8472583078154288,,3,
shanghai,0063368,0063370,2.0335465866209743,,4,
shanghai,0063368,0063372,3.715622788800177,,7,
shanghai,0063370,0126736,2.2658728391311995,,4,
shanghai,0063370,0063372,2.1708192856228377,,5,
shanghai,0063370,0084196,2.155621652932986,,5,
shanghai,0063370,0126724,1.3759852540439172,,3,
shanghai,0063372,0084197,3.811122290202394,,7,
shanghai,0063372,0083507,2.099745486014602,,3,
shanghai,0063372,0084196,1.7587938940224004,,4,
shanghai,0063372,0084194,1.1786792402481208,,3,
shanghai,0063380,0063384,3.4672204292967255,,5,
shanghai,0063380,0063382,3.347602898979089,,5,
shanghai,0063380,0063381,3.325927498503765,,8,
shanghai,0063380,0114467,2.6473811607754953,,5,
shanghai,0063380,0063386,1.7730380883462868,,3,
shanghai,0063380,0086196,1.603516149833058,,4,
shanghai,0063380,0077140,1.5111986356648588,,3,
shanghai,0063380,0086201,1.5080622882374355,,3,
shanghai,0063380,0143615,1.3831373240852576,,3,
shanghai,0063381,0063384,7.616264220909321,,13,
shanghai,0063381,0092470,2.8140705494316087,,4,
shanghai,0063381,0063765,2.643890779558309,,3,
shanghai,0063381,0109396,2.251579284529049,,3,
shanghai,0063381,0077141,1.9027120351654099,,4,
shanghai,0063381,0089613,1.652241017100103,,4,
shanghai,0063381,0077139,1.5922276216925875,,3,
shanghai,0063381,0077086,1.2379397843252284,,3,
shanghai,0063381,0063382,1.206221066151615,,3,
shanghai,0063382,0063386,1.5119112761965166,,3,
shanghai,0063384,0147768,6.668924507375668,,12,
shanghai,0063384,0114389,3.277701199374017,,5,
shanghai,0063384,0077139,2.358502265359485,,5,
shanghai,0063384,0172656,2.260327281482625,,4,
shanghai,0063384,0063765,2.2186744122013926,,3,
shanghai,0063384,0089613,2.21338888992111,,4,
shanghai,0063384,0070164,2.2047406079897285,,4,
shanghai,0063384,0092470,1.8374298891819683,,3,
shanghai,0063384,0063386,1.8233920995259731,,4,
shanghai,0063386,0077139,1.6823267251810479,,3,
shanghai,0063436,0075348,5.959298862204199,,10,
shanghai,0063436,0063522,4.7813154301899115,,8,
shanghai,0063436,0063562,2.471297229216133,,3,
shanghai,0063436,0063542,2.1636755663741094,,4,
shanghai,0063436,0063539,1.9116771800703691,,3,
shanghai,0063436,0063537,1.6268403021574775,,3,
shanghai,0063436,0089295,1.443849703430253,,3,
shanghai,0063436,0063439,1.2544155794242267,,3,
shanghai,0063436,0063465,1.0311837140355777,,3,
shanghai,0063438,0063499,2.2400094027572113,,3,
shanghai,0063443,0063499,3.4886558839846504,,7,
shanghai,0063443,0063518,3.2715571910666394,,7,
shanghai,0063443,0089295,2.822700631138879,,4,
shanghai,0063443,0063534,2.0580220228250674,,3,
shanghai,0063443,0092535,1.3136066520789254,,3,
shanghai,0063446,0075348,9.143413462168425,,15,
shanghai,0063446,0063518,4.565037093542303,,9,
shanghai,0063446,0063522,3.895608962274734,,5,
shanghai,0063446,0063534,3.296416290732571,,7,
shanghai,0063446,0063499,3.078785818146117,,8,
shanghai,0063446,0138740,2.80598516043729,,5,
shanghai,0063446,0089295,2.7985180086081742,,4,
shanghai,0063446,0063562,2.743919519430964,,4,
shanghai,0063446,0063531,2.5266688534429966,,4,
shanghai,0063446,0063543,2.445500959261434,,5,
shanghai,0063446,0090885,2.392805005390927,,4,
shanghai,0063446,0092152,2.3140098972135825,,4,
shanghai,0063446,0070281,1.9444119728410243,,3,
shanghai,0063446,0063539,1.928333379996552,,3,
shanghai,0063446,0063479,1.7489829871832714,,4,
shanghai,0063465,0063544,2.4784434305578324,,3,
shanghai,0063465,0063531,2.1063201786085406,,3,
shanghai,0063465,0063574,1.3409574735094463,,3,
shanghai,0063466,0063522,1.753350194095363,,3,
shanghai,0063466,0063562,1.8587190211854243,,3,
shanghai,0063466,0075348,5.3636154705560095,,8,
shanghai,0063466,0063574,1.733907036008792,,3,
shanghai,0063466,0089678,1.1503881574975987,,3,
shanghai,0063469,0063539,2.673301410815111,,4,
shanghai,0063469,0063501,2.0838659097832375,,3,
shanghai,0063470,0089678,0.5867999904784823,,3,
shanghai,0063479,0063499,2.875685456716457,,8,
shanghai,0063479,0063518,2.777579764782309,,6,
shanghai,0063479,0063522,3.7329674239110906,,10,
shanghai,0063479,0063537,1.2739822926034794,,3,
shanghai,0063479,0063539,1.9255492605763331,,4,
shanghai,0063479,0075348,3.4601355026700102,,8,
shanghai,0063479,0089295,1.5266040790523232,,4,
shanghai,0063479,0063553,2.285054000890261,,4,
shanghai,0063479,0063546,2.05769450410321,,5,
shanghai,0063479,0063505,1.3229203140225274,,3,
shanghai,0063485,0063539,1.5479934789920624,,3,
shanghai,0063499,0063518,13.711923653882904,,28,
shanghai,0063499,0063539,5.1108637694608205,,10,
shanghai,0063499,0075348,4.963377360937033,,16,
shanghai,0063499,0063531,4.548449761167244,,8,
shanghai,0063499,0063506,4.051206715132207,,8,
shanghai,0063499,0089295,4.0350066160313975,,9,
shanghai,0063499,0063522,3.490194977642285,,9,
shanghai,0063499,0063534,2.9003058707282663,,7,
shanghai,0063499,0063562,2.8237277301900554,,7,
shanghai,0063499,0063537,2.7129519443707433,,6,
shanghai,0063499,0063553,2.0184273948301374,,4,
shanghai,0063501,0063539,4.193745665908002,,6,
shanghai,0063501,0075348,3.8226650999253255,,7,
shanghai,0063502,0089295,1.7006315108894756,,3,
shanghai,0063505,0063518,2.7423954311912615,,6,
shanghai,0063505,0063522,2.5029931719089555,,5,
shanghai,0063505,0063542,2.337175046043667,,4,
shanghai,0063505,0075348,4.167669095235241,,7,
shanghai,0063505,0089295,1.4346140051418732,,3,
shanghai,0063505,0063534,1.6274697096696222,,3,
shanghai,0063505,0063506,1.803889759848963,,4,
shanghai,0063506,0063518,1.9355656306308793,,3,
shanghai,0063506,0063539,1.550833329943651,,3,
shanghai,0063506,0089678,2.337005149133545,,3,
shanghai,0063512,0063575,1.644304450019258,,3,
shanghai,0063518,0063531,5.492519371637867,,8,
shanghai,0063518,0075348,5.05518052816169,,12,
shanghai,0063518,0063537,3.976455893753005,,9,
shanghai,0063518,0089295,3.8398996603761235,,8,
shanghai,0063518,0063534,3.802187229630908,,8,
shanghai,0063518,0063539,2.847690877543697,,6,
shanghai,0063518,0063562,2.7604325574154807,,6,
shanghai,0063518,0063559,2.759700933218957,,4,
shanghai,0063518,0089678,2.160491250631857,,4,
shanghai,0063522,0075348,8.316515279679281,,12,
shanghai,0063522,0063531,4.534054247255653,,7,
shanghai,0063522,0063539,4.161161475237289,,7,
shanghai,0063522,0089295,1.816306358799464,,4,
shanghai,0063522,0063537,1.7288002669357625,,3,
shanghai,0063522,0063562,1.681546254126419,,3,
shanghai,0063522,0063561,1.6747972774907347,,3,
shanghai,0063522,0063542,1.6249185240928383,,3,
shanghai,0063531,0063562,2.790809979812665,,5,
shanghai,0063531,0089295,2.7560972493848124,,5,
shanghai,0063531,0074305,0.9662534404463223,,3,
shanghai,0063531,0088159,0.860404777990094,,4,
shanghai,0063531,0074300,0.7434853483299491,,3,
shanghai,0063534,0063539,2.076669993380696,,4,
shanghai,0063534,0075348,2.374484030186456,,5,
shanghai,0063534,0089295,2.0240482017620316,,5,
shanghai,0063534,0089678,1.8990861232937126,,5,
shanghai,0063534,0088157,0.9312988121738676,,3,
shanghai,0063537,0075348,7.524571232777701,,11,
shanghai,0063537,0063539,1.9655173566478694,,3,
shanghai,0063537,0074304,1.4584713528029605,,5,
shanghai,0063539,0075348,5.16389470433866,,10,
shanghai,0063539,0063562,3.6743172874792673,,7,
shanghai,0063539,0089295,2.5626757295730047,,5,
shanghai,0063542,0063562,2.806571523620785,,4,
shanghai,0063562,0075348,4.500390011081239,,8,
shanghai,0063581,0063583,11.674651881005673,,17,
shanghai,0063581,0063585,9.339697908226514,,14,
shanghai,0063581,0078933,5.681498231352835,,12,
shanghai,0063581,0063590,4.173606265756244,,6,
shanghai,0063581,0100452,4.112520335307933,,7,
shanghai,0063581,0078936,3.4943187788316896,,7,
shanghai,0063582,0063590,2.083036099216,,3,
shanghai,0063583,0078933,3.898620540663274,,8,
shanghai,0063583,0063590,2.969198332710351,,5,
shanghai,0063583,0078936,2.550651358856751,,4,
shanghai,0063583,0063585,1.9320079207787018,,3,
shanghai,0063585,0100452,2.683780529609153,,6,
shanghai,0063585,0100453,1.9829718261687261,,4,
shanghai,0063585,0100447,1.5048855900753086,,3,
shanghai,0063587,0100453,4.732989547792067,,9,
shanghai,0063587,0100446,4.432090889063844,,7,
shanghai,0063587,0078936,4.4100476168672325,,7,
shanghai,0063587,0100454,2.541391928216378,,5,
shanghai,0063587,0063589,2.482751303394589,,4,
shanghai,0063587,0100448,2.0875645202881987,,3,
shanghai,0063588,0063590,2.0325535292958943,,3,
shanghai,0063589,0100453,1.8021447033514653,,3,
shanghai,0063590,0078936,2.9147591270330517,,6,
shanghai,0063590,0100446,1.8370224319062,,3,
shanghai,0063603,0063605,3.2952425715989984,,4,
shanghai,0063603,0234872,1.8119658926088384,,3,
shanghai,0063605,0195862,4.255722074126662,,7,
shanghai,0063605,0113762,1.7466344488257066,,3,
shanghai,0063613,0063624,2.876726145367174,,4,
shanghai,0063615,0086415,5.945880007238451,,10,
shanghai,0063615,0063639,8.919293771467634,,18,
shanghai,0063615,0066594,1.8273216084557644,,4,
shanghai,0063615,0066616,2.7397819919706707,,4,
shanghai,0063615,0089265,1.6155652393329563,,4,
shanghai,0063615,0063624,8.211411646120215,,12,
shanghai,0063615,0063635,2.61703984007723,,6,
shanghai,0063615,0063619,2.382259749076498,,7,
shanghai,0063615,0063617,2.357111757809024,,5,
shanghai,0063615,0063637,2.2125748893205506,,5,
shanghai,0063615,0063638,1.8206663868237576,,3,
shanghai,0063615,0084622,1.5935437589738586,,3,
shanghai,0063615,0077473,1.321297231749553,,3,
shanghai,0063615,0109085,1.2384482807384087,,3,
shanghai,0063617,0063639,2.690423437733752,,5,
shanghai,0063617,0063624,1.6267195889284491,,4,
shanghai,0063617,0063619,2.317224988190229,,5,
shanghai,0063619,0063639,6.475082247605106,,11,
shanghai,0063619,0089265,1.566872475337052,,4,
shanghai,0063619,0063624,3.102668921285242,,7,
shanghai,0063619,0063635,3.0150384330446145,,5,
shanghai,0063619,0075500,1.3691146330995383,,3,
shanghai,0063624,0077158,1.8629036631228946,,4,
shanghai,0063624,0063639,7.253057749536424,,14,
shanghai,0063624,0075786,2.2457337393760053,,4,
shanghai,0063624,0109084,1.9188129420971545,,3,
shanghai,0063624,0063638,1.8023351527045157,,3,
shanghai,0063624,0063637,1.555170914814821,,3,
shanghai,0063624,0084622,1.0494833054178363,,3,
shanghai,0063624,0063635,1.0384126700248784,,4,
shanghai,0063631,0063639,3.6886593553487703,,6,
shanghai,0063635,0063639,2.0426563877985373,,4,
shanghai,0063635,0063637,2.2903106908635937,,4,
shanghai,0063635,0063638,2.2074095099754913,,4,
shanghai,0063635,0077473,1.2453211113093643,,3,
shanghai,0063635,0087201,1.0571895143144878,,3,
shanghai,0063637,0063639,1.6408609672696373,,3,
shanghai,0063637,0066596,1.2528200195936219,,3,
shanghai,0063637,0075371,1.7035598891685444,,4,
shanghai,0063637,0086419,1.5270478656829256,,3,
shanghai,0063638,0086417,1.7422792417143742,,3,
shanghai,0063639,0077156,4.414210318941411,,8,
shanghai,0063639,0086415,2.9084873866071836,,5,
shanghai,0063639,0170579,2.666331382066506,,4,
shanghai,0063639,0077155,2.053819144157942,,4,
shanghai,0063639,0084622,1.801287678500563,,3,
shanghai,0063639,0075786,1.6264929867212943,,3,
shanghai,0063639,0066594,1.430217159198696,,3,
shanghai,0063639,0072343,1.4198193415192923,,3,
shanghai,0063686,0063699,8.535581612046423,,11,
shanghai,0063686,0070176,19.619963279229214,,21,
shanghai,0063686,0089744,4.183310009376449,,8,
shanghai,0063686,0105131,3.7412272966913562,,4,
shanghai,0063699,0070176,32.01840505416747,,34,
shanghai,0063699,0105131,12.23574418588996,,15,
shanghai,0063699,0089744,3.3992785153625946,,5,
shanghai,0063699,0073973,2.399040914993495,,4,
shanghai,0063699,0093610,1.875398024109904,,3,
shanghai,0063738,0077130,2.591388896096785,,5,
shanghai,0063748,0164207,2.4758767521500333,,4,
shanghai,0063756,0204865,2.0708122543920053,,3,
shanghai,0063757,0173236,1.9904008787854743,,3,
shanghai,0063758,0073066,1.6471055575070839,,3,
shanghai,0063759,0109083,2.364723324967075,,3,
shanghai,0063759,0170579,1.556638230265176,,3,
shanghai,0063798,0097310,2.8168637529259977,,3,
shanghai,0064206,0154904,2.8354524160780255,,5,
shanghai,0064535,0091987,9.758565120088958,,12,
shanghai,0064536,0092350,3.407194274038935,,4,
shanghai,0064536,0064537,2.9827417990768295,,5,
shanghai,0064536,0074817,2.8344981791584605,,3,
shanghai,0064536,0091963,2.5080388325199108,,3,
shanghai,0064536,0074819,2.380441454243449,,3,
shanghai,0064537,0092350,3.430848859398428,,6,
shanghai,0064537,0074819,3.360721214193353,,4,
shanghai,0064537,0074817,2.641115378303446,,3,
shanghai,0064540,0092001,1.8286053295549751,,3,
shanghai,0064542,0074826,4.621408757116363,,5,
shanghai,0064542,0074825,2.4052084362952018,,3,
shanghai,0064551,0072643,2.9151581597136027,,3,
shanghai,0064558,0064559,2.618696524077153,,3,
shanghai,0064560,0157233,3.13340490632653,,4,
shanghai,0064581,0155460,3.689008079035272,,5,
shanghai,0064582,0155460,4.538494361229573,,5,
shanghai,0064582,0064585,6.068362619962262,,7,
shanghai,0064582,0225075,2.793330189990517,,4,
shanghai,0064584,0155460,2.5048947393526637,,3,
shanghai,0064584,0064585,2.2975733447649276,,3,
shanghai,0064656,0109568,1.507120787213546,,3,
shanghai,0064661,0109568,2.15035032675649,,3,
shanghai,0064664,0109568,2.5504907306525593,,4,
shanghai,0064665,0109568,2.080624899847614,,3,
shanghai,0064670,0109568,1.7763311736197065,,3,
shanghai,0064678,0109568,2.5304510609212976,,4,
shanghai,0064680,0109568,1.785882275889918,,3,
shanghai,0064681,0109568,1.8813886269750553,,3,
shanghai,0064693,0064717,2.2205167513346185,,3,
shanghai,0064697,0064717,2.2395010545971226,,3,
shanghai,0064793,0064794,3.9318707762927105,,5,
shanghai,0064793,0064795,2.5234045953222024,,3,
shanghai,0064793,0118484,2.301292125057571,,4,
shanghai,0064793,0087931,2.258909465346725,,3,
shanghai,0064793,0089447,2.0094753895433675,,3,
shanghai,0064793,0075043,1.424802967214353,,3,
shanghai,0064794,0118484,1.640657000391898,,3,
shanghai,0064794,0113302,1.5838435549534418,,3,
shanghai,0064794,0087931,1.3072578070511116,,3,
shanghai,0064814,0064835,2.843172112679067,,4,
shanghai,0064819,0064837,2.053758375988432,,3,
shanghai,0064827,0064835,3.5252104927020986,,5,
shanghai,0064845,0089407,1.8561793380362426,,3,
shanghai,0064849,0064851,1.8214377617844197,,3,
shanghai,0064867,0064884,2.7292643266430856,,3,
shanghai,0064868,0064884,2.991951210710877,,4,
shanghai,0064869,0064884,2.557977110095828,,3,
shanghai,0064870,0064884,3.4460588653185966,,4,
shanghai,0064871,0085771,1.3392271577054053,,3,
shanghai,0064871,0064884,9.246406145736513,,11,
shanghai,0064871,0064885,4.298661187083307,,5,
shanghai,0064871,0064901,2.1156180868417636,,3,
shanghai,0064873,0064884,8.367570784404139,,9,
shanghai,0064873,0064885,2.7852795911694264,,3,
shanghai,0064873,0064904,1.8259767689575375,,3,
shanghai,0064874,0064884,5.323984618787573,,6,
shanghai,0064874,0064885,5.464398333418987,,6,
shanghai,0064876,0064879,2.7878175312735927,,3,
shanghai,0064878,0064899,3.8009983173214943,,4,
shanghai,0064878,0064900,3.7907102337287872,,4,
shanghai,0064878,0064896,3.4893336659460843,,4,
shanghai,0064879,0064884,6.419293508802947,,7,
shanghai,0064879,0064885,2.7826037818643505,,3,
shanghai,0064879,0064882,3.5432266979583837,,4,
shanghai,0064880,0064884,8.425540362584194,,9,
shanghai,0064880,0064885,5.479864946261594,,6,
shanghai,0064880,0064901,2.3794845720901954,,4,
shanghai,0064880,0064900,2.3365974023839975,,3,
shanghai,0064882,0064884,5.882120840658559,,7,
shanghai,0064882,0064885,3.298680219567917,,4,
shanghai,0064882,0064901,1.9675436783487417,,3,
shanghai,0064883,0064885,2.8157992399759055,,3,
shanghai,0064884,0064900,2.3827798865844336,,3,
shanghai,0064884,0064902,2.3409207423580947,,3,
shanghai,0064884,0064901,1.9272849146941535,,3,
shanghai,0064885,0064886,4.462124517757393,,5,
shanghai,0064885,0064901,1.9109686140736952,,3,
shanghai,0064894,0064904,3.8261566317197238,,4,
shanghai,0064894,0064899,3.879446947547179,,4,
shanghai,0064894,0064902,4.71181512076952,,5,
shanghai,0064896,0064901,2.8704180129046684,,3,
shanghai,0064896,0064904,3.663406683309844,,4,
shanghai,0064896,0064900,7.403958169253288,,8,
shanghai,0064896,0064899,2.820627362770748,,3,
shanghai,0064896,0064902,2.656133941390231,,3,
shanghai,0064897,0064901,6.567711781461139,,7,
shanghai,0064897,0064899,4.522738029165273,,5,
shanghai,0064897,0064902,2.8278958670983143,,3,
shanghai,0064899,0064901,12.066556646011605,,13,
shanghai,0064899,0064904,2.7108013987044477,,3,
shanghai,0064899,0064900,5.722602967194473,,6,
shanghai,0064899,0064902,2.850552109026374,,3,
shanghai,0064900,0064901,4.826021725526557,,5,
shanghai,0064900,0064904,2.490209375159797,,3,
shanghai,0064900,0064902,4.594223627333304,,5,
shanghai,0064901,0085770,1.5871043885818579,,3,
shanghai,0064901,0064904,3.6122219294712794,,4,
shanghai,0064901,0064902,2.9019402179931384,,3,
shanghai,0064902,0064904,6.7698406918499625,,7,
shanghai,0064905,0064926,2.4209107584677287,,4,
shanghai,0064905,0235059,1.2327946545409003,,3,
shanghai,0064906,0064926,3.3136859764763082,,5,
shanghai,0064906,0064912,2.056340074723695,,3,
shanghai,0064907,0064915,8.487299469716827,,10,
shanghai,0064908,0064915,7.594477807070014,,9,
shanghai,0064908,0064926,4.335092661648036,,6,
shanghai,0064908,0064917,2.8486832361076897,,3,
shanghai,0064908,0162395,2.3821583878974453,,3,
shanghai,0064909,0064915,4.72200598174842,,5,
shanghai,0064910,0064926,11.652965439723111,,13,
shanghai,0064910,0064915,6.812822082883211,,9,
shanghai,0064910,0064913,4.41429924482325,,6,
shanghai,0064910,0064912,2.742246549464628,,3,
shanghai,0064910,0064917,2.32085330253655,,3,
shanghai,0064911,0064915,9.993812743807466,,12,
shanghai,0064911,0064926,2.3737714206757348,,4,
shanghai,0064911,0113074,2.0500646527715056,,3,
shanghai,0064911,0165040,2.008855703979191,,3,
shanghai,0064911,0234666,2.0270597708101734,,3,
shanghai,0064911,0235056,1.5524303248114217,,3,
shanghai,0064912,0146749,1.8047466428316912,,3,
shanghai,0064912,0064915,12.307202640502654,,14,
shanghai,0064912,0064926,1.8003279921157787,,3,
shanghai,0064912,0235058,2.6437313586269555,,4,
shanghai,0064912,0064914,2.7931266110424513,,3,
shanghai,0064913,0146749,2.3197711097539138,,3,
shanghai,0064913,0064917,8.341379551657548,,9,
shanghai,0064913,0064915,8.29533427582652,,10,
shanghai,0064913,0064926,7.730157349740504,,12,
shanghai,0064913,0064914,4.690183592083677,,5,
shanghai,0064913,0113074,2.051335573979477,,3,
shanghai,0064913,0234665,1.9433167826804967,,3,
shanghai,0064913,0064916,1.8006097775165868,,3,
shanghai,0064913,0118510,1.6339277741175973,,3,
shanghai,0064913,0235056,1.580117348422457,,3,
shanghai,0064915,0064917,8.987876914184577,,10,
shanghai,0064915,0064916,8.034148986115914,,9,
shanghai,0064915,0064927,7.209197630558983,,8,
shanghai,0064915,0064921,5.944631430205421,,7,
shanghai,0064915,0064926,5.607970804307825,,10,
shanghai,0064915,0064918,4.460894246962664,,5,
shanghai,0064915,0064920,3.6583005918020457,,4,
shanghai,0064916,0064926,3.9770249358586622,,6,
shanghai,0064916,0234666,2.8197456461186077,,4,
shanghai,0064916,0113074,1.5170258138997201,,3,
shanghai,0064917,0235059,2.4453411715593094,,3,
shanghai,0064917,0064924,2.567582658904776,,3,
shanghai,0064921,0113074,2.8531474765010807,,4,
shanghai,0064921,0089057,1.8509083823718318,,3,
shanghai,0064921,0084108,1.792951826092668,,3,
shanghai,0064921,0234666,1.5920415125462586,,3,
shanghai,0064921,0146750,1.5823662193131462,,3,
shanghai,0064921,0235058,1.5375847924512605,,3,
shanghai,0064921,0235056,1.32750609291853,,3,
shanghai,0064926,0064927,2.6261191289736723,,5,
shanghai,0064927,0235059,2.068216103746173,,3,
shanghai,0064959,0111380,1.6887298489172586,,3,
shanghai,0064980,0105130,2.836186954290326,,3,
shanghai,0064982,0089636,2.219508622896466,,3,
shanghai,0065043,0109325,1.2593188389798213,,3,
shanghai,0065046,0126918,2.4004340865222398,,3,
shanghai,0065185,0065214,2.813386104989818,,4,
shanghai,0065185,0065187,2.5058932098851154,,4,
shanghai,0065185,0065192,2.503807372055321,,4,
shanghai,0065185,0065191,2.3777517654389055,,4,
shanghai,0065185,0065217,1.94119171853888,,3,
shanghai,0065185,0065190,1.7001886545543683,,3,
shanghai,0065190,0065213,1.5658092074827064,,3,
shanghai,0065200,0065217,2.44388455015495,,4,
shanghai,0065219,0065235,1.7180228036214742,,3,
shanghai,0065249,0065261,1.612969717421438,,3,
shanghai,0065460,0156024,2.3932355190166197,,4,
shanghai,0065460,0177363,2.1537803680216934,,3,
shanghai,0065460,0065472,2.149794739282347,,3,
shanghai,0065460,0210655,2.128187338710892,,3,
shanghai,0065460,0065481,1.803429146843593,,3,
shanghai,0065460,0089121,1.6522479429504082,,4,
shanghai,0065460,0118808,1.3616378100778739,,3,
shanghai,0065461,0089121,2.1863474667157434,,3,
shanghai,0065461,0156024,2.057009784943438,,3,
shanghai,0065464,0115638,2.6399784325572497,,5,
shanghai,0065465,0156024,2.3822283391778534,,5,
shanghai,0065465,0065481,2.490830087404051,,4,
shanghai,0065469,0084130,1.9816630069550039,,3,
shanghai,0065470,0210655,2.2229052405500394,,3,
shanghai,0065470,0065475,2.0304629474907516,,3,
shanghai,0065471,0115638,1.8284863709744044,,3,
shanghai,0065471,0156024,2.3348090944478104,,5,
shanghai,0065471,0089121,3.385696543198735,,5,
shanghai,0065471,0065481,1.8296918837714577,,3,
shanghai,0065472,0115638,1.9488307371427864,,4,
shanghai,0065473,0065481,3.2230914427283603,,4,
shanghai,0065473,0065474,2.2077936580366915,,3,
shanghai,0065473,0089121,2.0061680032810942,,3,
shanghai,0065473,0210655,1.8009650294108366,,3,
shanghai,0065473,0156024,1.7952111955292265,,3,
shanghai,0065473,0118808,1.444377075529507,,3,
shanghai,0065474,0156024,2.872550315100067,,5,
shanghai,0065474,0165035,2.05049982704489,,5,
shanghai,0065475,0156024,3.443886862167254,,5,
shanghai,0065475,0118808,1.8880858808797005,,3,
shanghai,0065475,0065481,2.7311007856233256,,4,
shanghai,0065475,0210655,2.5871318022416627,,4,
shanghai,0065476,0086856,2.6047652150783573,,4,
shanghai,0065476,0165032,1.0593721677846724,,3,
shanghai,0065477,0115638,2.8141351437210025,,4,
shanghai,0065477,0156024,2.0263203372376646,,4,
shanghai,0065489,0065505,2.2620164728215375,,3,
shanghai,0065491,0065505,2.319177860055295,,4,
shanghai,0065493,0065505,2.7644005059732972,,4,
shanghai,0065494,0065505,2.057413739354223,,3,
shanghai,0065499,0065505,3.26988593015916,,6,
shanghai,0065547,0065578,2.310193191461404,,4,
shanghai,0065550,0065578,2.87187668183857,,5,
shanghai,0065551,0065578,2.8174718107011523,,4,
shanghai,0065555,0065578,2.5848006395396452,,4,
shanghai,0065559,0065578,2.523804301137673,,4,
shanghai,0065561,0065578,2.3047023106177527,,3,
shanghai,0065564,0065578,2.82605493713647,,4,
shanghai,0065565,0065578,2.7925240778526845,,5,
shanghai,0065573,0065578,4.7960368862659575,,8,
shanghai,0065578,0065579,2.0416243954806945,,3,
shanghai,0065655,0065671,1.418740356971694,,3,
shanghai,0065721,0065722,4.351343868802186,,5,
shanghai,0065721,0089416,3.747521937863088,,6,
shanghai,0065721,0065733,3.720346926786872,,4,
shanghai,0065721,0065723,3.2550042962926327,,4,
shanghai,0065721,0065734,2.118085972306475,,3,
shanghai,0065721,0075371,1.8801164768463132,,3,
shanghai,0065722,0065733,3.8719553616790217,,4,
shanghai,0065722,0075371,3.7576933224604137,,7,
shanghai,0065722,0065723,2.475939419884977,,3,
shanghai,0065722,0109379,2.100179359864896,,3,
shanghai,0065722,0065725,2.001684210616637,,3,
shanghai,0065723,0065734,5.0737791377255785,,6,
shanghai,0065723,0065725,4.9658091259060075,,6,
shanghai,0065723,0083876,3.401639180015387,,4,
shanghai,0065723,0065733,2.7862174831006703,,3,
shanghai,0065723,0089416,2.508739022551687,,3,
shanghai,0065723,0234713,2.3509301053389,,4,
shanghai,0065723,0075371,2.2489504905573185,,4,
shanghai,0065723,0066596,1.6189975490088313,,3,
shanghai,0065724,0075371,3.9185308267508416,,6,
shanghai,0065724,0065734,4.494669314365252,,6,
shanghai,0065724,0089416,3.742109988606918,,6,
shanghai,0065724,0118669,1.4290745608499196,,4,
shanghai,0065725,0075371,2.6241410210833687,,4,
shanghai,0065725,0065734,4.336370493061112,,5,
shanghai,0065725,0089416,2.413924433143272,,3,
shanghai,0065726,0065734,2.5079197515028264,,3,
shanghai,0065729,0075371,3.5322397003632213,,6,
shanghai,0065730,0065734,5.634442473720927,,7,
shanghai,0065730,0083876,3.478214747853386,,4,
shanghai,0065734,0083876,7.487816196461552,,8,
shanghai,0065735,0065739,5.867911248461598,,6,
shanghai,0065735,0065740,2.5599975978677003,,3,
shanghai,0065736,0065739,5.831165303799988,,6,
shanghai,0065741,0075371,1.9913133347197713,,3,
shanghai,0065850,0065900,2.518791214074035,,3,
shanghai,0065860,0065876,2.1495868381681618,,3,
shanghai,0065865,0109573,2.6539162827164486,,3,
shanghai,0065877,0065881,2.6760107193995806,,4,
shanghai,0065881,0065898,2.1179731297337314,,3,
shanghai,0065883,0109573,2.6522059549066936,,3,
shanghai,0065890,0109573,2.807326357398873,,3,
shanghai,0065901,0109573,2.077054390607021,,3,
shanghai,0065901,0065951,2.067680722939843,,3,
shanghai,0065914,0109573,4.09603646260974,,5,
shanghai,0065921,0109573,1.8962553762124466,,3,
shanghai,0065926,0109573,2.771849114999501,,4,
shanghai,0065928,0109573,4.304262474958761,,5,
shanghai,0065929,0084439,1.7632891305424137,,3,
shanghai,0065949,0109573,2.3536469520246426,,3,
shanghai,0066033,0066039,1.944706463482547,,3,
shanghai,0066080,0066184,1.779717655391664,,3,
shanghai,0066087,0143097,1.982116166523153,,3,
shanghai,0066087,0066153,2.7341741736639507,,3,
shanghai,0066095,0066184,1.9929621845894436,,3,
shanghai,0066108,0143097,2.2510646966064334,,3,
shanghai,0066108,0070007,2.2925384265357565,,3,
shanghai,0066112,0066184,1.9241390079428589,,3,
shanghai,0066200,0132609,2.0749108068007236,,3,
shanghai,0066213,0066263,4.024731054124312,,5,
shanghai,0066213,0066301,2.6065636944054846,,4,
shanghai,0066220,0066262,1.7474362294216148,,3,
shanghai,0066346,0066347,2.024177633160642,,3,
shanghai,0066346,0066351,1.7936662854702838,,4,
shanghai,0066348,0066351,1.1771757632888118,,3,
shanghai,0066356,0089176,2.3332278801549817,,3,
shanghai,0066358,0089176,5.121884039294079,,6,
shanghai,0066361,0089176,2.319193612646986,,3,
shanghai,0066362,0089176,2.81928201503524,,3,
shanghai,0066365,0089176,2.797988023414884,,3,
shanghai,0066365,0089559,1.9813244242171522,,4,
shanghai,0066438,0106370,2.3104828733741516,,3,
shanghai,0066468,0165258,1.5871418068366825,,3,
shanghai,0066468,0066475,6.819277802260376,,10,
shanghai,0066468,0066473,3.626260742615408,,7,
shanghai,0066470,0066473,4.142456076969343,,7,
shanghai,0066470,0066475,6.873974414911196,,10,
shanghai,0066470,0196398,1.550959322773953,,3,
shanghai,0066473,0066512,3.7552110525560325,,8,
shanghai,0066473,0066501,5.582430320436297,,11,
shanghai,0066473,0066500,5.17703898170437,,9,
shanghai,0066473,0066510,5.008251205424497,,9,
shanghai,0066473,0066491,4.921491206584776,,8,
shanghai,0066473,0066516,3.586224754230141,,7,
shanghai,0066473,0066524,3.1761327613133714,,5,
shanghai,0066473,0066506,3.1346433257092774,,5,
shanghai,0066473,0066507,2.796982074577015,,5,
shanghai,0066473,0066509,2.627719207989197,,4,
shanghai,0066473,0066511,2.571856646308799,,4,
shanghai,0066473,0066480,2.5430634086870993,,4,
shanghai,0066474,0066512,2.9811102416909896,,4,
shanghai,0066474,0066475,3.964763626172612,,5,
shanghai,0066474,0066507,1.9524629202714543,,4,
shanghai,0066475,0066512,10.626138755917015,,16,
shanghai,0066475,0066524,9.654133794785926,,15,
shanghai,0066475,0066501,8.250658948744421,,12,
shanghai,0066475,0066500,7.487162142309687,,11,
shanghai,0066475,0066516,7.365468910880031,,11,
shanghai,0066475,0066491,6.004115754109699,,9,
shanghai,0066475,0066487,5.786137738443736,,9,
shanghai,0066475,0066476,5.352861433102037,,8,
shanghai,0066475,0066506,4.78291474158507,,7,
shanghai,0066475,0066510,4.711832197581796,,7,
shanghai,0066475,0066478,4.192056501517395,,6,
shanghai,0066475,0066495,4.006991177899197,,6,
shanghai,0066476,0066509,1.2485258430629735,,3,
shanghai,0066477,0066506,2.2294072819680304,,3,
shanghai,0066480,0118997,1.747964234381394,,4,
shanghai,0066487,0118997,1.6256998561537808,,3,
shanghai,0066487,0066517,1.388454786515106,,3,
shanghai,0066490,0066512,1.8239074862112215,,4,
shanghai,0066495,0066509,1.5653483426200374,,3,
shanghai,0066497,0066506,1.49636993913259,,3,
shanghai,0066500,0066509,3.0949337516443505,,6,
shanghai,0066506,0066509,3.10302539249913,,5,
shanghai,0066506,0066523,2.2840372492611336,,3,
shanghai,0066506,0118997,1.1630580222771858,,3,
shanghai,0066507,0066509,2.2063740859481618,,4,
shanghai,0066509,0066512,1.3263219735356242,,3,
shanghai,0066509,0066510,3.7052158441533143,,7,
shanghai,0066509,0118997,1.1710924956984632,,3,
shanghai,0066510,0201716,2.129239541054877,,4,
shanghai,0066510,0075344,1.5912846053745398,,3,
shanghai,0066510,0118997,1.4205029446195847,,3,
shanghai,0066512,0075344,2.2832776674414603,,5,
shanghai,0066516,0066517,1.4532044619382543,,3,
shanghai,0066538,0205108,1.892298638082072,,3,
shanghai,0066541,0205108,1.6643166942381677,,3,
shanghai,0066558,0205108,1.3537406772485387,,3,
shanghai,0066594,0066596,1.8162929343917686,,3,
shanghai,0066594,0109083,2.2276356998077715,,3,
shanghai,0066594,0066603,1.961712811836236,,3,
shanghai,0066594,0084622,1.5189539698142134,,3,
shanghai,0066605,0066622,1.999421582146989,,3,
shanghai,0066615,0066616,1.6677601558697794,,3,
shanghai,0066616,0112423,2.3400672726307894,,3,
shanghai,0066629,0077158,1.3928381849928897,,3,
shanghai,0066660,0066678,3.414348700902333,,6,
shanghai,0066660,0066675,2.503099496354783,,4,
shanghai,0066660,0066709,2.1481216527298588,,4,
shanghai,0066660,0066703,2.011554921305993,,4,
shanghai,0066660,0066700,1.9976245303460791,,3,
shanghai,0066660,0066685,1.6084998279001397,,3,
shanghai,0066662,0066675,2.9920624909783937,,4,
shanghai,0066668,0066675,1.821016577746863,,3,
shanghai,0066675,0066676,3.135561931493128,,5,
shanghai,0066675,0066678,3.03413017252895,,5,
shanghai,0066675,0066692,2.6783043429628437,,4,
shanghai,0066675,0066686,2.656639631374273,,4,
shanghai,0066675,0066682,2.242703423700028,,3,
shanghai,0066675,0066703,2.1515280442573212,,3,
shanghai,0066675,0066699,1.6190469554277966,,3,
shanghai,0066675,0066683,1.591864636982036,,3,
shanghai,0066713,0066719,9.443586461492579,,13,
shanghai,0066716,0066719,6.636159053540714,,9,
shanghai,0066716,0066751,1.3275700764752139,,3,
shanghai,0066718,0066722,1.9195772642626863,,3,
shanghai,0066719,0066727,7.278879703327501,,10,
shanghai,0066719,0066741,7.091872580446438,,9,
shanghai,0066719,0066722,6.073522919605884,,9,
shanghai,0066719,0066742,5.430281431939413,,7,
shanghai,0066719,0066723,3.5575491966632287,,5,
shanghai,0066719,0066737,3.309089572812161,,5,
shanghai,0066719,0066750,3.1464439975900897,,4,
shanghai,0066719,0066752,2.560341101994777,,3,
shanghai,0066719,0066726,2.2765989090976477,,3,
shanghai,0066719,0118972,1.6177588072310236,,3,
shanghai,0066719,0066751,1.4770989930592682,,3,
shanghai,0066722,0066751,4.163592645972169,,6,
shanghai,0066722,0066735,1.508792575948565,,3,
shanghai,0066727,0066751,3.331455878320594,,6,
shanghai,0066734,0066751,1.50433955683092,,3,
shanghai,0066741,0066747,2.2884044293739407,,3,
shanghai,0066742,0066751,1.859198827285764,,3,
shanghai,0066750,0118972,1.4107455300980214,,4,
shanghai,0066759,0066782,2.8829239671019145,,3,
shanghai,0066766,0066802,1.4139067978550672,,3,
shanghai,0066777,0066802,2.343033112851945,,3,
shanghai,0066892,0066895,2.8379940257741625,,4,
shanghai,0066966,0066976,1.8172819258039112,,3,
shanghai,0066968,0066975,1.5289602938729465,,3,
shanghai,0066975,0066982,2.913437038813136,,4,
shanghai,0066982,0066993,2.5508964144101354,,4,
shanghai,0066982,0067005,1.5472566174450229,,3,
shanghai,0067016,0067046,3.556661061073883,,5,
shanghai,0067017,0067046,4.667721452491104,,8,
shanghai,0067018,0067046,2.1458742051687807,,4,
shanghai,0067023,0067046,4.301853908163845,,6,
shanghai,0067024,0067046,2.608077389238219,,4,
shanghai,0067037,0067046,1.8383133705312549,,3,
shanghai,0067039,0067046,3.0761248260623266,,5,
shanghai,0067045,0067046,3.228015838801953,,4,
shanghai,0067046,0067049,2.8431001502979787,,4,
shanghai,0067046,0067053,2.735960670306783,,4,
shanghai,0067046,0067047,2.476792260554192,,4,
shanghai,0067046,0067050,2.3800107340714436,,3,
shanghai,0067046,0067057,1.7206775411032815,,3,
shanghai,0067052,0164467,1.8780879600492286,,3,
shanghai,0067063,0067079,2.3644726139248924,,4,
shanghai,0067064,0067079,1.7550506582987424,,3,
shanghai,0067064,0067114,2.1602431757601015,,4,
shanghai,0067069,0067103,2.038047667972882,,3,
shanghai,0067079,0067103,4.279099009016598,,7,
shanghai,0067079,0067081,2.6712913921855854,,4,
shanghai,0067079,0067114,2.2502746367568287,,4,
shanghai,0067079,0067112,2.0779773238880943,,3,
shanghai,0067079,0067087,1.3655676281611662,,3,
shanghai,0067089,0067114,1.6856126554038808,,3,
shanghai,0067103,0067114,1.1997325879920355,,3,
shanghai,0067114,0067116,1.8131521650011735,,3,
shanghai,0067123,0067178,1.8390443048189002,,3,
shanghai,0067161,0067178,1.2943622572730151,,3,
shanghai,0067279,0067286,2.709172748344535,,5,
shanghai,0067279,0067309,2.6160773296110396,,4,
shanghai,0067279,0067283,2.3785693897345723,,3,
shanghai,0067279,0067282,2.037013852545409,,3,
shanghai,0067286,0067288,2.602758090674099,,4,
shanghai,0067287,0067323,1.7512562921161035,,3,
shanghai,0067288,0067315,1.5418836885171956,,3,
shanghai,0067288,0067326,1.503345940136473,,3,
shanghai,0067296,0067323,2.6960426104702244,,4,
shanghai,0067374,0067375,2.1018095574009017,,3,
shanghai,0067432,0067456,3.1317757388736025,,5,
shanghai,0067449,0067465,1.9890000727200208,,3,
shanghai,0067514,0067516,1.9172358639474107,,3,
shanghai,0067528,0067581,2.480081516431231,,4,
shanghai,0067530,0067581,2.8385163865879015,,4,
shanghai,0067536,0067578,2.16700408337391,,3,
shanghai,0067538,0067581,2.0551616400244663,,3,
shanghai,0067540,0067581,4.082020437533771,,6,
shanghai,0067548,0067581,3.2635032493524214,,5,
shanghai,0067548,0067557,1.8837086205925946,,3,
shanghai,0067551,0067581,2.509001021349313,,4,
shanghai,0067551,0067557,2.5591978776425917,,3,
shanghai,0067553,0067557,2.6616809281598375,,3,
shanghai,0067557,0067575,2.397835400593835,,3,
shanghai,0067560,0067581,3.0227578970741202,,5,
shanghai,0067567,0067581,2.326936444076412,,3,
shanghai,0067567,0067578,2.0961283064443808,,4,
shanghai,0067570,0067575,2.6875081511654138,,3,
shanghai,0067574,0067581,2.9362101453353837,,4,
shanghai,0067575,0067581,2.3894207784808663,,4,
shanghai,0067668,0067678,2.914340235296508,,3,
shanghai,0067688,0067707,2.436886097841123,,3,
shanghai,0067781,0067785,2.5258628316250498,,3,
shanghai,0067792,0067821,1.521521381345769,,3,
shanghai,0067796,0067821,1.7991082135866734,,3,
shanghai,0067802,0067817,1.5594541888761457,,3,
shanghai,0067808,0067817,2.1661024995303486,,3,
shanghai,0067812,0067817,1.236692408841674,,3,
shanghai,0067814,0067817,2.6693839093022285,,4,
shanghai,0067817,0067821,2.0415876206173293,,3,
shanghai,0067820,0067821,2.973306965258021,,4,
shanghai,0067821,0067830,2.0650855959219308,,3,
shanghai,0067845,0067864,1.559994687806952,,3,
shanghai,0067947,0067950,1.7615874744731594,,3,
shanghai,0067956,0067971,1.7886340039249324,,3,
shanghai,0067959,0067971,4.224287431440042,,6,
shanghai,0067964,0067971,2.122498366301364,,3,
shanghai,0067971,0067983,2.1246744215651354,,3,
shanghai,0067971,0067977,2.09600130765693,,4,
shanghai,0067971,0067989,2.052697001405513,,3,
shanghai,0067971,0067980,1.9129022613585578,,3,
shanghai,0067993,0068019,2.106639073393553,,3,
shanghai,0068124,0068150,3.2667980356832436,,4,
shanghai,0068132,0068150,2.8734843303420465,,4,
shanghai,0068134,0068150,2.6553036893221886,,4,
shanghai,0068145,0109570,1.8593614036162065,,3,
shanghai,0068149,0068150,1.9767655153915495,,3,
shanghai,0068163,0082316,2.433031157420896,,3,
shanghai,0068170,0075051,1.4659764438657243,,3,
shanghai,0068175,0078957,1.7692233352237627,,3,
shanghai,0068180,0161242,2.6730113367388824,,3,
shanghai,0068269,0148041,1.6969731949602096,,3,
shanghai,0068373,0102993,2.693257073966133,,3,
shanghai,0068414,0102885,2.476206013585562,,3,
shanghai,0068415,0146758,2.7978778307077374,,3,
shanghai,0068422,0109529,2.026529819430264,,3,
shanghai,0068444,0097404,2.8050082966641643,,3,
shanghai,0068470,0083474,2.703319632811361,,3,
shanghai,0068470,0108493,2.6449315294231486,,4,
shanghai,0068470,0132683,2.6165404208422913,,3,
shanghai,0068482,0097427,4.734539535244572,,6,
shanghai,0068482,0128966,2.302942238583807,,3,
shanghai,0068538,0148881,3.1097201335829747,,4,
shanghai,0068539,0097494,2.3944383408941383,,3,
shanghai,0068555,0128951,2.588217611340845,,3,
shanghai,0068748,0152812,2.504083771056923,,3,
shanghai,0068815,0105364,2.38225324046498,,3,
shanghai,0068817,0070167,3.6910357009074257,,4,
shanghai,0068828,0109143,2.699006513583403,,4,
shanghai,0068828,0109141,2.6478206174956678,,3,
shanghai,0068833,0132619,1.8772962758309255,,3,
shanghai,0068977,0187053,13.317127417434154,,15,
shanghai,0069136,0187019,2.623703261161247,,3,
shanghai,0069136,0097469,2.5933819036237176,,3,
shanghai,0069136,0187236,2.431806712050926,,3,
shanghai,0069277,0096552,2.4828164314485703,,3,
shanghai,0069293,0150848,2.6042209461345336,,3,
shanghai,0069312,0096698,2.6191008538113256,,3,
shanghai,0069448,0080060,2.592801493403802,,3,
shanghai,0069451,0109231,3.598275917034495,,5,
shanghai,0069477,0080089,3.7707183178104198,,5,
shanghai,0069477,0080095,2.6867572929446175,,3,
shanghai,0069492,0101951,2.4294697859797174,,3,
shanghai,0069492,0101962,2.344861589840338,,3,
shanghai,0069537,0158269,2.597364361897137,,3,
shanghai,0069540,0102959,2.6505387691684508,,3,
shanghai,0069541,0102933,2.5433044567621845,,3,
shanghai,0069541,0102950,2.4564519271029246,,3,
shanghai,0069552,0105962,2.687144017403823,,3,
shanghai,0069577,0106981,2.7623658095719295,,3,
shanghai,0069589,0080103,3.371957696157125,,4,
shanghai,0069589,0080119,2.7174636750146797,,3,
shanghai,0069589,0080106,2.613443794373775,,3,
shanghai,0069589,0080118,2.4886316489762588,,3,
shanghai,0069738,0111883,2.5058185913077837,,3,
shanghai,0069744,0096084,2.565759189257159,,3,
shanghai,0069754,0079878,3.3175986067602836,,4,
shanghai,0069853,0125467,2.473105678245835,,3,
shanghai,0069870,0143434,5.2440313565933225,,6,
shanghai,0069874,0097519,2.6352979529595113,,4,
shanghai,0070011,0100208,2.5156004782053305,,3,
shanghai,0070019,0110801,2.6955406624815392,,3,
shanghai,0070019,0110809,2.470847795004743,,3,
shanghai,0070020,0146732,2.4300873469213147,,3,
shanghai,0070078,0070079,2.850751653745142,,3,
shanghai,0070095,0109357,1.9881962280807044,,3,
shanghai,0070095,0084104,1.846027471311161,,3,
shanghai,0070103,0113063,3.832647919807184,,4,
shanghai,0070105,0146731,3.740111964030218,,4,
shanghai,0070109,0238840,4.414369246913675,,5,
shanghai,0070109,0075037,2.6967913423774,,3,
shanghai,0070139,0070140,5.875298528758832,,10,
shanghai,0070143,0089421,2.3747257597717963,,3,
shanghai,0070144,0112486,4.1806237733503,,5,
shanghai,0070145,0089643,3.242309023640276,,4,
shanghai,0070145,0151274,2.6890436337134704,,4,
shanghai,0070145,0153968,2.4413640561013006,,3,
shanghai,0070146,0089335,6.598636319450983,,8,
shanghai,0070151,0089481,4.467453716940288,,5,
shanghai,0070152,0220044,3.91973043235705,,5,
shanghai,0070152,0083132,3.2374189141303327,,4,
shanghai,0070153,0074776,5.363927248878081,,6,
shanghai,0070155,0109390,2.6528107296352115,,3,
shanghai,0070159,0236764,5.823771966189512,,8,
shanghai,0070159,0236760,4.786542767308592,,6,
shanghai,0070159,0117787,4.688176600894343,,5,
shanghai,0070159,0089110,4.023855459870061,,6,
shanghai,0070159,0112411,2.734780932650061,,3,
shanghai,0070159,0075009,2.656262604490977,,4,
shanghai,0070159,0236761,2.5956263547731036,,3,
shanghai,0070159,0089493,2.0340245488874027,,3,
shanghai,0070159,0088174,1.9916979008767928,,3,
shanghai,0070160,0089255,2.758283181351325,,4,
shanghai,0070160,0089638,2.004894980002108,,3,
shanghai,0070161,0075021,3.1363543463944232,,5,
shanghai,0070161,0089407,5.452401087198653,,6,
shanghai,0070161,0109350,2.340467382884449,,3,
shanghai,0070161,0075811,2.624088460269948,,3,
shanghai,0070161,0089025,2.6534552969602894,,3,
shanghai,0070162,0220294,2.359223791048142,,3,
shanghai,0070164,0234656,3.4414692682719963,,4,
shanghai,0070164,0103130,2.9573238982928087,,4,
shanghai,0070164,0109397,2.631499449846735,,3,
shanghai,0070164,0089613,2.557512320891114,,3,
shanghai,0070164,0092470,2.490575247005461,,3,
shanghai,0070164,0103118,2.306936558753585,,3,
shanghai,0070164,0103158,2.1751849351801638,,3,
shanghai,0070164,0103127,1.672970022523733,,3,
shanghai,0070164,0109396,1.3498533545231475,,3,
shanghai,0070164,0147768,1.3316060041157327,,3,
shanghai,0070166,0110777,2.905197528179074,,4,
shanghai,0070166,0074662,2.803276941238517,,4,
shanghai,0070166,0110795,2.1266769746704672,,3,
shanghai,0070167,0119032,3.2660904849058072,,5,
shanghai,0070167,0087123,1.9531428694165576,,3,
shanghai,0070169,0076995,6.526868291769953,,8,
shanghai,0070169,0146929,2.3672572610811096,,3,
shanghai,0070169,0219149,1.9182790139904191,,3,
shanghai,0070169,0143841,1.7198218055444046,,3,
shanghai,0070170,0094061,4.782963452315053,,6,
shanghai,0070170,0094062,2.6836068046177273,,3,
shanghai,0070170,0094059,2.58712560287953,,3,
shanghai,0070170,0094067,2.392856285299241,,3,
shanghai,0070176,0105131,3.723593534637974,,4,
shanghai,0070240,0185754,2.599883676854878,,3,
shanghai,0070281,0089678,2.2030758809537456,,3,
shanghai,0070285,0234894,2.139371517943783,,3,
shanghai,0070285,0075015,3.0491860344363473,,4,
shanghai,0070285,0070296,3.3272250068616414,,4,
shanghai,0070286,0185517,3.1886041394684463,,4,
shanghai,0070288,0201377,2.6275829416641203,,3,
shanghai,0070299,0235058,1.6964403951258493,,3,
shanghai,0070308,0075875,2.207692911677725,,3,
shanghai,0070322,0238840,6.291600242171681,,8,
shanghai,0071816,0084656,2.784721259071294,,4,
shanghai,0071819,0146818,5.802472339992029,,8,
shanghai,0071821,0084706,3.095012886137342,,4,
shanghai,0071829,0154159,1.9386492752823195,,3,
shanghai,0071918,0117101,3.4776122816815755,,5,
shanghai,0071940,0197859,2.049168041031662,,3,
shanghai,0071942,0085876,2.031529507317559,,4,
shanghai,0071996,0109585,4.720708276349332,,6,
shanghai,0071996,0089153,3.0038882856059432,,4,
shanghai,0072005,0235397,1.9286948484488708,,3,
shanghai,0072007,0201467,2.096521855499896,,4,
shanghai,0072014,0075270,2.721863628380413,,3,
shanghai,0072015,0234879,1.759700168448704,,3,
shanghai,0072016,0082079,3.8475186778843242,,7,
shanghai,0072016,0155122,1.7131565982824855,,3,
shanghai,0072028,0109522,4.883581570428062,,7,
shanghai,0072049,0109513,4.574306955539126,,6,
shanghai,0072068,0109557,3.6501783304698483,,5,
shanghai,0072078,0109633,2.670917606359983,,3,
shanghai,0072237,0172664,1.3285592939381303,,3,
shanghai,0072286,0077156,0.700436648794224,,3,
shanghai,0072286,0086419,1.4725619380980615,,3,
shanghai,0072286,0077033,2.2939877408715574,,3,
shanghai,0072303,0132315,1.7088214469068448,,4,
shanghai,0072354,0088907,1.0642278291291802,,3,
shanghai,0072405,0114220,1.0222815551251538,,3,
shanghai,0072484,0086824,1.3217647856335955,,3,
shanghai,0072484,0072486,3.5473473583540196,,4,
shanghai,0072486,0077167,1.0740574600191677,,3,
shanghai,0072503,0083409,3.278795688341607,,5,
shanghai,0072503,0089694,2.446825817248443,,3,
shanghai,0072514,0164332,3.125429391182016,,4,
shanghai,0072514,0234885,1.4376140126540538,,3,
shanghai,0072534,0084104,2.1912735975996673,,3,
shanghai,0072550,0086868,2.0278081852694116,,3,
shanghai,0072551,0119073,0.931825135189333,,3,
shanghai,0072562,0087870,1.264479555157546,,4,
shanghai,0072562,0235059,2.0265669363650494,,3,
shanghai,0072562,0165037,1.8453537706048273,,3,
shanghai,0072562,0073485,1.459182977698028,,3,
shanghai,0072564,0235058,2.14786598642025,,3,
shanghai,0072564,0235056,2.571645724553965,,4,
shanghai,0072565,0235058,2.42677425349161,,4,
shanghai,0072565,0235056,2.051177310115162,,4,
shanghai,0072580,0075344,2.0895141929425813,,3,
shanghai,0072621,0072622,3.519640508236889,,5,
shanghai,0072624,0129113,1.4572392941767127,,3,
shanghai,0072635,0235104,1.3069616120587306,,3,
shanghai,0072635,0084104,1.8469940212482079,,3,
shanghai,0072636,0084104,2.4672468802192347,,4,
shanghai,0072636,0232401,1.7684488759988863,,3,
shanghai,0072639,0072640,2.4906944130267825,,3,
shanghai,0072673,0072674,2.6466711505208353,,3,
shanghai,0072676,0115636,2.0579839162357407,,3,
shanghai,0072694,0147768,1.2876863410339625,,3,
shanghai,0072695,0075452,2.6104070507802373,,3,
shanghai,0072763,0086663,2.0289830953994246,,3,
shanghai,0072763,0086664,3.470153205058324,,6,
shanghai,0072763,0109214,3.0706486457256674,,5,
shanghai,0072763,0077132,1.4130109440719778,,3,
shanghai,0072805,0086415,1.6920676378132151,,3,
shanghai,0072838,0077210,2.0102802607122188,,3,
shanghai,0072945,0119073,1.4553535863982143,,3,
shanghai,0072948,0113063,1.379412823232184,,3,
shanghai,0072948,0115205,2.053371243461963,,3,
shanghai,0073065,0097837,2.8232545168607603,,5,
shanghai,0073065,0153502,2.3753630260131122,,3,
shanghai,0073065,0075493,1.9907950462669433,,3,
shanghai,0073065,0086265,1.6754771529060273,,3,
shanghai,0073066,0075563,2.580874150907606,,4,
shanghai,0073066,0074344,0.993081066340822,,3,
shanghai,0073134,0164789,1.4900615573101963,,3,
shanghai,0073148,0114215,1.0264241368019715,,3,
shanghai,0073148,0084132,3.9735928981725026,,6,
shanghai,0073149,0084670,1.97951564923686,,3,
shanghai,0073149,0085994,1.2901356345094086,,4,
shanghai,0073149,0114094,1.7559682917931472,,3,
shanghai,0073150,0084700,1.2315026078508517,,3,
shanghai,0073190,0073192,3.515158594134267,,5,
shanghai,0073224,0073226,2.951611478203285,,5,
shanghai,0073225,0073226,2.565928965744135,,4,
shanghai,0073509,0091987,2.887175032882886,,4,
shanghai,0073511,0092065,1.1476424907129001,,3,
shanghai,0073514,0084197,1.351988021876652,,3,
shanghai,0073514,0084196,2.0276120126214248,,4,
shanghai,0073514,0084201,1.2941348513635245,,3,
shanghai,0073533,0162377,2.048223053088712,,3,
shanghai,0073568,0089309,3.1887910160624116,,6,
shanghai,0073568,0100653,1.4395585647734663,,3,
shanghai,0073586,0073587,2.378460939024918,,4,
shanghai,0073597,0073605,1.1321463467792485,,5,
shanghai,0073601,0073603,3.1773797382312234,,4,
shanghai,0073603,0076547,1.4748855991976453,,3,
shanghai,0073617,0076555,4.361766359136055,,6,
shanghai,0073617,0089703,1.8799148810431237,,3,
shanghai,0073621,0235098,2.3853430035866863,,3,
shanghai,0073622,0138988,2.364151251934294,,4,
shanghai,0073622,0235098,2.2036537157704794,,3,
shanghai,0073644,0199894,2.4018306877105995,,3,
shanghai,0073644,0109139,1.9895001569786734,,3,
shanghai,0073651,0089120,1.8899135850434545,,4,
shanghai,0073690,0147705,1.3371649155160377,,4,
shanghai,0073690,0109219,1.68489929130283,,3,
shanghai,0073696,0235081,1.0053947246360688,,3,
shanghai,0073728,0082048,1.0200981138058367,,3,
shanghai,0073749,0235106,1.3939658285010315,,3,
shanghai,0073836,0089332,3.8029004605637278,,5,
shanghai,0073836,0083037,3.1802318784537236,,4,
shanghai,0073836,0114231,2.8969422623696364,,6,
shanghai,0073836,0173090,2.4181994512873395,,4,
shanghai,0073836,0235373,2.112361800900692,,4,
shanghai,0073836,0084658,2.037265640889723,,4,
shanghai,0073836,0090280,1.8581752050118547,,3,
shanghai,0073836,0231746,1.7180071819803802,,3,
shanghai,0073836,0172941,1.6193614768632627,,3,
shanghai,0073920,0235058,1.9074442933078628,,4,
shanghai,0073950,0084665,2.2312381454854178,,4,
shanghai,0073950,0089120,2.4634874446749575,,4,
shanghai,0073961,0089698,2.699520759406721,,3,
shanghai,0073982,0089398,1.8012897236524386,,3,
shanghai,0074020,0077144,1.2473268338778118,,3,
shanghai,0074031,0096988,2.3032245507371276,,3,
shanghai,0074086,0086669,0.9992580460251236,,3,
shanghai,0074089,0109526,2.371780707455402,,3,
shanghai,0074136,0115638,1.2569185308465072,,3,
shanghai,0074174,0074576,1.4538821554414398,,3,
shanghai,0074235,0109159,2.639045396157678,,3,
shanghai,0074239,0109526,2.804822131554558,,5,
shanghai,0074268,0159693,1.367655036290559,,3,
shanghai,0074302,0089678,0.9231558515178135,,3,
shanghai,0074310,0146739,2.0376278239309342,,3,
shanghai,0074310,0089239,1.7249925148180703,,3,
shanghai,0074327,0086224,1.3767080667377687,,3,
shanghai,0074342,0089245,1.7437645474140304,,4,
shanghai,0074344,0109634,1.5479363987077408,,3,
shanghai,0074417,0080660,2.7099530783031263,,3,
shanghai,0074417,0074418,2.474744034990807,,4,
shanghai,0074442,0074450,2.1283424054583184,,4,
shanghai,0074443,0089400,1.4297216746910388,,3,
shanghai,0074443,0074455,1.1649623022415976,,3,
shanghai,0074468,0074474,1.8879764399672294,,3,
shanghai,0074469,0074470,2.1656929803060225,,4,
shanghai,0074473,0074475,1.671461329244701,,3,
shanghai,0074474,0074475,7.616094942453261,,14,
shanghai,0074475,0089396,1.7115501088087712,,3,
shanghai,0074475,0113309,1.5268349008601554,,3,
shanghai,0074475,0112317,1.0950179088377412,,3,
shanghai,0074497,0170856,6.128522795757492,,9,
shanghai,0074497,0170855,3.217845919477369,,7,
shanghai,0074497,0170861,2.958087366963033,,5,
shanghai,0074497,0143430,2.9393140701398277,,4,
shanghai,0074525,0086387,1.280893596849961,,3,
shanghai,0074530,0117224,2.916745992327121,,4,
shanghai,0074532,0165886,1.8108615552320544,,3,
shanghai,0074536,0075141,3.1627239000791496,,4,
shanghai,0074540,0117683,2.4150340272327186,,4,
shanghai,0074541,0138988,1.338863224307031,,3,
shanghai,0074541,0118397,1.0836864337954317,,3,
shanghai,0074555,0117545,3.5076119378881154,,4,
shanghai,0074580,0083495,2.1810992000938256,,3,
shanghai,0074580,0086669,2.365632283192686,,5,
shanghai,0074588,0074995,1.1468768471202169,,3,
shanghai,0074588,0077121,4.0431745526761365,,6,
shanghai,0074588,0082844,1.5674922053247096,,3,
shanghai,0074588,0109187,1.8012891070051849,,3,
shanghai,0074588,0147738,1.4221578170859437,,3,
shanghai,0074588,0084675,3.2262505350215562,,4,
shanghai,0074588,0074777,2.655127108664454,,3,
shanghai,0074588,0075195,2.6079843400251006,,3,
shanghai,0074622,0100933,2.6494500558240914,,3,
shanghai,0074629,0143441,2.121177249045393,,4,
shanghai,0074646,0119253,2.796735366752367,,4,
shanghai,0074652,0146749,2.7915695082568,,3,
shanghai,0074693,0118465,1.9156384105853057,,3,
shanghai,0074693,0075040,1.3105830499115914,,3,
shanghai,0074694,0143455,2.1282497543517866,,3,
shanghai,0074708,0075397,2.8110303036971445,,5,
shanghai,0074708,0074763,2.2579154597255444,,3,
shanghai,0074742,0089443,4.950157451228051,,8,
shanghai,0074742,0074748,2.264794587703178,,3,
shanghai,0074743,0074747,2.8983852441879634,,3,
shanghai,0074743,0074744,3.4545106032962782,,4,
shanghai,0074744,0074747,4.706554872445119,,5,
shanghai,0074747,0074759,3.924100485254885,,5,
shanghai,0074748,0089443,2.057756415645572,,4,
shanghai,0074750,0089443,2.0159841502813083,,3,
shanghai,0074764,0089170,1.724875377670224,,3,
shanghai,0074774,0235085,2.0503903576374736,,3,
shanghai,0074774,0089622,2.004027585201215,,4,
shanghai,0074774,0134089,1.4202292516985717,,3,
shanghai,0074782,0086697,1.050417780529603,,3,
shanghai,0074782,0086695,1.255035831889417,,3,
shanghai,0074782,0075045,4.049965732887354,,5,
shanghai,0074848,0114476,0.9579787828057014,,3,
shanghai,0074859,0109561,1.0957722596434576,,3,
shanghai,0074880,0112429,2.325059921210866,,3,
shanghai,0074990,0075028,1.9047390985237431,,3,
shanghai,0074991,0102789,1.1178118260834073,,3,
shanghai,0074994,0083309,1.7448204663784481,,3,
shanghai,0074995,0082844,5.234224147360045,,7,
shanghai,0074995,0077121,2.560058696698755,,6,
shanghai,0074996,0078819,1.4397238291801502,,3,
shanghai,0074996,0075015,2.3446615296093167,,3,
shanghai,0074996,0089310,2.9365905802909786,,5,
shanghai,0074998,0075051,2.787671437479854,,4,
shanghai,0074999,0235111,1.6009265527825212,,3,
shanghai,0075000,0075001,6.637977557263973,,10,
shanghai,0075000,0235087,3.0366538112270076,,5,
shanghai,0075000,0090932,2.7303299546240574,,4,
shanghai,0075000,0146739,2.145312015841613,,3,
shanghai,0075002,0085770,3.089827309839025,,4,
shanghai,0075006,0075007,3.8978020270608855,,7,
shanghai,0075006,0118039,2.309449946099,,3,
shanghai,0075009,0236764,4.025565092221211,,8,
shanghai,0075009,0236760,3.7058143235931165,,5,
shanghai,0075009,0236762,2.7487509109429245,,5,
shanghai,0075009,0089110,2.587338799221026,,5,
shanghai,0075009,0144082,2.4216789534951713,,3,
shanghai,0075009,0089493,2.418985282195313,,4,
shanghai,0075009,0236761,1.7050439997384206,,3,
shanghai,0075012,0235089,2.731597906021232,,4,
shanghai,0075012,0088046,2.1772986340262004,,3,
shanghai,0075014,0096684,2.2210309885760786,,3,
shanghai,0075015,0089310,4.4542971965025675,,5,
shanghai,0075018,0075037,1.885543753385061,,3,
shanghai,0075020,0089420,1.4793974012118556,,3,
shanghai,0075020,0089038,2.216162421926609,,4,
shanghai,0075021,0089025,3.0962083216218304,,4,
shanghai,0075021,0109350,1.2503545546183776,,4,
shanghai,0075030,0075031,6.4908495955520245,,10,
shanghai,0075032,0118187,1.558275421743298,,3,
shanghai,0075032,0075034,5.15328175355586,,10,
shanghai,0075032,0089325,2.475581627569942,,3,
shanghai,0075033,0077190,1.7051642362278696,,3,
shanghai,0075039,0089020,2.0706873115524624,,3,
shanghai,0075041,0075043,4.048941445101237,,7,
shanghai,0075045,0086695,1.5647802237599078,,4,
shanghai,0075045,0086700,1.0829394811516067,,3,
shanghai,0075051,0164207,1.8650749980520163,,3,
shanghai,0075105,0153928,1.511182337914721,,3,
shanghai,0075167,0109099,1.8564982242629973,,3,
shanghai,0075173,0146708,1.3485055992942976,,3,
shanghai,0075182,0138846,1.675472913574366,,3,
shanghai,0075182,0154937,1.3283904931929054,,3,
shanghai,0075182,0138850,1.1424824390085098,,3,
shanghai,0075183,0152903,2.7031873303044307,,3,
shanghai,0075195,0082844,4.462516955231758,,6,
shanghai,0075195,0084675,1.6846344195447052,,3,
shanghai,0075334,0172512,2.038120023335043,,4,
shanghai,0075335,0077128,2.6623039376600213,,4,
shanghai,0075335,0089563,2.3144613394677815,,3,
shanghai,0075335,0118438,0.9839353864635785,,3,
shanghai,0075336,0075340,2.8938118821699432,,5,
shanghai,0075336,0172607,2.3423334861855323,,4,
shanghai,0075336,0176755,2.210971984859905,,3,
shanghai,0075336,0085822,2.048992089019166,,3,
shanghai,0075338,0143646,2.298385894116907,,5,
shanghai,0075338,0237367,1.985430150243633,,4,
shanghai,0075338,0159467,1.487577853095858,,3,
shanghai,0075338,0109205,1.4356558318991164,,3,
shanghai,0075340,0087212,1.5594584542577696,,3,
shanghai,0075342,0172534,2.2987679923054767,,3,
shanghai,0075342,0172533,2.0095405318007247,,4,
shanghai,0075343,0234881,1.9888793946793548,,4,
shanghai,0075344,0201716,9.93334306652334,,14,
shanghai,0075348,0089295,7.354339581111993,,13,
shanghai,0075348,0090885,2.3405102392190873,,3,
shanghai,0075379,0103333,2.3766789225202496,,3,
shanghai,0075379,0103330,2.244852479189751,,3,
shanghai,0075408,0092350,2.462499266409898,,3,
shanghai,0075440,0078820,1.7098097629501856,,3,
shanghai,0075553,0086387,2.5957442759711467,,4,
shanghai,0075553,0089445,1.95364526857743,,3,
shanghai,0075554,0086663,2.2745461262696787,,3,
shanghai,0075554,0086664,3.5648910347605822,,5,
shanghai,0075554,0077130,1.3740273448961464,,3,
shanghai,0075555,0086145,1.663557570331393,,3,
shanghai,0075555,0231643,1.1566268359165628,,3,
shanghai,0075556,0086224,4.681459207075199,,7,
shanghai,0075557,0235081,0.619957002882065,,3,
shanghai,0075557,0109272,1.2129982549746092,,3,
shanghai,0075558,0084144,3.036940461942942,,4,
shanghai,0075560,0075763,1.5029248483151512,,3,
shanghai,0075561,0143493,2.616608599829478,,4,
shanghai,0075561,0114345,2.554435039824569,,5,
shanghai,0075563,0114871,2.098040930113688,,3,
shanghai,0075620,0114275,0.7064336324193062,,3,
shanghai,0075697,0109245,3.1721634196610538,,4,
shanghai,0075728,0084694,3.1847992298791743,,5,
shanghai,0075731,0108947,2.232432654816679,,3,
shanghai,0075731,0114268,1.5810885318833523,,3,
shanghai,0075734,0078819,2.261089615237524,,3,
shanghai,0075740,0075879,4.834151695804838,,7,
shanghai,0075743,0235123,4.926880285302609,,6,
shanghai,0075743,0075750,5.108232891708015,,6,
shanghai,0075744,0097829,1.851974625749775,,3,
shanghai,0075747,0075787,4.419301247605351,,5,
shanghai,0075749,0235099,1.9654187599748338,,4,
shanghai,0075750,0235123,2.57537798401809,,3,
shanghai,0075750,0235124,2.437146117303624,,3,
shanghai,0075756,0075882,6.411183703027749,,8,
shanghai,0075756,0109295,2.666828022675764,,4,
shanghai,0075756,0086787,1.5282196441777525,,3,
shanghai,0075756,0084123,1.433073628885057,,3,
shanghai,0075757,0126733,3.0222648959089704,,4,
shanghai,0075757,0097809,2.5386676876684624,,4,
shanghai,0075782,0113453,1.9066705936374109,,3,
shanghai,0075786,0086419,3.396749788991344,,4,
shanghai,0075787,0118490,2.4210093464137232,,4,
shanghai,0075787,0089611,2.1137571578776058,,3,
shanghai,0075803,0077111,1.3654188274917356,,3,
shanghai,0075803,0109272,2.5904619589048887,,3,
shanghai,0075803,0075804,3.8493990596259593,,6,
shanghai,0075804,0235081,2.5070597180398444,,4,
shanghai,0075804,0077111,2.1916053666856725,,4,
shanghai,0075804,0077112,2.0617655082484987,,3,
shanghai,0075804,0077113,2.2648765685263657,,3,
shanghai,0075804,0109272,3.4951837499070764,,4,
shanghai,0075811,0109350,2.2932317773855675,,3,
shanghai,0075816,0235091,1.9417200621436814,,3,
shanghai,0075820,0077116,2.176380750440953,,4,
shanghai,0075820,0084090,1.6307494582210245,,3,
shanghai,0075820,0114345,1.470024257118289,,3,
shanghai,0075824,0084108,1.4967833482859085,,3,
shanghai,0075824,0235056,2.3954202496934225,,3,
shanghai,0075824,0091256,2.3325772429508222,,3,
shanghai,0075829,0108579,1.9086092210176666,,3,
shanghai,0075833,0084665,1.8734911445218434,,4,
shanghai,0075833,0114215,1.2128849570228915,,3,
shanghai,0075833,0083017,2.4432022482683378,,4,
shanghai,0075833,0114601,1.363677712227957,,3,
shanghai,0075833,0147754,0.9084345230217825,,3,
shanghai,0075851,0075852,2.552745511832642,,3,
shanghai,0075853,0075883,3.228203975784644,,4,
shanghai,0075853,0234930,2.022303994646302,,3,
shanghai,0075858,0086198,4.0575777813627925,,5,
shanghai,0075874,0235092,3.1956117432951534,,4,
shanghai,0075874,0235093,3.1539150655703367,,4,
shanghai,0075875,0235092,2.728618426095965,,4,
shanghai,0075875,0235093,2.1846861195115914,,3,
shanghai,0075875,0109236,2.6171492701068932,,3,
shanghai,0075875,0118696,1.49657871769913,,3,
shanghai,0075875,0133743,1.1610756476392678,,3,
shanghai,0075876,0155462,2.538289982353266,,3,
shanghai,0075877,0113526,1.3952450584311777,,3,
shanghai,0075877,0086664,2.292025346164788,,3,
shanghai,0075877,0109214,3.3119967400930324,,5,
shanghai,0075877,0109219,2.168509140915101,,3,
shanghai,0075882,0084123,1.7660406736337233,,3,
shanghai,0075883,0089445,2.5420502011788386,,3,
shanghai,0075883,0109110,2.630821710942357,,3,
shanghai,0075883,0084663,1.9297477803048912,,3,
shanghai,0075883,0109112,1.7856907184010546,,3,
shanghai,0075925,0235092,2.2989224955016505,,4,
shanghai,0075925,0235091,2.9944426711534518,,4,
shanghai,0075925,0086238,2.2930845705658998,,3,
shanghai,0075925,0087610,2.2850977726912576,,3,
shanghai,0075953,0075988,2.502656766693584,,3,
shanghai,0075967,0075968,2.6276566925554548,,3,
shanghai,0075968,0075983,3.206427734892471,,4,
shanghai,0076019,0120139,4.079652377890652,,5,
shanghai,0076374,0076440,2.7971112218438487,,4,
shanghai,0076555,0076557,5.61517582903399,,8,
shanghai,0076555,0089703,5.410207428892272,,6,
shanghai,0076555,0131121,2.39756467768462,,3,
shanghai,0076640,0076644,2.841886299435704,,3,
shanghai,0076773,0089057,5.321703238542145,,8,
shanghai,0076959,0076960,1.9695454270884432,,3,
shanghai,0076962,0076963,6.992258490697648,,9,
shanghai,0076965,0076967,2.228933940083377,,3,
shanghai,0076992,0146929,1.2342073950231887,,3,
shanghai,0076992,0204417,3.3957472875881556,,4,
shanghai,0076995,0158788,2.1627596392055835,,3,
shanghai,0076995,0203649,1.1655200759011126,,3,
shanghai,0076995,0203913,5.438111850201651,,9,
shanghai,0076995,0219149,2.2308431758051737,,3,
shanghai,0076995,0143841,1.6599014681120234,,4,
shanghai,0076997,0235046,7.269757517325203,,9,
shanghai,0076997,0235047,2.41385624953367,,3,
shanghai,0077081,0077121,2.8565934374170054,,3,
shanghai,0077085,0235110,3.2156162849958685,,7,
shanghai,0077085,0084659,1.5042362695939457,,3,
shanghai,0077086,0086196,5.1664897613082745,,9,
shanghai,0077086,0086198,2.481850157272361,,5,
shanghai,0077086,0077139,2.0974974279968395,,3,
shanghai,0077086,0086200,2.1330762484614394,,3,
shanghai,0077086,0117705,1.0978465896486858,,4,
shanghai,0077088,0109121,2.7635512487900047,,5,
shanghai,0077088,0235085,2.173038308063003,,4,
shanghai,0077088,0235087,2.5543012789477677,,4,
shanghai,0077088,0077147,2.188133477966245,,3,
shanghai,0077088,0088252,1.3705661005585852,,3,
shanghai,0077093,0085874,5.32991821016618,,10,
shanghai,0077093,0085876,3.0719428044976578,,5,
shanghai,0077093,0077099,2.397207893325308,,3,
shanghai,0077093,0077095,2.10936519686295,,3,
shanghai,0077094,0077095,3.0646566981922287,,4,
shanghai,0077094,0085874,2.4173527160323642,,5,
shanghai,0077094,0085876,2.1017747829585782,,3,
shanghai,0077095,0085874,4.340400011832526,,8,
shanghai,0077095,0085876,3.0836304722217673,,8,
shanghai,0077095,0085875,1.8122687651222995,,3,
shanghai,0077096,0085874,2.1324170948442376,,3,
shanghai,0077096,0085876,1.6462955367784982,,3,
shanghai,0077105,0085811,3.0359312396240803,,5,
shanghai,0077105,0085813,6.057291174069279,,10,
shanghai,0077105,0114226,2.048901612492559,,3,
shanghai,0077108,0085811,1.795384181773244,,3,
shanghai,0077108,0114401,1.467217008012072,,3,
shanghai,0077111,0085811,4.309628431360669,,7,
shanghai,0077111,0085813,8.674407828176067,,16,
shanghai,0077111,0077112,4.872037744835302,,7,
shanghai,0077111,0114226,4.106408475892223,,7,
shanghai,0077111,0085812,3.9831003488295975,,7,
shanghai,0077111,0109274,3.5042501030562843,,5,
shanghai,0077111,0114227,3.1605794010459203,,7,
shanghai,0077111,0114337,3.094162241629909,,4,
shanghai,0077111,0114224,2.364734520917365,,4,
shanghai,0077111,0235084,1.2596530084188609,,4,
shanghai,0077112,0117101,0.9603339533836934,,3,
shanghai,0077112,0085811,2.7571317843398626,,6,
shanghai,0077112,0085812,5.392313213505473,,10,
shanghai,0077112,0100696,1.834791611939885,,3,
shanghai,0077112,0085813,5.008291415748019,,10,
shanghai,0077112,0114337,4.094866017997934,,8,
shanghai,0077112,0114226,2.5403927429041984,,5,
shanghai,0077112,0109272,2.326428363373426,,5,
shanghai,0077112,0114227,2.129794428660918,,5,
shanghai,0077112,0109274,1.5102430236397972,,4,
shanghai,0077113,0235081,0.7883425510192983,,3,
shanghai,0077113,0085811,2.5589483076088415,,5,
shanghai,0077113,0085812,1.0109288162377799,,3,
shanghai,0077113,0085813,3.2766478254285554,,6,
shanghai,0077114,0114232,2.9902333624648176,,4,
shanghai,0077114,0114233,2.438502763507935,,4,
shanghai,0077114,0114237,1.7133550646602589,,3,
shanghai,0077115,0114233,2.6145976101443007,,4,
shanghai,0077115,0114234,1.8611880923412052,,3,
shanghai,0077116,0143637,2.0941642259751534,,3,
shanghai,0077116,0114234,4.610568441913754,,7,
shanghai,0077116,0077117,4.022814259275508,,5,
shanghai,0077116,0114233,3.002971133718302,,4,
shanghai,0077116,0084090,2.918271489232034,,6,
shanghai,0077116,0114237,2.1380238978712187,,5,
shanghai,0077116,0232288,1.6834238761978542,,4,
shanghai,0077117,0084661,1.2364225670280498,,3,
shanghai,0077117,0225261,1.0917923610944822,,3,
shanghai,0077117,0143637,1.828337029543437,,3,
shanghai,0077117,0114345,1.4187020941663202,,3,
shanghai,0077117,0084090,2.4734575980966307,,5,
shanghai,0077117,0114233,2.4395962702227045,,4,
shanghai,0077117,0114237,3.4262276434293844,,6,
shanghai,0077117,0114234,2.9999774730035402,,5,
shanghai,0077117,0234657,1.9210335360873725,,4,
shanghai,0077117,0109183,1.7742417486442483,,3,
shanghai,0077117,0089706,1.6307356374116893,,3,
shanghai,0077118,0114232,1.6927198306284668,,3,
shanghai,0077118,0114233,1.3420364863634386,,3,
shanghai,0077119,0084661,0.9058105240081133,,3,
shanghai,0077119,0114345,1.9404552245773337,,4,
shanghai,0077119,0114232,1.8440587405347661,,4,
shanghai,0077119,0114344,1.573114163390986,,3,
shanghai,0077121,0084117,10.674650221608621,,17,
shanghai,0077121,0084675,7.894345366829034,,14,
shanghai,0077121,0109188,4.872025966042397,,7,
shanghai,0077121,0147737,4.601246890744267,,11,
shanghai,0077121,0082844,3.467328115441616,,5,
shanghai,0077121,0109187,3.3643314177115107,,5,
shanghai,0077121,0232364,2.5555552276277957,,5,
shanghai,0077121,0089736,2.169128567807372,,3,
shanghai,0077121,0147738,2.1175085635978927,,4,
shanghai,0077121,0172586,1.786109399814368,,3,
shanghai,0077123,0109187,2.4027958572745485,,4,
shanghai,0077125,0086159,2.626810874576903,,4,
shanghai,0077125,0086155,3.427728894143131,,7,
shanghai,0077125,0086154,1.5512312697697481,,3,
shanghai,0077128,0086155,6.10395015691379,,9,
shanghai,0077128,0084120,2.5937612856714756,,5,
shanghai,0077128,0118438,1.353956204683704,,3,
shanghai,0077129,0086823,1.6981493927780245,,3,
shanghai,0077129,0086664,5.210855604063514,,10,
shanghai,0077129,0089352,1.449972623836504,,3,
shanghai,0077129,0164990,1.408675139718464,,4,
shanghai,0077129,0077132,1.9546128352915082,,4,
shanghai,0077129,0084656,4.995631940427717,,9,
shanghai,0077129,0084710,2.101815270684694,,3,
shanghai,0077129,0129089,1.9127844089683117,,3,
shanghai,0077129,0077130,1.502642793498742,,3,
shanghai,0077129,0147701,1.4239743254654407,,3,
shanghai,0077130,0086664,2.403502471346208,,4,
shanghai,0077130,0177578,2.5624296892932814,,3,
shanghai,0077130,0084656,3.4356993411339856,,5,
shanghai,0077130,0084710,2.7890404365486665,,5,
shanghai,0077130,0113528,1.390451273172043,,3,
shanghai,0077130,0091088,3.022408749642495,,4,
shanghai,0077132,0086663,4.210791228546163,,9,
shanghai,0077132,0147702,3.2174926125557777,,5,
shanghai,0077132,0086664,6.4909288533725595,,11,
shanghai,0077132,0089352,2.2197316819265347,,3,
shanghai,0077132,0177578,2.2078962241994606,,5,
shanghai,0077132,0118436,1.499645512438249,,3,
shanghai,0077132,0164990,0.8679345561314755,,3,
shanghai,0077132,0084656,3.610297603739316,,6,
shanghai,0077132,0129089,1.7047008182720447,,3,
shanghai,0077132,0147703,1.037225615117225,,3,
shanghai,0077133,0114220,2.235297524379078,,5,
shanghai,0077133,0114219,1.9747891529917112,,4,
shanghai,0077137,0084659,2.1447500281411296,,3,
shanghai,0077139,0077141,2.629249977189862,,5,
shanghai,0077139,0086196,5.8293129664383185,,12,
shanghai,0077139,0086198,12.799754727906347,,23,
shanghai,0077139,0086201,3.365670742508902,,5,
shanghai,0077139,0129092,1.6687638238505986,,3,
shanghai,0077139,0118962,1.5062243302697977,,3,
shanghai,0077140,0086196,3.831076145013997,,6,
shanghai,0077140,0086198,5.841414009327518,,11,
shanghai,0077140,0147768,1.5979507210273032,,4,
shanghai,0077140,0234656,1.2829477492931125,,3,
shanghai,0077141,0086198,15.284232227100116,,25,
shanghai,0077141,0086196,5.3817526207871165,,9,
shanghai,0077141,0084662,3.444768439119065,,9,
shanghai,0077141,0089613,2.7274746646021044,,5,
shanghai,0077141,0234656,2.234157298079657,,5,
shanghai,0077141,0086201,1.618746494467118,,4,
shanghai,0077141,0086200,1.3956747557742455,,3,
shanghai,0077141,0086199,1.3755073749713265,,3,
shanghai,0077143,0114475,2.039966421468134,,3,
shanghai,0077144,0114475,10.00354448926506,,16,
shanghai,0077144,0114476,4.2439602277042825,,6,
shanghai,0077144,0109098,2.5463497150649483,,4,
shanghai,0077145,0109121,3.6561820776781895,,6,
shanghai,0077145,0077148,1.2085975472501775,,3,
shanghai,0077148,0235085,2.3071137915903708,,4,
shanghai,0077148,0235087,2.7995067356625203,,4,
shanghai,0077148,0117883,0.8418828505390381,,3,
shanghai,0077150,0086152,1.7672770699242268,,4,
shanghai,0077150,0114531,7.450836969280315,,14,
shanghai,0077150,0114529,5.304821616889583,,8,
shanghai,0077150,0114533,1.6644615035837476,,3,
shanghai,0077152,0086152,1.7848828176272196,,5,
shanghai,0077152,0114531,5.3665704650520185,,10,
shanghai,0077152,0114529,3.476490313669607,,6,
shanghai,0077152,0089725,2.0083843316150594,,3,
shanghai,0077155,0086415,2.9821353390271836,,5,
shanghai,0077156,0086419,7.210486992868834,,13,
shanghai,0077156,0086415,4.993130212217498,,9,
shanghai,0077156,0077158,3.473356636741018,,6,
shanghai,0077156,0086421,2.4300526019790563,,6,
shanghai,0077156,0084622,1.9746386874108013,,4,
shanghai,0077156,0084624,1.7981046419282687,,3,
shanghai,0077156,0109083,1.71535128557809,,3,
shanghai,0077156,0109085,1.7150268548321879,,3,
shanghai,0077156,0224841,1.4528336559212005,,3,
shanghai,0077158,0086415,9.692465155961802,,17,
shanghai,0077158,0086417,3.8446903931844023,,7,
shanghai,0077158,0077159,3.6995654029327705,,5,
shanghai,0077158,0147800,1.9474579701614654,,3,
shanghai,0077158,0086419,1.8154691266603669,,3,
shanghai,0077158,0084622,1.6710321854473125,,3,
shanghai,0077158,0077473,1.525726583393204,,3,
shanghai,0077158,0109083,1.4178409387621853,,3,
shanghai,0077158,0087201,1.1145030900283281,,3,
shanghai,0077160,0235106,1.9360253471125042,,4,
shanghai,0077160,0085975,2.030464116105139,,3,
shanghai,0077161,0077162,2.4584401431892307,,3,
shanghai,0077162,0109082,4.445639231555237,,6,
shanghai,0077162,0109557,1.508941391797903,,3,
shanghai,0077162,0219954,1.499999691042159,,3,
shanghai,0077162,0235106,2.4379333363763855,,5,
shanghai,0077162,0235105,2.6712556127961653,,4,
shanghai,0077162,0085977,2.4764634628451456,,3,
shanghai,0077162,0085975,2.4402071672724475,,5,
shanghai,0077162,0207493,2.3622366625096696,,3,
shanghai,0077162,0084713,1.480390802234393,,3,
shanghai,0077164,0146744,2.0628480471552884,,4,
shanghai,0077164,0084104,1.9201285613307206,,3,
shanghai,0077164,0088124,1.694229073405113,,3,
shanghai,0077164,0077167,1.1894364612728185,,3,
shanghai,0077166,0235102,4.350480394429305,,8,
shanghai,0077166,0235104,1.071316783107412,,3,
shanghai,0077166,0172595,1.6100805319855596,,3,
shanghai,0077167,0084104,5.920580955387247,,9,
shanghai,0077167,0077169,3.073143597034918,,5,
shanghai,0077167,0231688,1.4479418442337315,,3,
shanghai,0077167,0109357,1.3177502239050307,,3,
shanghai,0077167,0118448,0.8946323481991241,,4,
shanghai,0077172,0117119,1.5428964392694724,,3,
shanghai,0077175,0146749,1.3353083637211713,,3,
shanghai,0077175,0084108,3.0832888231352134,,5,
shanghai,0077175,0084109,2.3376609971968714,,4,
shanghai,0077175,0165040,1.0359949469166747,,3,
shanghai,0077176,0084108,2.520263234699364,,4,
shanghai,0077180,0077189,2.0551949495028,,3,
shanghai,0077181,0164332,3.039046733168874,,6,
shanghai,0077181,0086715,1.5155966439168758,,3,
shanghai,0077184,0086715,1.2884485130378662,,3,
shanghai,0077184,0114725,1.5495917689652274,,4,
shanghai,0077188,0164332,2.9874199985320016,,5,
shanghai,0077188,0086715,1.1845855292841898,,3,
shanghai,0077188,0114726,1.4604929217342515,,3,
shanghai,0077188,0114716,1.3055238693472153,,3,
shanghai,0077189,0086714,0.8160381342769958,,3,
shanghai,0077189,0086787,2.01362635818942,,3,
shanghai,0077189,0086715,1.960903178920574,,5,
shanghai,0077190,0084699,1.4925952495794346,,3,
shanghai,0077190,0086688,1.5507005259888986,,3,
shanghai,0077190,0084136,2.736062057288289,,5,
shanghai,0077190,0097847,1.998981496423998,,3,
shanghai,0077190,0097848,1.5659235535982403,,3,
shanghai,0077191,0084699,2.1570352155663723,,6,
shanghai,0077191,0235666,2.5786936963794806,,4,
shanghai,0077191,0086688,3.177436321929138,,7,
shanghai,0077191,0084136,1.622995884843,,4,
shanghai,0077191,0097847,1.1138959378114954,,3,
shanghai,0077191,0114348,3.924033233746922,,7,
shanghai,0077191,0235668,3.2281669493793883,,6,
shanghai,0077191,0077194,2.4480216232857934,,4,
shanghai,0077191,0143687,1.8524145830193106,,3,
shanghai,0077191,0086691,1.554782271410754,,3,
shanghai,0077191,0155728,1.277006262155055,,3,
shanghai,0077191,0199037,1.2448015658839557,,3,
shanghai,0077191,0115536,1.2433614362198953,,3,
shanghai,0077191,0090368,0.7475434851461495,,3,
shanghai,0077194,0084699,3.43679038902068,,7,
shanghai,0077194,0084136,1.3742625810511182,,3,
shanghai,0077196,0084696,2.1072712584958264,,4,
shanghai,0077196,0115587,3.826905598018256,,6,
shanghai,0077196,0115589,2.217086049734892,,4,
shanghai,0077196,0097834,1.8395866298908494,,3,
shanghai,0077197,0084696,2.4673952595793667,,4,
shanghai,0077197,0115587,3.2037383692581525,,6,
shanghai,0077200,0086697,2.3397830861543683,,4,
shanghai,0077200,0086695,1.6964614000675668,,3,
shanghai,0077202,0086697,5.851851854899103,,13,
shanghai,0077205,0084143,6.967998464366558,,11,
shanghai,0077205,0084698,2.875069545185457,,6,
shanghai,0077205,0173237,2.2079589059044764,,4,
shanghai,0077205,0201445,1.740662538811748,,3,
shanghai,0077205,0097836,1.4370184648246558,,3,
shanghai,0077205,0089119,1.3517392522145455,,3,
shanghai,0077206,0084143,2.3061951212274394,,3,
shanghai,0077206,0201445,1.4615641341462369,,3,
shanghai,0077210,0113762,5.828676232199321,,10,
shanghai,0077210,0113761,6.238773947578539,,12,
shanghai,0077210,0113763,4.950132829515722,,7,
shanghai,0077210,0113815,2.2659972363012857,,3,
shanghai,0077210,0113814,2.1605168392394885,,3,
shanghai,0077210,0165045,2.0272437577248867,,6,
shanghai,0077210,0077214,1.900737547933537,,4,
shanghai,0077210,0113760,1.8815445959717143,,4,
shanghai,0077210,0165083,1.5136581667499955,,3,
shanghai,0077210,0089188,1.2036127108809678,,3,
shanghai,0077211,0113761,1.1476527914194339,,3,
shanghai,0077211,0084725,2.0511321210384015,,3,
shanghai,0077211,0086061,1.463561832406313,,3,
shanghai,0077214,0165045,1.5812565312686249,,3,
shanghai,0077216,0082492,2.4213782641530583,,4,
shanghai,0077216,0143169,1.3948510541351415,,3,
shanghai,0077216,0219985,1.036624061598661,,3,
shanghai,0077217,0164678,2.2809169736743016,,3,
shanghai,0077217,0109587,1.5285320724644809,,3,
shanghai,0077217,0079172,1.2802824569695153,,3,
shanghai,0077217,0079170,1.2483365496438579,,4,
shanghai,0077223,0082471,3.709027446038048,,7,
shanghai,0077235,0089372,1.5433737587133196,,3,
shanghai,0077235,0085762,1.436169579504591,,3,
shanghai,0077235,0118465,1.4110408895000135,,3,
shanghai,0077270,0077271,3.43644177308509,,5,
shanghai,0077270,0077273,1.4412424060802393,,3,
shanghai,0077270,0077272,1.280012280136154,,3,
shanghai,0077271,0077273,2.146220911086806,,5,
shanghai,0077271,0077272,1.9957004001281442,,4,
shanghai,0077439,0235089,2.0884667089523856,,4,
shanghai,0077442,0085770,1.819219574540048,,3,
shanghai,0077442,0235099,1.9897489782875803,,4,
shanghai,0077458,0083119,2.5702713035490126,,3,
shanghai,0077466,0083507,1.405383072220905,,3,
shanghai,0077473,0086415,1.8869396228289883,,4,
shanghai,0077617,0077618,1.4078834806606282,,3,
shanghai,0078681,0078699,3.2171777344241383,,4,
shanghai,0078681,0078714,2.5380355036295166,,4,
shanghai,0078681,0078704,2.4655843072676404,,4,
shanghai,0078681,0078713,2.151151145196933,,3,
shanghai,0078681,0078711,2.039679660249641,,3,
shanghai,0078681,0078710,1.746779517833161,,3,
shanghai,0078693,0078699,2.7746673623896707,,5,
shanghai,0078693,0078704,3.5913559847753564,,5,
shanghai,0078693,0078710,2.967299643367713,,4,
shanghai,0078693,0078709,2.2178436336713814,,3,
shanghai,0078696,0078711,1.9439958424730697,,3,
shanghai,0078697,0078704,1.9769848959464364,,3,
shanghai,0078697,0078710,2.435370800115044,,3,
shanghai,0078698,0078711,2.1027890817118453,,4,
shanghai,0078698,0078700,2.362864695564147,,3,
shanghai,0078699,0078711,2.1675783692992083,,3,
shanghai,0078700,0089384,2.064893153458219,,3,
shanghai,0078702,0078710,3.269096078226269,,4,
shanghai,0078702,0078713,2.2411877853573583,,3,
shanghai,0078704,0078708,2.730853384322078,,3,
shanghai,0078706,0078710,3.10229241426285,,5,
shanghai,0078706,0078711,3.223135404650218,,5,
shanghai,0078706,0078709,2.45237205926631,,3,
shanghai,0078706,0078707,4.602635500583915,,6,
shanghai,0078709,0113063,1.2900868804128829,,3,
shanghai,0078709,0078714,1.9679562172413088,,3,
shanghai,0078710,0078711,2.6175518854874085,,3,
shanghai,0078713,0089384,2.8080465023977887,,3,
shanghai,0078713,0078714,2.397058475923257,,3,
shanghai,0078747,0078752,2.3798608797550878,,4,
shanghai,0078754,0078755,1.5416764515060621,,3,
shanghai,0078818,0078819,5.467738043150883,,7,
shanghai,0078818,0078820,1.8448486344820396,,3,
shanghai,0078819,0078820,9.205331124369017,,13,
shanghai,0078819,0086151,2.6523243180572047,,4,
shanghai,0078819,0086152,2.524651183020311,,4,
shanghai,0078819,0117558,1.4255471225107783,,3,
shanghai,0078819,0118564,0.8691863838501415,,3,
shanghai,0078820,0086148,1.6153349910353554,,3,
shanghai,0078820,0234894,1.4207909999616593,,3,
shanghai,0078827,0147394,1.8686559946295107,,3,
shanghai,0078828,0078829,2.8621838374641704,,4,
shanghai,0078828,0078830,2.49486598719286,,4,
shanghai,0078829,0078830,2.18911946628693,,3,
shanghai,0078840,0078843,2.197039493567842,,3,
shanghai,0078841,0078843,2.1387909634020135,,3,
shanghai,0078841,0147389,1.7687535760568955,,3,
shanghai,0078841,0078845,1.6162288779431069,,3,
shanghai,0078843,0078844,3.931273449359767,,5,
shanghai,0078844,0147394,1.5254888891586755,,3,
shanghai,0078863,0078878,2.334870487576856,,4,
shanghai,0078863,0078865,2.3134491778322412,,3,
shanghai,0078863,0078867,2.283456344581822,,3,
shanghai,0078863,0078883,1.6148853218982346,,3,
shanghai,0078863,0078879,1.5723622438348142,,3,
shanghai,0078865,0078883,2.9476008568657557,,5,
shanghai,0078865,0078878,1.6837588784168953,,4,
shanghai,0078866,0078867,1.6306363159051855,,4,
shanghai,0078867,0078878,1.3033728095501655,,3,
shanghai,0078878,0078880,2.795056059323069,,4,
shanghai,0078879,0078880,2.6899786343469105,,5,
shanghai,0078886,0078888,1.2335662278290351,,3,
shanghai,0078927,0078931,1.2262559276815745,,3,
shanghai,0078927,0078930,4.208111721121465,,7,
shanghai,0078927,0109245,2.5725054064089967,,4,
shanghai,0078927,0078928,2.2621486972798586,,4,
shanghai,0078928,0078929,2.0303739315290557,,3,
shanghai,0078928,0078930,1.6746286935836223,,3,
shanghai,0078929,0078931,2.2488945032843732,,4,
shanghai,0078929,0078930,1.5844957012677452,,3,
shanghai,0078930,0078931,2.4461069044181665,,4,
shanghai,0078931,0109245,2.1325364059943475,,3,
shanghai,0078933,0078936,12.90664000728591,,16,
shanghai,0078933,0100446,4.90478493978622,,9,
shanghai,0078933,0100452,4.715922340152631,,11,
shanghai,0078933,0109248,3.0872519554287194,,4,
shanghai,0078933,0100454,2.8775018819857525,,5,
shanghai,0078933,0100448,2.7878102500144637,,5,
shanghai,0078934,0078936,9.976150376112143,,12,
shanghai,0078934,0100450,2.057449148114198,,3,
shanghai,0078934,0100452,1.9761486283968641,,3,
shanghai,0078934,0100454,1.6450943732269028,,3,
shanghai,0078934,0109248,2.0219662698697194,,3,
shanghai,0078936,0100446,5.583372861012198,,9,
shanghai,0078936,0109250,4.244136980148865,,6,
shanghai,0078936,0100454,3.728896002865166,,5,
shanghai,0078950,0078952,10.98478742506451,,15,
shanghai,0078950,0078951,2.886676297234297,,5,
shanghai,0078951,0078952,4.8347341369234655,,6,
shanghai,0078956,0100792,1.9241231783864263,,3,
shanghai,0078957,0103492,1.954067359456027,,3,
shanghai,0078957,0100793,6.66287310685696,,8,
shanghai,0078957,0100786,6.182385766163291,,7,
shanghai,0078957,0100788,3.379244578256371,,5,
shanghai,0078958,0078963,1.2725830113142327,,3,
shanghai,0078958,0078969,2.4566285584433296,,4,
shanghai,0078958,0078959,2.1341380788047632,,4,
shanghai,0078959,0078961,2.362319496252652,,5,
shanghai,0078961,0078969,2.3591410790717364,,4,
shanghai,0078961,0078962,2.115148781385456,,5,
shanghai,0078961,0078968,1.5853444005734199,,3,
shanghai,0078962,0078969,3.351610618881553,,6,
shanghai,0078965,0078969,1.972229056075297,,3,
shanghai,0079002,0079003,1.444200901527507,,3,
shanghai,0079003,0079006,1.577360653864036,,3,
shanghai,0079035,0115635,2.7860758403531545,,4,
shanghai,0079035,0079037,1.6249750234675664,,3,
shanghai,0079037,0235123,1.9051044000974904,,4,
shanghai,0079037,0115635,1.9830323186272345,,5,
shanghai,0079037,0084681,1.4060821487337378,,3,
shanghai,0079061,0079062,2.632168491186053,,5,
shanghai,0079061,0079068,3.5033454720455213,,5,
shanghai,0079061,0079064,1.9206344581868935,,4,
shanghai,0079062,0079069,3.7634269356480976,,6,
shanghai,0079062,0079064,3.1101828706471184,,5,
shanghai,0079062,0079066,1.9618471383000644,,3,
shanghai,0079062,0079065,1.6150355831324694,,3,
shanghai,0079064,0079066,4.582515962889739,,7,
shanghai,0079064,0079068,1.3230951357821947,,3,
shanghai,0079065,0079068,3.624141295832799,,5,
shanghai,0079112,0079113,1.3678331993876924,,3,
shanghai,0079137,0079139,1.9241970922144338,,3,
shanghai,0079140,0079145,2.1074469720917732,,4,
shanghai,0079165,0079170,4.080544296407446,,7,
shanghai,0079165,0079172,1.7945546567902206,,3,
shanghai,0079165,0079174,2.125643574911717,,4,
shanghai,0079165,0085538,1.6368214613278815,,3,
shanghai,0079165,0079167,1.5673640774805768,,4,
shanghai,0079167,0079170,1.6701743881834745,,4,
shanghai,0079167,0109587,1.24007822217117,,3,
shanghai,0079167,0079174,2.4941931205689776,,4,
shanghai,0079167,0172965,0.9428051022291616,,3,
shanghai,0079170,0082492,2.0203928296342046,,3,
shanghai,0079170,0079172,5.43204380855473,,10,
shanghai,0079170,0079174,4.512735544503034,,7,
shanghai,0079170,0109587,3.873441223527953,,6,
shanghai,0079170,0165097,1.0549634257978062,,3,
shanghai,0079172,0164693,2.6280644015754087,,4,
shanghai,0079172,0085538,1.804878777497223,,4,
shanghai,0079174,0109587,3.258264315416759,,6,
shanghai,0079196,0079198,1.8133946731583828,,3,
shanghai,0079219,0079220,1.786088083217431,,3,
shanghai,0079223,0079238,1.831256377855969,,3,
shanghai,0079229,0109334,2.4393628187997134,,3,
shanghai,0079233,0084688,2.7629191641498836,,4,
shanghai,0079233,0079235,2.1630211558207546,,3,
shanghai,0079233,0079236,1.8761000672039447,,3,
shanghai,0079234,0147008,1.542904450323752,,3,
shanghai,0079234,0089768,1.4635739122823765,,3,
shanghai,0079235,0197273,2.014929996872378,,3,
shanghai,0079263,0103492,1.949473144694149,,3,
shanghai,0079265,0079305,2.9401153767813053,,4,
shanghai,0079266,0079305,0.90913219964891,,3,
shanghai,0079266,0079267,3.30715728654227,,4,
shanghai,0079267,0079279,2.142328637754277,,4,
shanghai,0079267,0079271,3.089670157927966,,4,
shanghai,0079270,0079312,1.7288780131216739,,3,
shanghai,0079271,0079304,0.8566704540692874,,3,
shanghai,0079275,0079304,1.418561692379382,,3,
shanghai,0079277,0079279,4.2325577106750005,,7,
shanghai,0079277,0079315,2.479528163024495,,5,
shanghai,0079279,0079286,2.58936438321627,,4,
shanghai,0079279,0079285,2.2524701070614523,,4,
shanghai,0079279,0079315,1.6048553432779107,,4,
shanghai,0079285,0079315,1.3158509985412428,,4,
shanghai,0079286,0079305,1.65958281431557,,3,
shanghai,0079286,0079304,2.054759774584188,,3,
shanghai,0079297,0079305,1.6734043382620485,,3,
shanghai,0079297,0079304,2.147841728522945,,4,
shanghai,0079304,0079305,2.411950108089557,,4,
shanghai,0079304,0079306,2.4864476556212,,4,
shanghai,0079305,0079312,2.6218723929517083,,4,
shanghai,0079305,0079310,1.8374335799312023,,3,
shanghai,0079305,0165059,1.0642615081014721,,3,
shanghai,0079310,0079312,3.7385444817581055,,5,
shanghai,0079345,0079347,2.8793673175643675,,4,
shanghai,0079426,0079471,2.4271138455233787,,3,
shanghai,0079429,0079482,2.0865740287871066,,3,
shanghai,0079432,0079436,2.5249379012558157,,3,
shanghai,0079476,0079488,1.6452675547628763,,3,
shanghai,0079477,0079489,4.142405573328942,,5,
shanghai,0079604,0079617,4.054774447228321,,7,
shanghai,0079660,0086603,1.9507318804051021,,3,
shanghai,0079667,0193567,3.493228965369373,,4,
shanghai,0079676,0170893,2.2202047261471156,,3,
shanghai,0079784,0079810,1.5435062480710207,,3,
shanghai,0079784,0079813,1.7876016255841654,,3,
shanghai,0079784,0079801,1.7405592761200934,,3,
shanghai,0079784,0079802,4.4897376464616725,,6,
shanghai,0079784,0079803,3.9800426005855045,,6,
shanghai,0079784,0079796,2.6343936357487383,,3,
shanghai,0079784,0079787,1.7837353099631088,,3,
shanghai,0079784,0079805,1.742219355889209,,3,
shanghai,0079785,0079789,2.6099057191243604,,4,
shanghai,0079785,0079790,2.562247282326325,,4,
shanghai,0079785,0079786,2.5302597343153037,,3,
shanghai,0079785,0079806,1.9296882708038678,,3,
shanghai,0079785,0079791,1.7874584705532222,,5,
shanghai,0079786,0079813,1.6691367117203555,,3,
shanghai,0079786,0079802,2.07978790523471,,3,
shanghai,0079786,0079806,3.963573245010121,,7,
shanghai,0079786,0079790,1.4310339391308664,,3,
shanghai,0079787,0079798,4.294932822795032,,6,
shanghai,0079787,0089059,1.7294550143979677,,3,
shanghai,0079787,0079810,14.127869814987136,,21,
shanghai,0079787,0079804,2.7179580921206217,,6,
shanghai,0079787,0079807,8.503040955801975,,13,
shanghai,0079787,0079808,5.29684349037664,,10,
shanghai,0079787,0079792,4.416901674109297,,7,
shanghai,0079787,0079793,4.322406722476829,,7,
shanghai,0079787,0079795,3.9999805503485644,,6,
shanghai,0079787,0079796,1.8416806750161494,,3,
shanghai,0079787,0079803,1.6280647109909239,,4,
shanghai,0079787,0079809,1.5650722704061168,,3,
shanghai,0079787,0109289,1.4771660209792121,,3,
shanghai,0079788,0079798,3.4650777873666394,,5,
shanghai,0079788,0079804,1.099537562636708,,3,
shanghai,0079788,0079791,1.3075663410795026,,3,
shanghai,0079788,0079799,4.07283555211804,,6,
shanghai,0079788,0079795,2.6626240387528495,,4,
shanghai,0079788,0079793,2.2590097419291104,,5,
shanghai,0079788,0079800,1.9876366466655715,,3,
shanghai,0079788,0079792,1.144585088450077,,3,
shanghai,0079789,0079813,1.726487824345873,,4,
shanghai,0079789,0079801,2.0279936128124696,,3,
shanghai,0079789,0079812,2.2774151399880873,,3,
shanghai,0079789,0079802,10.39325419037417,,14,
shanghai,0079789,0079805,12.940038741164138,,20,
shanghai,0079789,0079791,3.868426033106678,,7,
shanghai,0079789,0079800,3.821045981816195,,7,
shanghai,0079789,0079809,1.1360448516140829,,3,
shanghai,0079790,0079812,2.7448649214380354,,4,
shanghai,0079790,0079806,2.8368729819920526,,6,
shanghai,0079791,0079798,3.3703917405923685,,8,
shanghai,0079791,0079816,2.6599509606918277,,6,
shanghai,0079791,0079813,4.266716230804213,,8,
shanghai,0079791,0079801,4.230335147675101,,7,
shanghai,0079791,0079802,8.477991795482195,,12,
shanghai,0079791,0079803,3.490085750626864,,6,
shanghai,0079791,0079805,10.554889723643194,,19,
shanghai,0079791,0079800,3.093551868362807,,7,
shanghai,0079791,0079806,2.044842619680466,,5,
shanghai,0079791,0089441,1.7184833288649588,,3,
shanghai,0079791,0079811,1.384238400581185,,3,
shanghai,0079791,0079815,1.3440986482561135,,3,
shanghai,0079792,0079798,4.240471939394945,,7,
shanghai,0079792,0079804,5.323735498444625,,9,
shanghai,0079792,0079803,1.6850146502178212,,3,
shanghai,0079792,0079793,12.604853461422989,,19,
shanghai,0079792,0079807,4.484371470747747,,7,
shanghai,0079792,0079795,2.3864933406581996,,3,
shanghai,0079792,0109290,2.1959281610343413,,5,
shanghai,0079793,0079798,5.146979273136384,,9,
shanghai,0079793,0079816,2.2136894099932625,,4,
shanghai,0079793,0079810,3.6390562737329724,,7,
shanghai,0079793,0079804,7.2799230234463765,,11,
shanghai,0079793,0079795,2.378930159098527,,4,
shanghai,0079793,0079807,2.3729381865758667,,4,
shanghai,0079793,0079799,1.751458954279852,,3,
shanghai,0079793,0079815,1.4704382923043786,,3,
shanghai,0079794,0079801,2.0509539855398087,,3,
shanghai,0079794,0079796,2.6422890802537937,,3,
shanghai,0079794,0079808,1.8226639807549778,,3,
shanghai,0079794,0109289,1.3415772679228433,,3,
shanghai,0079794,0146719,2.2365407063654748,,4,
shanghai,0079795,0079798,3.5285154600043294,,7,
shanghai,0079795,0079816,2.329625780559323,,4,
shanghai,0079795,0079810,1.501220488973197,,3,
shanghai,0079795,0079804,1.6913262910988358,,3,
shanghai,0079795,0079796,1.8287554860525503,,3,
shanghai,0079795,0079799,2.7058494117472316,,4,
shanghai,0079795,0079800,1.7872679747027218,,3,
shanghai,0079797,0079813,1.358659538254946,,3,
shanghai,0079797,0079812,3.8318532063766364,,5,
shanghai,0079797,0079805,1.4359540061613494,,3,
shanghai,0079797,0079806,2.7415109789882934,,4,
shanghai,0079797,0079814,5.567756131198127,,8,
shanghai,0079798,0079805,8.473922908353192,,13,
shanghai,0079798,0079804,7.429156028185843,,11,
shanghai,0079798,0079807,7.339325444248985,,12,
shanghai,0079798,0079801,6.581956325650532,,11,
shanghai,0079798,0079803,6.001862771521106,,12,
shanghai,0079798,0079810,4.177051044546631,,8,
shanghai,0079798,0079816,3.8156720597866975,,7,
shanghai,0079798,0079813,3.7139050411230303,,6,
shanghai,0079798,0109290,3.5845392022371647,,6,
shanghai,0079800,0079813,1.4304401502976676,,3,
shanghai,0079800,0079801,1.7610476489753564,,3,
shanghai,0079800,0079802,3.173298495498439,,5,
shanghai,0079800,0079805,5.288695677444195,,10,
shanghai,0079800,0079808,0.9426542508818712,,3,
shanghai,0079801,0079816,2.2188323098451526,,4,
shanghai,0079801,0079813,12.318180604393698,,18,
shanghai,0079801,0079805,7.375864670101964,,11,
shanghai,0079801,0079802,2.651423730554812,,5,
shanghai,0079801,0146719,1.9550593166878252,,3,
shanghai,0079801,0079812,1.7930087316869088,,3,
shanghai,0079801,0107268,1.4683914254500285,,3,
shanghai,0079801,0079806,1.448549364210342,,4,
shanghai,0079802,0079813,3.58009392009726,,6,
shanghai,0079802,0079805,6.317337640741903,,13,
shanghai,0079802,0109291,2.4904028666453057,,3,
shanghai,0079802,0079806,2.42300516813709,,3,
shanghai,0079802,0107256,2.156922567032717,,3,
shanghai,0079802,0079809,1.257876752456382,,3,
shanghai,0079803,0079810,1.860455627338852,,4,
shanghai,0079803,0079804,2.5954030255964096,,5,
shanghai,0079803,0079812,1.953864042712946,,4,
shanghai,0079803,0079807,3.3679078056127736,,6,
shanghai,0079803,0079805,3.3437242442258746,,6,
shanghai,0079804,0079810,2.0381265014767043,,4,
shanghai,0079804,0079807,11.126681909419387,,19,
shanghai,0079804,0109291,2.0925662509694845,,4,
shanghai,0079805,0079813,2.7886506898495798,,5,
shanghai,0079805,0079812,2.1069798828928263,,4,
shanghai,0079805,0079806,3.468074041647543,,6,
shanghai,0079805,0079811,2.921134517549449,,6,
shanghai,0079806,0079812,2.908292575875833,,6,
shanghai,0079806,0109289,1.8262503362445588,,3,
shanghai,0079807,0079816,2.969893905198121,,7,
shanghai,0079807,0079810,3.421960456170981,,6,
shanghai,0079807,0079808,2.739472023331585,,5,
shanghai,0079808,0079816,3.0953655280216705,,4,
shanghai,0079809,0079816,4.321890206005559,,7,
shanghai,0079809,0079810,2.2814207176414563,,4,
shanghai,0079809,0079815,7.024044055155555,,9,
shanghai,0079809,0146719,2.3576326231227225,,3,
shanghai,0079809,0109289,1.8023600800877666,,3,
shanghai,0079810,0079815,1.7894250324366783,,3,
shanghai,0079811,0079816,3.9981476493324974,,5,
shanghai,0079811,0107229,1.5128159622217636,,3,
shanghai,0079812,0079813,1.5526312700015246,,3,
shanghai,0079812,0079814,2.569136844963147,,4,
shanghai,0079812,0107238,1.6586699921238777,,3,
shanghai,0079813,0146719,2.3559793254024495,,3,
shanghai,0079815,0079816,2.1909260838675317,,4,
shanghai,0079816,0109291,4.005708349796799,,5,
shanghai,0079816,0107248,2.689693768119802,,5,
shanghai,0079816,0109290,2.4865527493934665,,3,
shanghai,0079816,0089059,2.2774386180504704,,4,
shanghai,0079827,0079884,1.7415777788156621,,3,
shanghai,0079878,0079884,2.917200589103358,,5,
shanghai,0079884,0169538,2.3503638680884387,,4,
shanghai,0079884,0169525,2.0797233186347377,,3,
shanghai,0079884,0079895,2.0671256335419144,,3,
shanghai,0079998,0080019,2.8689466538734862,,3,
shanghai,0080033,0080050,3.0848384655308188,,4,
shanghai,0080038,0109575,2.1398711437633455,,3,
shanghai,0080045,0080047,1.7138292497124814,,3,
shanghai,0080050,0080051,2.3165808867127704,,3,
shanghai,0080074,0146713,1.3402159484212306,,3,
shanghai,0080074,0080087,1.6518608418200837,,3,
shanghai,0080095,0146713,2.3792991693223944,,3,
shanghai,0080156,0169404,2.1760980214794685,,3,
shanghai,0080234,0109711,1.5693994823646076,,3,
shanghai,0080250,0109711,1.096593159204431,,3,
shanghai,0080266,0109711,1.5368864518141123,,3,
shanghai,0080331,0118900,1.4230005877279441,,3,
shanghai,0080437,0146793,3.73417428583459,,5,
shanghai,0080448,0080468,2.179309559418769,,3,
shanghai,0080452,0080472,2.097882679387192,,3,
shanghai,0080468,0148426,2.4668510118906344,,3,
shanghai,0080468,0080472,2.0037299300465237,,3,
shanghai,0080572,0080573,4.912435959101279,,8,
shanghai,0080591,0100833,2.7182452702829902,,3,
shanghai,0080641,0169160,2.8287254978226324,,3,
shanghai,0080652,0150804,1.6430871920374637,,3,
shanghai,0080720,0080726,3.879598381126218,,4,
shanghai,0080733,0080734,7.098418479258404,,8,
shanghai,0080803,0102626,2.5238706290839996,,4,
shanghai,0081669,0128996,2.4881172168060735,,3,
shanghai,0081832,0229987,2.8261228007283163,,3,
shanghai,0081876,0100891,2.2590911749423412,,3,
shanghai,0081926,0081938,2.7318563967379585,,4,
shanghai,0081927,0081940,2.786150573247667,,5,
shanghai,0081927,0081938,1.902753245384566,,3,
shanghai,0081927,0081952,5.71758395232472,,10,
shanghai,0081927,0081928,3.13035776392161,,4,
shanghai,0081927,0081935,3.1068632524935103,,5,
shanghai,0081927,0081936,2.7007078682927577,,5,
shanghai,0081927,0081947,2.284943623574974,,3,
shanghai,0081927,0081945,2.152067568968768,,4,
shanghai,0081928,0081938,1.607991415087703,,3,
shanghai,0081935,0081958,2.679519900505211,,3,
shanghai,0081936,0172984,1.633676838478118,,3,
shanghai,0081945,0097875,1.8811403857995033,,3,
shanghai,0081952,0081958,2.545819006851224,,3,
shanghai,0081953,0084694,0.8884803411109092,,3,
shanghai,0081953,0097875,1.6147154534183061,,3,
shanghai,0081955,0081958,2.1154136603698817,,3,
shanghai,0081955,0143443,2.629410115171695,,3,
shanghai,0082003,0146657,11.384098226387392,,14,
shanghai,0082003,0146655,10.149228905943687,,13,
shanghai,0082003,0146653,7.974898997288331,,10,
shanghai,0082003,0146651,6.75340174272891,,8,
shanghai,0082003,0146654,6.447144843750129,,8,
shanghai,0082003,0146656,5.984056892165847,,7,
shanghai,0082003,0146658,3.3785105060531864,,4,
shanghai,0082003,0146661,2.435448066594878,,3,
shanghai,0082003,0146666,2.0698005603777716,,3,
shanghai,0082003,0146674,1.8918469523598227,,5,
shanghai,0082004,0146651,10.68940263311387,,13,
shanghai,0082004,0146653,9.535347633894565,,12,
shanghai,0082004,0146654,7.512705358879328,,9,
shanghai,0082004,0146655,5.651176048282023,,8,
shanghai,0082004,0146656,8.41375863339868,,11,
shanghai,0082004,0146658,5.113971323585971,,6,
shanghai,0082004,0146674,1.8240551726430834,,4,
shanghai,0082004,0146664,2.3551922433248955,,3,
shanghai,0082004,0146648,2.303026713277193,,3,
shanghai,0082005,0146651,3.2600488613326597,,4,
shanghai,0082005,0146653,11.002035534681188,,13,
shanghai,0082005,0146654,6.40398495650986,,8,
shanghai,0082005,0146655,12.856656946367984,,16,
shanghai,0082005,0146656,6.429026423494072,,8,
shanghai,0082005,0146657,11.528596339273639,,14,
shanghai,0082005,0146658,3.4592693327580806,,4,
shanghai,0082005,0146664,2.4383460338698737,,3,
shanghai,0082005,0146668,3.101964582771927,,4,
shanghai,0082047,0089729,3.676227050528077,,5,
shanghai,0082048,0089729,3.8063946101608095,,5,
shanghai,0082048,0097501,3.0853144174905482,,4,
shanghai,0082048,0157039,1.5648734194920386,,3,
shanghai,0082050,0089729,2.6532215564453647,,5,
shanghai,0082050,0082051,2.5534510262707846,,3,
shanghai,0082050,0118257,0.9906555226312537,,3,
shanghai,0082051,0089349,0.628770875490719,,3,
shanghai,0082054,0221987,2.326084322245684,,3,
shanghai,0082056,0082059,1.782902446744532,,3,
shanghai,0082071,0082072,3.245697585080891,,4,
shanghai,0082071,0082073,2.120124369105836,,3,
shanghai,0082072,0082073,1.0152407337455025,,3,
shanghai,0082076,0084660,3.2047338557408747,,6,
shanghai,0082079,0143455,3.1463380043536358,,5,
shanghai,0082079,0146788,2.982191476404631,,5,
shanghai,0082079,0164310,2.7387427696291837,,4,
shanghai,0082079,0126402,2.185406758866308,,4,
shanghai,0082079,0155085,2.180235082358668,,6,
shanghai,0082079,0155042,2.1711519908917416,,4,
shanghai,0082079,0126403,2.0549611340171636,,3,
shanghai,0082079,0084080,2.04761262874365,,4,
shanghai,0082079,0084660,1.732113094724164,,3,
shanghai,0082079,0097843,1.2614808742099004,,3,
shanghai,0082080,0126403,1.9969326861635535,,3,
shanghai,0082081,0084660,2.2424666469630776,,5,
shanghai,0082123,0152065,2.610944156127287,,3,
shanghai,0082172,0097858,1.790036869787647,,3,
shanghai,0082173,0109572,1.7052717824874364,,3,
shanghai,0082175,0082186,4.8993375462462625,,6,
shanghai,0082176,0082186,3.3971107471175745,,4,
shanghai,0082177,0109572,2.274587294724172,,3,
shanghai,0082177,0132768,3.5510566955922447,,4,
shanghai,0082177,0082178,2.1272337222086004,,3,
shanghai,0082178,0082186,1.84415347520784,,3,
shanghai,0082178,0089096,2.00493177958396,,3,
shanghai,0082179,0177617,2.051300328293088,,3,
shanghai,0082179,0117216,1.6597888624958068,,3,
shanghai,0082181,0109572,3.192715554509255,,6,
shanghai,0082181,0082186,2.2663815250118393,,3,
shanghai,0082181,0085537,1.9749504487971175,,4,
shanghai,0082182,0132768,2.6734548905404605,,3,
shanghai,0082184,0117215,2.078459787506377,,3,
shanghai,0082185,0109572,2.502844726331634,,4,
shanghai,0082185,0082186,2.508936088170307,,3,
shanghai,0082190,0082195,5.891660356996259,,7,
shanghai,0082193,0082195,5.283813522042836,,6,
shanghai,0082193,0089548,2.7266681266647548,,3,
shanghai,0082194,0082195,4.55467633400265,,6,
shanghai,0082194,0082199,10.419156377648012,,11,
shanghai,0082194,0082198,4.630049371971713,,5,
shanghai,0082194,0082196,4.560374493659757,,5,
shanghai,0082194,0082202,2.826537788914707,,3,
shanghai,0082195,0082198,16.307124927171984,,20,
shanghai,0082195,0082199,12.682597868429253,,16,
shanghai,0082195,0082202,12.589423031043413,,15,
shanghai,0082195,0082196,5.849154917355517,,7,
shanghai,0082195,0089548,2.2816799813595616,,3,
shanghai,0082198,0093991,2.2524281285052234,,3,
shanghai,0082198,0094088,1.4665728953653803,,3,
shanghai,0082199,0094088,2.2249946648332055,,3,
shanghai,0082202,0093997,1.6901698574761768,,3,
shanghai,0082286,0102452,1.9661916293803363,,3,
shanghai,0082296,0102469,1.2421191994457121,,3,
shanghai,0082297,0084553,2.5635565277677044,,3,
shanghai,0082297,0082300,2.366601177742355,,3,
shanghai,0082312,0082315,1.620619331852032,,3,
shanghai,0082318,0155467,2.4993875703416677,,3,
shanghai,0082318,0096492,3.7488924219514432,,4,
shanghai,0082323,0083484,2.8311543941654453,,3,
shanghai,0082328,0096153,2.2968707346774093,,3,
shanghai,0082330,0097100,1.8863954712586042,,3,
shanghai,0082339,0083309,2.561791933133695,,3,
shanghai,0082347,0089268,2.5692243426019634,,4,
shanghai,0082349,0105071,2.769519230461951,,3,
shanghai,0082350,0089056,3.2891219483992944,,5,
shanghai,0082366,0096693,2.7601984255032797,,4,
shanghai,0082374,0152924,2.7802610213871586,,3,
shanghai,0082383,0084681,1.6749747509607178,,3,
shanghai,0082388,0089533,3.4817508561720514,,6,
shanghai,0082388,0089150,2.1392130705900527,,3,
shanghai,0082404,0132696,2.8173643040552006,,3,
shanghai,0082405,0082408,5.240823730223226,,6,
shanghai,0082405,0082407,4.495821888085848,,5,
shanghai,0082406,0132696,2.1240806585995036,,3,
shanghai,0082407,0132696,3.0705170308613012,,4,
shanghai,0082407,0082408,1.2117813173243115,,3,
shanghai,0082408,0132696,6.321909604163712,,7,
shanghai,0082430,0082431,4.729332804608962,,6,
shanghai,0082442,0171386,3.398796193281938,,4,
shanghai,0082442,0082446,2.918915055337679,,3,
shanghai,0082443,0171385,2.67682421697502,,4,
shanghai,0082446,0171386,3.968153165493899,,5,
shanghai,0082446,0171385,2.472620599629277,,3,
shanghai,0082462,0193567,4.7774933516289595,,6,
shanghai,0082462,0089591,2.626315253003349,,3,
shanghai,0082462,0234805,2.615304204574753,,3,
shanghai,0082473,0101518,2.043857661564645,,3,
shanghai,0082474,0101523,1.3129070115024843,,3,
shanghai,0082491,0143169,2.784337868081054,,3,
shanghai,0082493,0143169,4.8430452305978005,,6,
shanghai,0082493,0109587,1.2076461833536274,,3,
shanghai,0082495,0164990,0.9794899906688765,,3,
shanghai,0082495,0143169,3.656407751214715,,4,
shanghai,0082497,0143169,2.7772974673204684,,3,
shanghai,0082579,0082582,2.807625513740357,,4,
shanghai,0082579,0188810,4.007314791094077,,5,
shanghai,0082579,0188809,2.6758447305818898,,3,
shanghai,0082579,0188811,2.3854644897883253,,3,
shanghai,0082580,0188809,2.24328803497363,,3,
shanghai,0082580,0188811,4.01274398748124,,6,
shanghai,0082581,0188809,4.462162824966048,,6,
shanghai,0082581,0188810,3.5116967908758703,,4,
shanghai,0082581,0188811,5.682380901717196,,7,
shanghai,0082582,0188810,4.718574444045094,,6,
shanghai,0082582,0188809,2.542142070249712,,3,
shanghai,0082583,0188809,3.0623253877372014,,4,
shanghai,0082583,0188810,4.69004704545814,,7,
shanghai,0082583,0188811,4.48093276150047,,6,
shanghai,0082601,0143422,3.123679928690085,,4,
shanghai,0082603,0156089,1.833085808225904,,3,
shanghai,0082604,0156089,2.243047483752714,,3,
shanghai,0082720,0089195,2.6487548839523196,,3,
shanghai,0082722,0089195,2.0693033004367027,,3,
shanghai,0082728,0089195,2.6861139676106154,,3,
shanghai,0082778,0083993,1.2715158951775218,,3,
shanghai,0082792,0082793,6.51841546900122,,7,
shanghai,0082793,0082796,2.6837096474444055,,3,
shanghai,0082794,0082803,5.629339831560507,,6,
shanghai,0082794,0082804,9.097420883535905,,10,
shanghai,0082798,0082814,2.51177721860257,,3,
shanghai,0082798,0082803,9.175575461097303,,10,
shanghai,0082803,0082814,3.69861953812837,,4,
shanghai,0082803,0082804,11.960385397990134,,13,
shanghai,0082803,0112115,7.18404114416679,,8,
shanghai,0082803,0096252,2.7078625888764765,,3,
shanghai,0082804,0112115,3.5994714755140453,,4,
shanghai,0082810,0089605,3.020798528533037,,5,
shanghai,0082815,0096452,5.496167236982058,,6,
shanghai,0082833,0115205,1.5508228068743615,,3,
shanghai,0082833,0082839,2.9189502790030577,,3,
shanghai,0082844,0084675,2.537767044412927,,4,
shanghai,0082844,0112342,2.359988291920807,,3,
shanghai,0082844,0147737,2.2499535241181077,,3,
shanghai,0082844,0109187,1.8957482248846587,,3,
shanghai,0082845,0102686,2.6789135431649402,,3,
shanghai,0082847,0082864,2.1943212913415513,,3,
shanghai,0082856,0082873,2.371701332945074,,3,
shanghai,0082857,0082897,2.3110770225548443,,3,
shanghai,0082896,0082900,4.77810472878922,,6,
shanghai,0082899,0082900,4.725862609251677,,6,
shanghai,0082966,0089234,1.8802976608851065,,3,
shanghai,0082966,0235110,2.6260079924179105,,3,
shanghai,0082967,0235110,2.196109157790414,,3,
shanghai,0082967,0235111,3.2058631794405725,,4,
shanghai,0083014,0086387,2.897526585437612,,5,
shanghai,0083017,0114215,1.9619419926205859,,3,
shanghai,0083019,0170856,1.7125330258536637,,3,
shanghai,0083019,0170855,1.7880898603663178,,3,
shanghai,0083019,0109198,2.7820530637520764,,4,
shanghai,0083019,0234900,2.068076882152734,,3,
shanghai,0083019,0109199,1.537929075757466,,3,
shanghai,0083025,0114345,1.2106724098901391,,3,
shanghai,0083025,0084090,3.672315431557433,,6,
shanghai,0083025,0213254,2.3558296454590737,,3,
shanghai,0083029,0146759,2.287521053825906,,3,
shanghai,0083034,0118436,2.1701136483417054,,3,
shanghai,0083036,0117102,0.7335015710595316,,3,
shanghai,0083037,0115211,1.65025173293624,,3,
shanghai,0083043,0089426,1.551762372351334,,3,
shanghai,0083058,0118982,1.4454783018354935,,3,
shanghai,0083061,0235100,1.5773956847317872,,3,
shanghai,0083061,0117439,2.7319539139505844,,3,
shanghai,0083065,0112411,3.194328601390407,,4,
shanghai,0083070,0117571,1.1853161763122608,,3,
shanghai,0083072,0089341,1.8055369812934292,,3,
shanghai,0083072,0143449,2.8412065215455042,,4,
shanghai,0083104,0147753,1.4777439791347715,,3,
shanghai,0083140,0086697,1.7598440291944937,,3,
shanghai,0083140,0086695,1.9550932253063729,,3,
shanghai,0083309,0235095,1.9506689086763904,,3,
shanghai,0083309,0089372,3.502161267574772,,4,
shanghai,0083315,0109190,3.3389540606273056,,4,
shanghai,0083366,0083410,6.537376883354255,,8,
shanghai,0083366,0109399,2.9429213250351784,,4,
shanghai,0083366,0089676,3.388886416222099,,4,
shanghai,0083366,0109398,2.6107401070228313,,3,
shanghai,0083409,0089694,7.821091881189959,,11,
shanghai,0083409,0117378,4.326925853702331,,6,
shanghai,0083409,0101574,2.018235619696546,,3,
shanghai,0083410,0143442,3.8141025330096054,,5,
shanghai,0083410,0089676,2.842071850040916,,3,
shanghai,0083437,0138990,2.904224541959306,,4,
shanghai,0083443,0146749,1.3162273172980787,,3,
shanghai,0083452,0113291,3.6207339665932787,,4,
shanghai,0083452,0119073,2.2175814343916995,,3,
shanghai,0083452,0147001,1.8733065515381997,,3,
shanghai,0083452,0119074,1.5768649420944438,,3,
shanghai,0083452,0115202,1.0391808840843604,,3,
shanghai,0083467,0200784,2.474864648785021,,3,
shanghai,0083468,0089627,2.4837370533713123,,3,
shanghai,0083471,0100773,1.5960249608242256,,3,
shanghai,0083471,0100772,1.5188367203380082,,3,
shanghai,0083474,0132683,2.5956691964795384,,3,
shanghai,0083474,0083962,2.2270251427510326,,3,
shanghai,0083482,0219953,2.361381207652765,,3,
shanghai,0083487,0105962,2.612469430385537,,3,
shanghai,0083487,0146819,1.8531745642874973,,3,
shanghai,0083492,0089459,3.7490139037954027,,4,
shanghai,0083495,0109526,1.6481040028397274,,3,
shanghai,0083498,0155193,2.3201967894817668,,3,
shanghai,0083499,0089676,2.746083631238172,,3,
shanghai,0083504,0232062,2.8038706321639615,,3,
shanghai,0083504,0089512,2.39673769268732,,3,
shanghai,0083507,0089306,3.1098416727700915,,4,
shanghai,0083507,0101649,2.410270422657357,,3,
shanghai,0083507,0101662,2.322057341793041,,3,
shanghai,0083507,0101678,2.150504537815566,,3,
shanghai,0083507,0118415,1.4036884618966963,,3,
shanghai,0083529,0129357,1.6326447238635198,,3,
shanghai,0083569,0089368,2.230578120026947,,3,
shanghai,0083569,0105299,6.627072144685297,,7,
shanghai,0083569,0105128,2.8912868044568185,,3,
shanghai,0083569,0087941,2.497625969567813,,3,
shanghai,0083569,0113299,2.160960182540268,,4,
shanghai,0083643,0152077,2.3296417691508036,,3,
shanghai,0083731,0100229,2.6549177002372613,,3,
shanghai,0083874,0146708,2.816573716476185,,3,
shanghai,0083884,0113063,3.3935256687123507,,4,
shanghai,0083931,0146993,2.860917722960558,,3,
shanghai,0083948,0089604,2.6762658567902355,,4,
shanghai,0083948,0089221,2.0258535484659106,,3,
shanghai,0083948,0083978,1.9477334139331874,,3,
shanghai,0083950,0083951,5.810545178863665,,7,
shanghai,0083990,0083991,4.780495332268002,,6,
shanghai,0083990,0237858,0.9374459134228486,,3,
shanghai,0083991,0083993,3.176446768308463,,4,
shanghai,0083991,0083994,2.281951405852114,,3,
shanghai,0083992,0083993,1.5535778510298957,,3,
shanghai,0083992,0101462,1.5720126920195847,,3,
shanghai,0083993,0101463,1.6262342727888806,,3,
shanghai,0083994,0101462,0.8804919636676232,,3,
shanghai,0084034,0154933,1.4462083069566456,,3,
shanghai,0084078,0086391,2.2342145406488676,,4,
shanghai,0084078,0086384,1.6714001974521755,,4,
shanghai,0084078,0086388,1.3771024840817316,,3,
shanghai,0084079,0084667,5.643544797163787,,9,
shanghai,0084079,0113448,1.7949913575423309,,3,
shanghai,0084080,0117103,2.5420641083552615,,5,
shanghai,0084080,0091099,2.373302785808782,,3,
shanghai,0084080,0084660,8.37402005274353,,14,
shanghai,0084080,0155085,4.740850062174516,,8,
shanghai,0084080,0097844,2.8236758182483834,,5,
shanghai,0084080,0146788,1.8268576632149336,,3,
shanghai,0084080,0155168,1.257749991394289,,3,
shanghai,0084080,0155042,0.977711171526679,,4,
shanghai,0084090,0114345,6.023314441214064,,13,
shanghai,0084090,0109179,5.629509548607457,,8,
shanghai,0084090,0109180,4.956517766132764,,7,
shanghai,0084090,0232289,3.0468849063804133,,6,
shanghai,0084090,0114344,2.859311740980426,,5,
shanghai,0084090,0109183,2.491785118508303,,3,
shanghai,0084090,0109181,2.379270829453448,,3,
shanghai,0084090,0172573,1.6403964266713689,,3,
shanghai,0084090,0231897,1.1764801493498687,,3,
shanghai,0084090,0114474,1.0909536448203083,,3,
shanghai,0084090,0114232,0.9274747077413779,,3,
shanghai,0084104,0232401,2.141749061824436,,4,
shanghai,0084104,0159693,1.7374750280963216,,3,
shanghai,0084104,0197859,1.6926958877971203,,3,
shanghai,0084104,0114408,1.2970128962235628,,3,
shanghai,0084108,0235059,1.931924942527413,,3,
shanghai,0084108,0115072,1.5703170049496493,,4,
shanghai,0084108,0115073,0.7670836518144563,,3,
shanghai,0084108,0117119,0.6203543414284007,,3,
shanghai,0084117,0109188,2.969978647941773,,5,
shanghai,0084117,0084675,1.8668681131417983,,3,
shanghai,0084118,0109295,2.162876556474638,,3,
shanghai,0084118,0084720,1.7150844358921709,,3,
shanghai,0084120,0117632,1.2799007905039144,,3,
shanghai,0084126,0234872,1.3064514966265812,,3,
shanghai,0084129,0115423,2.5677987342713395,,5,
shanghai,0084129,0115587,2.2345569108649994,,4,
shanghai,0084129,0084696,1.9695792719032381,,4,
shanghai,0084130,0115638,1.949933957592863,,3,
shanghai,0084132,0084665,2.723628905673001,,6,
shanghai,0084132,0114215,1.757612802324362,,3,
shanghai,0084132,0114216,1.8719917838406217,,3,
shanghai,0084132,0089120,1.514406608030984,,3,
shanghai,0084134,0114229,1.8725195184484766,,4,
shanghai,0084134,0084658,2.974234587863184,,5,
shanghai,0084134,0089712,1.2037470499895857,,3,
shanghai,0084134,0109286,3.393438172280583,,5,
shanghai,0084134,0109288,1.9308107495797915,,3,
shanghai,0084134,0114231,2.459263001959437,,5,
shanghai,0084134,0172585,2.4609665425382876,,4,
shanghai,0084134,0115209,1.7866407691859,,3,
shanghai,0084134,0115208,1.4997117438361114,,3,
shanghai,0084134,0232411,1.4242927018392861,,3,
shanghai,0084136,0084699,3.9780304182061355,,6,
shanghai,0084136,0235666,1.6445796366787333,,3,
shanghai,0084136,0086688,1.9527174748531095,,3,
shanghai,0084136,0114348,4.913102312554165,,7,
shanghai,0084136,0097849,4.017880038645022,,5,
shanghai,0084136,0086690,2.2206003315056155,,4,
shanghai,0084136,0097847,2.028752372475566,,3,
shanghai,0084136,0084422,1.8979422262565868,,3,
shanghai,0084136,0235667,1.4179421072590674,,3,
shanghai,0084143,0084698,2.598981048295243,,5,
shanghai,0084143,0089502,2.426480787802834,,4,
shanghai,0084143,0086041,2.8397056581093496,,4,
shanghai,0084143,0089119,2.7721073333609314,,4,
shanghai,0084143,0201445,1.7882016543549581,,3,
shanghai,0084144,0084708,2.459833545691433,,5,
shanghai,0084144,0109127,2.9252600938380344,,4,
shanghai,0084144,0146818,2.7754263053327817,,4,
shanghai,0084144,0109128,2.4540837946625915,,3,
shanghai,0084179,0084180,4.983333076450114,,7,
shanghai,0084189,0084197,2.4080642494435316,,5,
shanghai,0084189,0126724,2.196166370774327,,3,
shanghai,0084189,0084194,1.8961874949934276,,3,
shanghai,0084194,0084197,7.115841030662862,,10,
shanghai,0084194,0084196,7.500722900540394,,13,
shanghai,0084196,0084197,25.490952602477577,,40,
shanghai,0084196,0089306,2.161463190416773,,3,
shanghai,0084196,0126731,1.8351014458209014,,3,
shanghai,0084196,0145929,1.4037563955274388,,3,
shanghai,0084196,0087146,1.331275994840116,,3,
shanghai,0084196,0118414,0.7208773666305118,,4,
shanghai,0084197,0084201,2.6340492803053093,,5,
shanghai,0084197,0199895,1.9615031980247932,,4,
shanghai,0084197,0126733,1.8271183657212933,,5,
shanghai,0084197,0126736,1.8205270138992766,,4,
shanghai,0084197,0126728,1.4644254313023954,,3,
shanghai,0084197,0126724,1.3483209749027854,,3,
shanghai,0084224,0232392,7.597380675486379,,12,
shanghai,0084224,0232390,2.1528724295099777,,3,
shanghai,0084267,0084683,0.9504419153841985,,3,
shanghai,0084268,0084687,1.6707440649127103,,3,
shanghai,0084417,0086262,2.066759244982321,,3,
shanghai,0084422,0084699,2.0853539157049745,,3,
shanghai,0084463,0231566,2.0772676599742317,,3,
shanghai,0084563,0228153,1.8455095981901148,,4,
shanghai,0084611,0084612,2.6480942610882354,,4,
shanghai,0084612,0100291,2.80590389980454,,4,
shanghai,0084614,0084725,1.5598321800050652,,5,
shanghai,0084614,0084719,1.0633578754145299,,3,
shanghai,0084618,0084619,1.6667419116824498,,4,
shanghai,0084620,0115072,1.5157934649377178,,3,
shanghai,0084622,0086419,3.0244331917591336,,5,
shanghai,0084624,0086419,1.4504439755594363,,3,
shanghai,0084625,0161740,2.219156654417997,,3,
shanghai,0084656,0086823,2.1893842707316784,,4,
shanghai,0084656,0086664,3.101339480208972,,6,
shanghai,0084656,0089352,2.0015227588528246,,3,
shanghai,0084656,0177578,1.936129051010804,,4,
shanghai,0084656,0118436,1.193772026367463,,3,
shanghai,0084656,0164990,1.7926810364107744,,4,
shanghai,0084656,0084710,8.528447567360434,,14,
shanghai,0084657,0109314,2.32601977143267,,3,
shanghai,0084658,0114229,1.9183246577631388,,5,
shanghai,0084658,0201701,3.4566876653536864,,6,
shanghai,0084658,0091111,3.9243745093643483,,5,
shanghai,0084658,0114231,3.006705707256788,,7,
shanghai,0084658,0109286,2.931815347861919,,4,
shanghai,0084658,0114185,2.146306282172292,,4,
shanghai,0084658,0115208,1.9879328332649528,,5,
shanghai,0084658,0115210,1.8106549462127313,,3,
shanghai,0084658,0115212,1.4658178451833415,,3,
shanghai,0084658,0114230,1.3895637729810832,,3,
shanghai,0084658,0231599,1.280239262774128,,3,
shanghai,0084660,0143455,2.408798567317008,,3,
shanghai,0084660,0155085,3.9671648488202016,,7,
shanghai,0084660,0164310,3.83762085930271,,5,
shanghai,0084660,0097844,1.369777519443954,,3,
shanghai,0084660,0118735,0.969715576355319,,3,
shanghai,0084661,0084729,3.6653054362512147,,5,
shanghai,0084661,0114233,3.014526976116695,,5,
shanghai,0084661,0172440,1.7141731766040977,,3,
shanghai,0084661,0155614,1.2750283263588136,,3,
shanghai,0084662,0086198,3.7608371109384118,,7,
shanghai,0084662,0084728,3.103412660357262,,4,
shanghai,0084662,0109396,1.8896554481511505,,3,
shanghai,0084662,0084708,1.2445817780049038,,3,
shanghai,0084663,0172515,2.0754883425997344,,3,
shanghai,0084663,0086388,1.6457542116480122,,3,
shanghai,0084664,0220044,1.9718890055633875,,4,
shanghai,0084665,0084727,9.395788773672637,,13,
shanghai,0084665,0114216,5.5102553397171885,,9,
shanghai,0084665,0114215,3.868087804841285,,7,
shanghai,0084665,0114601,3.6810307172738748,,5,
shanghai,0084665,0147752,3.4115191619594003,,5,
shanghai,0084665,0147754,3.061397562157525,,5,
shanghai,0084665,0089120,3.0304497583921037,,5,
shanghai,0084665,0114084,1.4154902115157066,,3,
shanghai,0084665,0118191,1.3559627527204152,,3,
shanghai,0084665,0089503,1.0724713198624098,,3,
shanghai,0084667,0113454,2.5965435217722477,,4,
shanghai,0084667,0113448,1.742277104392958,,3,
shanghai,0084667,0117474,1.6697483880151083,,3,
shanghai,0084667,0097866,1.1325567122115985,,3,
shanghai,0084667,0172976,1.0550874115008422,,3,
shanghai,0084667,0113449,0.8270503057220989,,3,
shanghai,0084670,0164332,3.4926715910310673,,7,
shanghai,0084670,0085994,2.8295605312395904,,5,
shanghai,0084670,0084671,2.215554404274107,,3,
shanghai,0084670,0114596,1.3319080144282056,,3,
shanghai,0084672,0109565,2.7280715604080834,,4,
shanghai,0084672,0089284,1.9717418305206613,,4,
shanghai,0084672,0114888,1.8039188136313662,,3,
shanghai,0084672,0165082,1.2131830304677298,,3,
shanghai,0084675,0109187,7.150341089146831,,11,
shanghai,0084675,0109188,3.678128375427331,,5,
shanghai,0084676,0109398,3.258425476725118,,6,
shanghai,0084676,0109399,1.8821031400578268,,3,
shanghai,0084676,0170576,1.4823283087043948,,4,
shanghai,0084677,0235102,2.3491137404608,,5,
shanghai,0084677,0235104,0.97509799561634,,3,
shanghai,0084677,0231687,2.180817334705534,,3,
shanghai,0084679,0109145,1.2316362613796132,,3,
shanghai,0084681,0235123,3.543462896179502,,5,
shanghai,0084681,0235124,2.3932580659811293,,3,
shanghai,0084681,0115635,5.3930309557039005,,9,
shanghai,0084681,0170928,1.259575924844972,,3,
shanghai,0084683,0109126,7.555051523325568,,11,
shanghai,0084683,0085529,3.7552783874684845,,5,
shanghai,0084683,0114700,3.431781729978199,,5,
shanghai,0084684,0109406,2.853213881950402,,4,
shanghai,0084684,0176676,1.596411412761014,,3,
shanghai,0084687,0147786,1.7947927911137636,,3,
shanghai,0084687,0093969,2.1502014572461436,,4,
shanghai,0084687,0109263,2.3914703840537124,,4,
shanghai,0084687,0177571,1.1518552679917686,,3,
shanghai,0084689,0147707,2.2194151393616104,,5,
shanghai,0084689,0147709,2.303813063173343,,4,
shanghai,0084689,0147717,6.1981396197939835,,9,
shanghai,0084689,0147710,5.346997017096741,,8,
shanghai,0084689,0147715,4.466537240080216,,7,
shanghai,0084689,0147721,4.156395796756938,,5,
shanghai,0084689,0147720,2.705970147169819,,4,
shanghai,0084690,0115638,5.171975089909798,,9,
shanghai,0084690,0086856,1.3907572269883919,,3,
shanghai,0084691,0201449,1.4042713143837653,,3,
shanghai,0084692,0084693,5.8334015536328465,,8,
shanghai,0084693,0100830,2.160525740166726,,3,
shanghai,0084693,0100828,5.163910266837857,,8,
shanghai,0084693,0219975,3.0513136953162148,,5,
shanghai,0084693,0155452,2.467168727810841,,3,
shanghai,0084693,0100825,2.3254046245329025,,4,
shanghai,0084693,0089652,2.128282036222767,,3,
shanghai,0084693,0100818,2.020593081799813,,3,
shanghai,0084693,0089269,1.7279601091434087,,4,
shanghai,0084693,0164990,1.6131296600069625,,3,
shanghai,0084694,0132315,1.8285461371205847,,4,
shanghai,0084694,0155535,1.8881745023531757,,3,
shanghai,0084694,0132306,1.7190004419656304,,3,
shanghai,0084696,0115587,2.8908841857046315,,6,
shanghai,0084696,0232332,1.8998563266602844,,3,
shanghai,0084696,0097834,1.7661160164838616,,3,
shanghai,0084696,0115589,1.3910636744631055,,3,
shanghai,0084698,0097835,2.38484231341001,,3,
shanghai,0084699,0097848,6.000713644291224,,8,
shanghai,0084699,0114348,3.6051908486391273,,6,
shanghai,0084699,0114157,2.7469524119261552,,5,
shanghai,0084699,0097847,2.5022490636022536,,3,
shanghai,0084699,0086690,1.9853744435015288,,3,
shanghai,0084699,0232310,1.8092784262910337,,3,
shanghai,0084699,0086688,1.7281738107875435,,5,
shanghai,0084699,0198909,1.1935809434943017,,3,
shanghai,0084700,0231602,2.637709516161033,,4,
shanghai,0084700,0089309,2.365503371494484,,3,
shanghai,0084700,0084711,1.9699910730697738,,4,
shanghai,0084701,0089092,4.0758290860771655,,5,
shanghai,0084702,0086697,2.642579936002935,,5,
shanghai,0084702,0112304,1.4311621107608432,,3,
shanghai,0084704,0084705,2.7401218151293665,,4,
shanghai,0084705,0091074,3.782139415631053,,5,
shanghai,0084706,0086632,2.0959740987561473,,3,
shanghai,0084708,0146818,3.0559234444171306,,5,
shanghai,0084708,0084726,2.403051168164918,,3,
shanghai,0084708,0117842,1.4464691495562734,,3,
shanghai,0084711,0143423,2.0584833670641824,,3,
shanghai,0084715,0109309,2.8846327930816145,,4,
shanghai,0084717,0114337,2.044598169411772,,4,
shanghai,0084717,0100662,2.47240204738599,,5,
shanghai,0084717,0086249,2.1138964448765964,,3,
shanghai,0084717,0100668,1.8481479230254474,,3,
shanghai,0084717,0155727,1.8445707492308152,,3,
shanghai,0084717,0235082,1.7978538428679756,,3,
shanghai,0084718,0086224,2.605236917111121,,5,
shanghai,0084718,0086228,3.0469701340587525,,5,
shanghai,0084721,0231621,1.9740971110727366,,3,
shanghai,0084724,0084725,3.9108744481455813,,5,
shanghai,0084725,0113762,1.5774193779807748,,3,
shanghai,0084725,0113760,1.868987100011072,,3,
shanghai,0084725,0113763,1.8027625331330315,,3,
shanghai,0084725,0086061,1.6280543259312723,,3,
shanghai,0084727,0114215,3.4819585091331473,,6,
shanghai,0084727,0089120,2.005172548669603,,4,
shanghai,0084727,0114217,1.5150443393776443,,3,
shanghai,0085537,0085775,3.4199654133111825,,6,
shanghai,0085543,0100696,2.441389720625965,,3,
shanghai,0085670,0125642,2.9624762578850388,,3,
shanghai,0085761,0085763,2.934526891057105,,4,
shanghai,0085761,0086214,2.5893253303209205,,4,
shanghai,0085761,0086557,2.255860479486367,,4,
shanghai,0085761,0086215,1.724865796386316,,3,
shanghai,0085762,0085763,3.7963514841741133,,5,
shanghai,0085763,0086215,2.5917486288034244,,4,
shanghai,0085763,0086559,1.5445600591409734,,3,
shanghai,0085770,0085771,2.3190209364435237,,3,
shanghai,0085770,0118595,1.2797674263894931,,3,
shanghai,0085770,0085876,1.1318102817880915,,3,
shanghai,0085770,0235100,1.0444196585813386,,3,
shanghai,0085792,0085795,4.3557277898299205,,6,
shanghai,0085811,0235081,1.524909743566962,,3,
shanghai,0085811,0114226,4.433018406135416,,8,
shanghai,0085811,0085813,3.9690421355019243,,6,
shanghai,0085811,0109272,3.121564661088667,,5,
shanghai,0085811,0235084,1.8865314482497721,,3,
shanghai,0085811,0114337,1.669592830682473,,4,
shanghai,0085812,0146720,1.4084199605163101,,3,
shanghai,0085812,0114226,2.9247694227495,,4,
shanghai,0085812,0085813,2.8434928201277456,,4,
shanghai,0085812,0114337,2.0783987105923187,,3,
shanghai,0085812,0100670,1.374403911581315,,3,
shanghai,0085812,0109272,1.2735994955964025,,3,
shanghai,0085813,0235081,3.5054990207279584,,7,
shanghai,0085813,0100696,2.23082832373961,,5,
shanghai,0085813,0114226,4.779297455456536,,8,
shanghai,0085813,0089317,2.7842806906571296,,3,
shanghai,0085813,0235084,2.112018848447261,,5,
shanghai,0085874,0109281,1.7658769438618696,,3,
shanghai,0085874,0085876,1.7397915589347899,,4,
shanghai,0085975,0085977,2.571099996646867,,4,
shanghai,0085975,0164765,1.988316002889509,,3,
shanghai,0085994,0114596,1.9043724379113547,,4,
shanghai,0086034,0115443,1.8865580960140327,,4,
shanghai,0086041,0086042,2.8597775094747684,,3,
shanghai,0086072,0109367,1.7773130846626373,,3,
shanghai,0086073,0170340,2.9637314944360797,,4,
shanghai,0086073,0109211,2.046322983457221,,4,
shanghai,0086073,0109652,1.8321187158221028,,3,
shanghai,0086085,0155205,1.2532422539538435,,4,
shanghai,0086145,0109325,1.809794298778968,,3,
shanghai,0086145,0086146,2.785534416896404,,3,
shanghai,0086148,0086152,5.258693794091069,,7,
shanghai,0086148,0235092,2.2445859455063637,,5,
shanghai,0086148,0114531,1.1480641642056164,,3,
shanghai,0086152,0089725,2.0348591064711274,,3,
shanghai,0086152,0114529,1.4563238557239235,,4,
shanghai,0086152,0114531,1.3713161461494998,,3,
shanghai,0086155,0086159,2.6335126261219397,,4,
shanghai,0086155,0089563,0.8313505005693864,,3,
shanghai,0086157,0086159,1.9298122924323113,,3,
shanghai,0086157,0146725,2.7000631513945637,,3,
shanghai,0086196,0086198,5.586596086077892,,9,
shanghai,0086196,0086199,2.9449499751803097,,5,
shanghai,0086196,0086200,2.531479794148286,,4,
shanghai,0086196,0112346,2.3972100982012434,,4,
shanghai,0086196,0089230,1.3743973732053352,,3,
shanghai,0086196,0103130,1.0848773413875965,,3,
shanghai,0086198,0086201,6.0687820331318445,,9,
shanghai,0086198,0086199,3.948678250032403,,8,
shanghai,0086198,0177556,2.8114087249454496,,6,
shanghai,0086199,0086201,2.6798917685471735,,4,
shanghai,0086199,0086202,2.0585764992812963,,3,
shanghai,0086199,0164721,1.7248703655176354,,3,
shanghai,0086200,0086201,3.467483212810675,,5,
shanghai,0086200,0086202,3.1514973457378317,,4,
shanghai,0086220,0086228,4.136072086675839,,6,
shanghai,0086220,0086223,1.511378251976484,,3,
shanghai,0086224,0086228,3.221507569158544,,5,
shanghai,0086224,0086225,2.7689501579874367,,4,
shanghai,0086224,0109361,1.4789872158808213,,3,
shanghai,0086226,0086228,1.9494250053535909,,3,
shanghai,0086238,0235092,2.511485562817687,,5,
shanghai,0086246,0109381,3.612749587710868,,4,
shanghai,0086262,0086265,2.4147588605599917,,4,
shanghai,0086262,0086264,1.7806482328463082,,3,
shanghai,0086262,0086266,1.6755795406712952,,3,
shanghai,0086264,0086266,2.582322857206939,,4,
shanghai,0086266,0089242,2.6839435576432216,,5,
shanghai,0086266,0175887,1.1549600974191212,,3,
shanghai,0086266,0147772,1.0824387404113947,,3,
shanghai,0086287,0086295,2.384967003076698,,3,
shanghai,0086367,0147710,2.264156019105789,,4,
shanghai,0086384,0086387,2.1166562101235935,,3,
shanghai,0086385,0086388,2.7518742944430605,,5,
shanghai,0086385,0086391,1.75404756929048,,3,
shanghai,0086387,0086388,7.1731517822364035,,11,
shanghai,0086387,0086391,6.390647770406788,,9,
shanghai,0086387,0089445,2.463775059981945,,4,
shanghai,0086387,0086390,2.436537199255001,,4,
shanghai,0086387,0146820,1.964413627335851,,4,
shanghai,0086387,0115234,1.5596329089425565,,3,
shanghai,0086388,0089445,2.338313088310382,,3,
shanghai,0086388,0086391,4.30105992108898,,7,
shanghai,0086388,0086390,2.6130950338865238,,3,
shanghai,0086412,0146819,1.8380919999481244,,3,
shanghai,0086415,0086417,2.258910598976528,,4,
shanghai,0086415,0218950,2.207008368701394,,3,
shanghai,0086415,0234746,1.2841984584686879,,3,
shanghai,0086415,0087201,0.7304842540726404,,3,
shanghai,0086419,0086421,1.8946087743032145,,3,
shanghai,0086419,0109083,1.732599562094125,,3,
shanghai,0086419,0112423,1.109004410074429,,3,
shanghai,0086527,0164332,2.755251715714156,,5,
shanghai,0086603,0164114,3.7376592396396084,,5,
shanghai,0086663,0086664,3.6659470300715005,,5,
shanghai,0086663,0147701,3.1102086914721103,,7,
shanghai,0086663,0147706,2.850168960396109,,4,
shanghai,0086663,0113526,2.8266549505136815,,4,
shanghai,0086663,0147702,2.724975504262788,,6,
shanghai,0086663,0232402,2.5885137965921636,,5,
shanghai,0086663,0113294,2.332847879146289,,3,
shanghai,0086663,0118436,2.2439926823875416,,5,
shanghai,0086663,0129089,1.8174410470026698,,4,
shanghai,0086664,0147704,2.0899953139267686,,5,
shanghai,0086664,0147702,4.40866982850578,,8,
shanghai,0086664,0113528,4.324676673965864,,7,
shanghai,0086664,0089352,3.202671872268359,,6,
shanghai,0086664,0109216,2.6895119744053386,,4,
shanghai,0086664,0216730,2.4160690054424303,,3,
shanghai,0086669,0109526,2.1303587737336978,,3,
shanghai,0086669,0143645,6.886635754470781,,10,
shanghai,0086669,0164764,6.792702175241835,,10,
shanghai,0086669,0089060,4.910439082046328,,6,
shanghai,0086669,0089442,1.967212777230015,,3,
shanghai,0086669,0132829,1.312097077482191,,3,
shanghai,0086672,0164332,3.7767600314016896,,7,
shanghai,0086672,0086714,1.98443879901791,,4,
shanghai,0086672,0086787,2.0519204682061556,,5,
shanghai,0086672,0086715,2.886053207529475,,5,
shanghai,0086672,0086704,1.405184398019363,,3,
shanghai,0086673,0086714,1.6729367172034277,,3,
shanghai,0086673,0114718,0.826306891123969,,3,
shanghai,0086687,0086688,4.6062867033187365,,5,
shanghai,0086688,0114348,2.8762330029715297,,7,
shanghai,0086688,0086690,1.8481881867498,,4,
shanghai,0086689,0097848,1.8388343513097214,,3,
shanghai,0086689,0086690,4.3732093732239345,,6,
shanghai,0086690,0235666,3.154708584819818,,6,
shanghai,0086690,0086691,5.5041975974695125,,7,
shanghai,0086691,0235668,1.6014709127684679,,3,
shanghai,0086691,0115536,1.3247641863789128,,3,
shanghai,0086695,0086697,3.9284413263386773,,5,
shanghai,0086697,0234906,4.05790565772142,,7,
shanghai,0086697,0086700,2.2427310360457158,,4,
shanghai,0086697,0172800,2.088810330080939,,3,
shanghai,0086697,0115553,1.750297718846052,,3,
shanghai,0086697,0086702,1.668223561829712,,3,
shanghai,0086697,0219960,1.6515293502814292,,3,
shanghai,0086704,0164332,3.273069500628237,,7,
shanghai,0086704,0086714,1.984917656682597,,3,
shanghai,0086704,0086711,2.0959070620758684,,3,
shanghai,0086711,0164332,3.981732436539747,,8,
shanghai,0086711,0086787,1.5364572932609817,,3,
shanghai,0086711,0086715,3.4279734486544124,,5,
shanghai,0086711,0109254,1.6473043805164171,,3,
shanghai,0086711,0147686,1.645615113837895,,3,
shanghai,0086714,0114726,1.1007540570638794,,3,
shanghai,0086715,0086787,0.7404349270147081,,3,
shanghai,0086715,0147677,2.0325200221019477,,4,
shanghai,0086733,0147768,3.354404414186362,,5,
shanghai,0086787,0164332,4.956696087518919,,9,
shanghai,0086787,0114718,1.6024804056198356,,4,
shanghai,0086787,0114719,1.4029341961214494,,3,
shanghai,0086823,0177578,1.8891167994754374,,3,
shanghai,0086849,0201681,1.7905326963667156,,4,
shanghai,0086856,0115638,1.4429354011297355,,3,
shanghai,0087004,0087006,5.794711890765959,,8,
shanghai,0087005,0087008,1.8161000293235192,,3,
shanghai,0087017,0087018,1.508509617515263,,3,
shanghai,0087133,0096113,2.7464522342537494,,3,
shanghai,0087134,0096112,2.813615759519101,,3,
shanghai,0087138,0118187,2.6549526028777515,,3,
shanghai,0087139,0102629,2.6736214254459885,,3,
shanghai,0087142,0146713,2.056867925100162,,3,
shanghai,0087142,0133781,2.8287198700959695,,3,
shanghai,0087144,0109282,1.8245482164399438,,3,
shanghai,0087144,0089033,2.2141752978570484,,3,
shanghai,0087146,0126743,1.1447874932430646,,3,
shanghai,0087154,0089643,2.3139006661365453,,3,
shanghai,0087194,0090921,1.5894789674420926,,3,
shanghai,0087198,0234900,1.2604753822273638,,3,
shanghai,0087199,0234900,1.4751323205849416,,4,
shanghai,0087200,0089266,1.6019711590412122,,3,
shanghai,0087224,0089120,2.570185970229063,,3,
shanghai,0087224,0089503,1.942844610153196,,3,
shanghai,0087224,0114218,1.585042276262687,,3,
shanghai,0087293,0235084,0.8957600372544424,,3,
shanghai,0087336,0234885,3.0564204630307588,,4,
shanghai,0087513,0165162,2.8160836997047474,,3,
shanghai,0087513,0165161,2.664469081761209,,3,
shanghai,0087514,0089709,2.5604864107276795,,4,
shanghai,0087525,0089400,1.9199179090959608,,3,
shanghai,0087610,0235093,2.5092266391107207,,3,
shanghai,0087610,0089300,1.3656144030853303,,3,
shanghai,0087636,0105107,1.982256711871256,,3,
shanghai,0087752,0089519,1.9911505480088088,,3,
shanghai,0087780,0113299,2.4312206472856728,,3,
shanghai,0087870,0089057,2.3794584697554964,,5,
shanghai,0087870,0089439,2.0845943990791893,,3,
shanghai,0087870,0117119,0.524998840901383,,3,
shanghai,0087876,0089439,2.090560926378567,,3,
shanghai,0087936,0118416,3.9167075095062653,,6,
shanghai,0087955,0235058,1.6587281956590796,,3,
shanghai,0087956,0235059,2.045746687618841,,4,
shanghai,0087956,0235056,2.1794625118199273,,4,
shanghai,0088077,0088078,1.1271635814503083,,3,
shanghai,0088113,0089273,2.86847486885985,,3,
shanghai,0088113,0089656,2.806730982355842,,3,
shanghai,0088123,0165161,3.359729938934619,,4,
shanghai,0088125,0234891,1.2984396008626555,,3,
shanghai,0088159,0089678,0.7180899746877721,,3,
shanghai,0088173,0112411,2.528032294177331,,3,
shanghai,0088173,0236760,2.074663735086889,,3,
shanghai,0088173,0236762,2.4288327167547674,,4,
shanghai,0088174,0236764,1.919452043181732,,3,
shanghai,0088240,0102638,1.713081189851975,,3,
shanghai,0088253,0117100,1.219654577057083,,3,
shanghai,0088482,0165162,2.0322753533599998,,3,
shanghai,0088482,0089383,2.0963400170888447,,4,
shanghai,0088483,0165162,4.46570276276724,,5,
shanghai,0088483,0089383,3.3112989939837516,,4,
shanghai,0088492,0138984,2.4560961573998035,,4,
shanghai,0088492,0118397,1.8447077037144215,,3,
shanghai,0088660,0091514,2.0453818906276293,,3,
shanghai,0088661,0088837,3.8074998638370623,,5,
shanghai,0088661,0091515,3.5211229105162705,,4,
shanghai,0088662,0088838,3.7235117055749702,,5,
shanghai,0088662,0091516,2.5595156967559145,,3,
shanghai,0088664,0091518,2.6791652839736284,,3,
shanghai,0088665,0091519,2.702915330454304,,3,
shanghai,0088681,0091535,2.788389012604212,,3,
shanghai,0088684,0091538,2.960814977434083,,3,
shanghai,0088692,0091546,2.9542506728586337,,3,
shanghai,0088697,0091551,2.9533911590737616,,4,
shanghai,0088701,0091555,2.9510202763094115,,4,
shanghai,0088704,0091558,10.114473440434248,,11,
shanghai,0088704,0088880,2.1325034823178712,,3,
shanghai,0088709,0091563,4.125734623348113,,5,
shanghai,0088710,0091564,3.736409321014355,,4,
shanghai,0088711,0091565,2.4722038434154037,,3,
shanghai,0088712,0091742,3.549988097118325,,4,
shanghai,0088714,0091568,3.04575496098664,,4,
shanghai,0088715,0091569,4.773388167343654,,5,
shanghai,0088719,0091573,2.311314730799749,,3,
shanghai,0088719,0088895,1.941130323113857,,3,
shanghai,0088729,0091583,2.785116321431152,,3,
shanghai,0088732,0091586,2.933280188714442,,3,
shanghai,0088734,0091588,2.2893439016073094,,3,
shanghai,0088742,0088916,1.8554672496764386,,3,
shanghai,0088757,0091611,2.508388010204838,,3,
shanghai,0088768,0091622,2.8197047120930154,,3,
shanghai,0088768,0088942,2.5147976580780886,,4,
shanghai,0088769,0091623,3.3212749372879853,,4,
shanghai,0088776,0091630,2.308145928204066,,3,
shanghai,0088779,0091633,2.8695031725845728,,3,
shanghai,0088784,0091638,2.9376388938779634,,3,
shanghai,0088786,0091640,3.0344863289607478,,4,
shanghai,0088788,0091642,2.7478837300482706,,3,
shanghai,0088788,0111201,1.5110857185428879,,3,
shanghai,0088794,0091648,4.192757588797226,,5,
shanghai,0088801,0091655,2.555959958944401,,3,
shanghai,0088803,0091657,2.5158115917139785,,3,
shanghai,0088804,0113256,1.5974011556546301,,3,
shanghai,0088809,0091663,1.8867977540178176,,3,
shanghai,0088818,0091672,2.3088646897601794,,3,
shanghai,0088824,0091678,3.196954718696822,,4,
shanghai,0088826,0091680,4.7484203434093635,,5,
shanghai,0088832,0091686,4.934962800151756,,5,
shanghai,0088833,0091687,3.667968568545274,,4,
shanghai,0088834,0091688,4.806272029727867,,5,
shanghai,0088834,0089008,3.10991234350628,,4,
shanghai,0088835,0091689,4.656020905709067,,5,
shanghai,0088837,0091691,4.5307201563314266,,5,
shanghai,0088839,0091693,2.2847592019354157,,3,
shanghai,0088841,0091695,2.6786377223334177,,3,
shanghai,0088843,0091697,2.653191815802346,,3,
shanghai,0088865,0091719,4.50913645172851,,5,
shanghai,0088880,0091734,4.276686784997356,,5,
shanghai,0088899,0091577,2.461312913733394,,3,
shanghai,0088899,0091753,2.398927870017099,,3,
shanghai,0088905,0091759,2.411995070336732,,3,
shanghai,0088911,0091765,2.7616574252098958,,3,
shanghai,0088917,0091771,2.605461529407104,,3,
shanghai,0088927,0091781,2.236553851636215,,3,
shanghai,0088935,0091789,3.1406697194851376,,4,
shanghai,0088940,0091794,2.8386118196490866,,3,
shanghai,0088947,0091801,3.751464989161517,,5,
shanghai,0088953,0091806,3.7865983747774625,,4,
shanghai,0088965,0091818,2.7582714348143664,,3,
shanghai,0088967,0091820,2.3987176037320075,,3,
shanghai,0088974,0091654,2.299602986375716,,3,
shanghai,0088981,0091834,2.284829707107864,,3,
shanghai,0088988,0091841,3.3141231085559544,,4,
shanghai,0088991,0091844,3.7587119713269983,,4,
shanghai,0089008,0091861,2.6491918504387058,,3,
shanghai,0089011,0091864,2.378721854155805,,3,
shanghai,0089011,0089393,2.324571489317873,,3,
shanghai,0089012,0091865,2.8005836734336387,,3,
shanghai,0089012,0089633,1.8801770725060774,,3,
shanghai,0089012,0115071,1.360977192816113,,3,
shanghai,0089016,0089398,1.5058702220000855,,3,
shanghai,0089016,0091869,3.8530939937449578,,4,
shanghai,0089017,0089399,3.6490149010879023,,5,
shanghai,0089018,0089400,3.7350433803812386,,6,
shanghai,0089021,0091874,2.8535710287963925,,3,
shanghai,0089022,0091875,2.9160077823767288,,3,
shanghai,0089024,0091877,2.80181244036877,,4,
shanghai,0089025,0089407,1.7859190552194302,,3,
shanghai,0089025,0091878,3.914392169266814,,4,
shanghai,0089026,0091879,5.76748165888427,,7,
shanghai,0089027,0089409,3.159891105034089,,4,
shanghai,0089027,0092266,1.7063273500216107,,3,
shanghai,0089029,0091882,4.314040861983191,,5,
shanghai,0089029,0197346,2.4803356796153104,,3,
shanghai,0089029,0179930,2.354084049343689,,3,
shanghai,0089034,0089416,1.6566544690487373,,3,
shanghai,0089035,0118416,2.9877181232017396,,4,
shanghai,0089038,0089420,1.7658080788144483,,3,
shanghai,0089039,0109158,2.1810517440553365,,3,
shanghai,0089039,0091892,2.611747856915061,,3,
shanghai,0089039,0089421,1.5459531415879768,,3,
shanghai,0089040,0091893,2.944200367574586,,3,
shanghai,0089042,0091895,2.7947495036336267,,3,
shanghai,0089043,0091896,2.4831543749420706,,3,
shanghai,0089043,0089425,2.110002495163992,,3,
shanghai,0089046,0091899,4.105606557441204,,5,
shanghai,0089047,0091900,4.496659971205328,,5,
shanghai,0089048,0092287,2.6674790845630363,,3,
shanghai,0089048,0089430,2.0096686799961265,,3,
shanghai,0089052,0091905,2.332549414027241,,3,
shanghai,0089053,0091906,5.845954424671282,,6,
shanghai,0089053,0089435,2.565074907481944,,4,
shanghai,0089054,0091907,3.7514914018143197,,4,
shanghai,0089054,0119659,2.0039155552553347,,3,
shanghai,0089054,0089436,1.2571341129976132,,3,
shanghai,0089056,0091909,4.474261598152387,,5,
shanghai,0089057,0235059,1.8633198084561444,,3,
shanghai,0089057,0091910,6.478774069849535,,8,
shanghai,0089057,0119686,3.1971861169687728,,4,
shanghai,0089057,0112473,2.4945408835000227,,3,
shanghai,0089057,0113301,1.6922087016533411,,3,
shanghai,0089058,0091911,5.52098595237481,,6,
shanghai,0089059,0091912,3.734068493500093,,4,
shanghai,0089059,0109289,1.1268189857400832,,4,
shanghai,0089059,0109290,0.6883692069101315,,3,
shanghai,0089060,0089442,1.786842356936281,,3,
shanghai,0089060,0091913,2.9600034563573137,,3,
shanghai,0089062,0089445,1.5841973923209987,,3,
shanghai,0089063,0091916,4.766885572719574,,5,
shanghai,0089064,0090931,0.8253773002501757,,3,
shanghai,0089065,0091918,5.0146681033255085,,6,
shanghai,0089066,0109143,1.6391524179345671,,3,
shanghai,0089066,0091919,4.147074051474383,,5,
shanghai,0089067,0091920,3.84050419614771,,4,
shanghai,0089068,0091921,2.5103848420143895,,3,
shanghai,0089070,0091923,3.5762078002844078,,4,
shanghai,0089072,0112419,2.814371640181536,,3,
shanghai,0089076,0091929,3.901139991343226,,4,
shanghai,0089076,0092316,2.4666716608609565,,3,
shanghai,0089076,0097859,2.3680837976345623,,3,
shanghai,0089078,0089461,2.275148403615649,,3,
shanghai,0089079,0109167,3.4947001813286342,,4,
shanghai,0089080,0091933,4.921232979860144,,5,
shanghai,0089082,0145919,1.7879462877009242,,3,
shanghai,0089086,0118487,2.0091923324939414,,3,
shanghai,0089088,0091941,7.211938841104633,,8,
shanghai,0089088,0170705,2.555380409982313,,3,
shanghai,0089093,0117103,2.3519960702725395,,4,
shanghai,0089093,0091946,5.638282774697331,,6,
shanghai,0089093,0089476,1.5334305187860804,,3,
shanghai,0089094,0119723,2.1622362192689826,,3,
shanghai,0089095,0091948,3.634177556409682,,4,
shanghai,0089096,0097858,2.680217187184913,,3,
shanghai,0089096,0132768,3.6470861301864135,,4,
shanghai,0089096,0091949,2.1470705205126954,,3,
shanghai,0089098,0089481,2.2432115763918925,,4,
shanghai,0089098,0091951,4.847091108741244,,5,
shanghai,0089100,0091953,2.7435111151790608,,3,
shanghai,0089100,0089483,1.791949532180584,,4,
shanghai,0089101,0089484,1.8890778620073987,,3,
shanghai,0089103,0091956,3.8219340689040724,,4,
shanghai,0089104,0091957,6.493356641092081,,7,
shanghai,0089104,0119090,2.914873230643727,,4,
shanghai,0089105,0091958,5.036992816131534,,6,
shanghai,0089106,0091959,7.555186615042153,,8,
shanghai,0089106,0096298,2.085334992511121,,3,
shanghai,0089107,0091960,5.288642602159305,,6,
shanghai,0089108,0089491,3.297830356909981,,5,
shanghai,0089108,0091961,2.8232943643569026,,3,
shanghai,0089110,0227624,4.132994776387829,,5,
shanghai,0089110,0236764,3.858906148513176,,5,
shanghai,0089110,0117787,3.582918257329294,,5,
shanghai,0089110,0236762,3.1461653986236335,,4,
shanghai,0089110,0117788,2.962392688644346,,4,
shanghai,0089110,0236760,2.893472601306851,,4,
shanghai,0089110,0235361,2.725364387339502,,3,
shanghai,0089110,0112411,1.4572857823975485,,3,
shanghai,0089110,0089493,1.247146458605295,,3,
shanghai,0089112,0091966,2.7235995598131577,,3,
shanghai,0089114,0091968,7.4606518210058015,,8,
shanghai,0089114,0089497,2.893400905504997,,4,
shanghai,0089115,0173355,1.8654965881266206,,3,
shanghai,0089116,0089499,2.1004453095746696,,4,
shanghai,0089119,0091973,2.8850082044488854,,3,
shanghai,0089120,0091974,8.258495232097786,,9,
shanghai,0089120,0144076,3.1462738573964444,,7,
shanghai,0089120,0089503,2.012469642274491,,4,
shanghai,0089120,0112348,1.9290339232808311,,3,
shanghai,0089120,0168480,1.7668552756510114,,3,
shanghai,0089121,0115638,2.445894645510613,,4,
shanghai,0089121,0091975,8.879182842157306,,10,
shanghai,0089123,0091977,3.9210896105713626,,4,
shanghai,0089125,0125466,2.6233874552729004,,3,
shanghai,0089126,0091980,4.966529070160888,,7,
shanghai,0089127,0091981,7.77833609754083,,8,
shanghai,0089127,0109520,3.056087489212999,,4,
shanghai,0089129,0089512,2.8778436480425604,,5,
shanghai,0089130,0091984,2.889260317750923,,3,
shanghai,0089134,0091989,5.9155692499447765,,7,
shanghai,0089135,0097866,1.9039301918875684,,3,
shanghai,0089135,0091990,3.4705477538911715,,4,
shanghai,0089137,0092378,2.5251491047022308,,3,
shanghai,0089138,0146793,2.854677022395492,,4,
shanghai,0089138,0091993,5.29744831548172,,6,
shanghai,0089139,0091994,3.9251549918482227,,4,
shanghai,0089140,0091995,3.488108573920526,,4,
shanghai,0089140,0089523,0.601334262371092,,3,
shanghai,0089141,0091996,4.284646196113973,,5,
shanghai,0089146,0089529,2.176339107511071,,3,
shanghai,0089147,0092003,3.385421467238288,,4,
shanghai,0089148,0143434,1.583968348785646,,3,
shanghai,0089148,0092004,4.322343837341368,,5,
shanghai,0089148,0089531,2.134134792866509,,3,
shanghai,0089149,0089532,1.9701965345350152,,3,
shanghai,0089151,0092007,2.4237396572295005,,3,
shanghai,0089152,0096992,3.5597399651998765,,4,
shanghai,0089152,0205075,1.894394461880451,,3,
shanghai,0089153,0109585,3.3912770364479288,,6,
shanghai,0089153,0092009,3.378468330824654,,4,
shanghai,0089153,0089536,2.440265202017229,,4,
shanghai,0089153,0193175,1.5972683135766457,,3,
shanghai,0089154,0092010,3.597254937011199,,4,
shanghai,0089154,0089537,1.2738624092657318,,3,
shanghai,0089161,0092017,3.82388639819111,,4,
shanghai,0089161,0132638,2.907411424084539,,4,
shanghai,0089162,0092018,2.9646665329055253,,3,
shanghai,0089162,0089545,1.3715268170933488,,3,
shanghai,0089164,0092020,3.5863867446336966,,4,
shanghai,0089164,0170581,0.8291371652526438,,3,
shanghai,0089167,0092023,2.0618097749377506,,4,
shanghai,0089168,0089551,1.6677493912118009,,3,
shanghai,0089169,0092025,3.45472483617632,,4,
shanghai,0089170,0112375,1.5166636309986934,,3,
shanghai,0089170,0108520,9.370862790573993,,11,
shanghai,0089171,0155224,1.026522974687345,,3,
shanghai,0089173,0092029,3.0301228480751785,,4,
shanghai,0089178,0092034,5.638087018866783,,6,
shanghai,0089178,0118901,1.809789184619047,,3,
shanghai,0089182,0092038,2.897116790816535,,3,
shanghai,0089187,0092043,11.334770965275334,,12,
shanghai,0089188,0092044,2.8113707080245,,3,
shanghai,0089188,0113761,2.2380670352614334,,3,
shanghai,0089189,0096611,3.0987358568696726,,4,
shanghai,0089189,0092045,2.6682459316350133,,3,
shanghai,0089191,0092047,5.604135378264666,,6,
shanghai,0089192,0092048,2.6672969809881986,,3,
shanghai,0089196,0092052,5.785151679384945,,7,
shanghai,0089197,0092053,4.608453626017035,,5,
shanghai,0089199,0092055,4.710507178267005,,5,
shanghai,0089209,0092066,3.684018971624952,,4,
shanghai,0089209,0089592,1.9647160979697453,,3,
shanghai,0089218,0092075,2.8032081249334477,,3,
shanghai,0089222,0089605,2.5292503435402542,,5,
shanghai,0089222,0092079,2.6223435803763184,,3,
shanghai,0089224,0092081,2.7889059128003977,,3,
shanghai,0089225,0234641,1.9746552325453481,,3,
shanghai,0089228,0090355,2.6806393725088395,,5,
shanghai,0089228,0118576,2.393217620871134,,3,
shanghai,0089228,0119727,3.693633281688303,,4,
shanghai,0089228,0138975,2.5380672832744464,,4,
shanghai,0089228,0138978,1.7596366772377505,,3,
shanghai,0089228,0138981,4.03528872308579,,5,
shanghai,0089228,0234662,1.8153524784975943,,3,
shanghai,0089228,0234663,3.0400787278867085,,4,
shanghai,0089228,0090289,2.9161341930046314,,4,
shanghai,0089229,0118319,2.0883686199498763,,3,
shanghai,0089230,0089613,4.121467147661575,,9,
shanghai,0089233,0089616,1.5405328994200276,,3,
shanghai,0089234,0235111,3.241594702560236,,4,
shanghai,0089235,0089618,3.942548512789105,,5,
shanghai,0089238,0109153,1.8945720891334612,,3,
shanghai,0089239,0146739,2.70671997177691,,4,
shanghai,0089239,0089622,3.2330346946677446,,4,
shanghai,0089239,0235352,2.9877012275126793,,4,
shanghai,0089240,0092097,2.939701745801433,,3,
shanghai,0089242,0092099,4.868658402223855,,5,
shanghai,0089242,0175887,1.5804099084805578,,3,
shanghai,0089243,0089626,1.5861320336199092,,3,
shanghai,0089245,0089628,4.39932639673847,,5,
shanghai,0089245,0097830,2.142491988970614,,4,
shanghai,0089245,0234653,1.9594662607021256,,3,
shanghai,0089245,0091035,1.8084469634389122,,3,
shanghai,0089249,0092106,2.89724906127652,,3,
shanghai,0089251,0089634,1.7816553936852209,,3,
shanghai,0089252,0195862,3.61123530295185,,4,
shanghai,0089253,0089636,2.3609204749418664,,3,
shanghai,0089255,0114475,1.411591986805759,,3,
shanghai,0089255,0089638,2.3918953314293088,,3,
shanghai,0089255,0092112,3.833326992817706,,5,
shanghai,0089258,0092115,9.611662805064586,,11,
shanghai,0089258,0119636,2.7835478174281865,,3,
shanghai,0089258,0133193,2.1121130068101377,,3,
shanghai,0089260,0155466,3.627600356763849,,4,
shanghai,0089260,0105183,2.0911481288725073,,3,
shanghai,0089261,0089644,2.351311731032365,,3,
shanghai,0089264,0092121,2.5059397721420233,,3,
shanghai,0089264,0089647,2.081182387853002,,4,
shanghai,0089265,0089648,2.3763003726074827,,4,
shanghai,0089266,0092123,3.6509689049903153,,4,
shanghai,0089266,0119046,2.9664148894133713,,4,
shanghai,0089266,0143110,2.7777478859787887,,4,
shanghai,0089266,0144078,2.2588272797671776,,4,
shanghai,0089267,0092124,2.940437900858914,,3,
shanghai,0089268,0218255,2.879563554687671,,3,
shanghai,0089269,0164990,2.2751766251967656,,4,
shanghai,0089269,0092126,12.564497449445676,,14,
shanghai,0089269,0155452,8.129884336841844,,10,
shanghai,0089269,0146967,4.191843489244869,,6,
shanghai,0089269,0109105,1.9908444100821636,,3,
shanghai,0089272,0092129,3.6936171938876385,,4,
shanghai,0089273,0092130,5.0191868551432455,,6,
shanghai,0089275,0092132,2.519992148044431,,3,
shanghai,0089278,0092135,2.4645026985940897,,3,
shanghai,0089280,0092137,1.813885735511848,,3,
shanghai,0089280,0089663,1.64924506024028,,4,
shanghai,0089282,0092139,3.8250088456984157,,4,
shanghai,0089284,0109358,2.058881356253231,,3,
shanghai,0089287,0092144,3.4145447723679347,,4,
shanghai,0089287,0089670,2.164281925966848,,4,
shanghai,0089288,0089671,2.1378021348452667,,3,
shanghai,0089290,0126897,2.1125668132055466,,3,
shanghai,0089293,0089676,2.30650814810982,,3,
shanghai,0089293,0092150,2.9014877935881813,,3,
shanghai,0089294,0092151,3.816261483652391,,4,
shanghai,0089295,0089678,3.416360450330341,,6,
shanghai,0089299,0092156,3.0348626563663728,,4,
shanghai,0089300,0118696,4.732979429298973,,8,
shanghai,0089300,0089683,3.307853961112613,,6,
shanghai,0089301,0117100,1.87628122757109,,3,
shanghai,0089301,0235084,2.0356070369764767,,3,
shanghai,0089301,0092158,3.1730060074072437,,4,
shanghai,0089303,0105054,2.6705509984742055,,3,
shanghai,0089304,0092161,3.877095531171496,,4,
shanghai,0089305,0113063,2.5246377586928936,,3,
shanghai,0089305,0119074,2.252343116630558,,4,
shanghai,0089305,0109331,2.4389465715917984,,4,
shanghai,0089306,0089688,1.810583660198441,,3,
shanghai,0089309,0143423,3.104922746328058,,4,
shanghai,0089310,0092167,3.397978491003323,,5,
shanghai,0089315,0092172,2.977033755439281,,3,
shanghai,0089316,0102784,2.1139983175737327,,3,
shanghai,0089316,0213561,1.9004471478848046,,3,
shanghai,0089316,0102716,0.8586918622340405,,3,
shanghai,0089317,0112331,2.4993093738413337,,3,
shanghai,0089318,0092175,3.5809803306722854,,4,
shanghai,0089322,0089703,4.162245858332815,,8,
shanghai,0089324,0092181,2.854181191817628,,3,
shanghai,0089325,0089706,2.604699847668214,,4,
shanghai,0089327,0089708,1.7201783464586171,,3,
shanghai,0089328,0092185,2.809929874698155,,3,
shanghai,0089329,0092186,5.884701011045385,,6,
shanghai,0089332,0092189,5.838394849401039,,7,
shanghai,0089332,0109286,3.367423976032849,,4,
shanghai,0089332,0089712,2.573994503730959,,4,
shanghai,0089335,0092192,5.25454474729527,,6,
shanghai,0089335,0154661,2.474711343779793,,3,
shanghai,0089336,0092193,4.860705084192916,,5,
shanghai,0089337,0089717,3.253496189426907,,5,
shanghai,0089341,0146721,3.2308062456321722,,5,
shanghai,0089341,0092198,7.766212703726459,,8,
shanghai,0089341,0089721,4.619460078952968,,7,
shanghai,0089342,0165108,1.4922908763271536,,3,
shanghai,0089344,0092201,3.920027565920365,,4,
shanghai,0089344,0096190,2.264774074967284,,3,
shanghai,0089344,0089724,1.8731639781843916,,4,
shanghai,0089345,0089725,3.6705918999881506,,6,
shanghai,0089345,0235685,2.6875200067064804,,3,
shanghai,0089346,0089726,2.179399383235597,,3,
shanghai,0089349,0089729,1.6381009464016845,,3,
shanghai,0089350,0109167,2.9069101715283487,,4,
shanghai,0089350,0092207,2.823096452088608,,3,
shanghai,0089352,0092209,3.488369922715128,,4,
shanghai,0089352,0147705,3.4777960674729584,,5,
shanghai,0089353,0092210,5.460924624276655,,6,
shanghai,0089353,0109165,2.4240051167898833,,3,
shanghai,0089353,0147726,2.238677493737457,,4,
shanghai,0089355,0092212,2.948243116272813,,3,
shanghai,0089356,0089736,2.566374397652054,,4,
shanghai,0089357,0118438,3.569899317061816,,4,
shanghai,0089361,0119634,4.502222813992591,,5,
shanghai,0089361,0092218,4.206157986342878,,5,
shanghai,0089362,0089742,0.6493808297371848,,3,
shanghai,0089363,0092220,3.74312230794628,,4,
shanghai,0089364,0089744,2.6461499111496556,,4,
shanghai,0089364,0203950,2.534514027262786,,3,
shanghai,0089366,0092223,2.870678462573737,,3,
shanghai,0089367,0092224,4.68141193052573,,5,
shanghai,0089367,0120088,2.0973336142223724,,3,
shanghai,0089370,0092227,4.922127272184207,,5,
shanghai,0089370,0089750,1.949903823182391,,4,
shanghai,0089371,0092228,3.7053922968983417,,4,
shanghai,0089372,0237697,1.7002387366023326,,3,
shanghai,0089372,0092229,4.4411022546496355,,5,
shanghai,0089372,0113069,2.60441548400915,,3,
shanghai,0089372,0089752,1.6755762082009342,,3,
shanghai,0089373,0119032,1.610116041437068,,3,
shanghai,0089373,0092230,3.6473112897417357,,4,
shanghai,0089373,0089753,2.769225343763581,,5,
shanghai,0089375,0092232,4.6519465888389036,,5,
shanghai,0089376,0092233,3.7975465849516903,,4,
shanghai,0089376,0089756,2.127907780277501,,3,
shanghai,0089377,0092614,1.8436368219307897,,3,
shanghai,0089381,0092238,3.954441478258998,,4,
shanghai,0089383,0165161,5.177238802793772,,7,
shanghai,0089383,0092240,5.903749954205588,,7,
shanghai,0089385,0092242,2.952925335294287,,3,
shanghai,0089387,0092244,2.9157400691889683,,3,
shanghai,0089387,0089767,1.633594769757844,,3,
shanghai,0089390,0096279,3.178495190261782,,4,
shanghai,0089391,0092248,2.870780424850259,,3,
shanghai,0089396,0092253,2.86758232104696,,3,
shanghai,0089397,0092254,2.8573220528968113,,3,
shanghai,0089397,0174615,2.3681636025563026,,3,
shanghai,0089397,0105071,2.0178433973010566,,3,
shanghai,0089400,0109274,1.2389083039619382,,3,
shanghai,0089402,0092259,4.873480989501437,,5,
shanghai,0089403,0109394,2.804978736488634,,4,
shanghai,0089403,0092260,2.7519902647073806,,3,
shanghai,0089403,0119061,1.150225352080367,,3,
shanghai,0089406,0092263,3.871096535817081,,5,
shanghai,0089406,0234771,3.240242468205142,,5,
shanghai,0089407,0092264,3.732817170014652,,4,
shanghai,0089407,0153893,1.8131772952809089,,3,
shanghai,0089408,0091879,1.4485729813381265,,3,
shanghai,0089409,0092266,8.750010473134381,,10,
shanghai,0089409,0143446,4.41722551595556,,5,
shanghai,0089409,0109263,1.4977784929986737,,3,
shanghai,0089413,0092270,4.4177837823147525,,5,
shanghai,0089414,0109390,1.504424013207053,,3,
shanghai,0089416,0092273,6.224473840246216,,7,
shanghai,0089420,0092277,5.832514169009401,,6,
shanghai,0089420,0235394,2.763513632408752,,3,
shanghai,0089421,0092278,2.8888857023579684,,3,
shanghai,0089423,0092280,3.653238848048495,,4,
shanghai,0089424,0092281,3.8974817978248866,,4,
shanghai,0089425,0092282,2.283773018418346,,3,
shanghai,0089426,0173086,2.7091316293207117,,5,
shanghai,0089426,0092283,2.598426065951714,,3,
shanghai,0089426,0159693,2.43830440742331,,3,
shanghai,0089426,0113066,1.916218720161774,,3,
shanghai,0089429,0092286,2.9099901441627325,,3,
shanghai,0089430,0092287,2.9594591279653275,,3,
shanghai,0089433,0092290,2.6554153521880415,,3,
shanghai,0089439,0235056,2.2500435303395445,,3,
shanghai,0089439,0092296,2.722276120334497,,3,
shanghai,0089440,0092297,3.4340024811702117,,4,
shanghai,0089441,0092298,3.9030264518211935,,4,
shanghai,0089442,0092299,3.4961289070490897,,4,
shanghai,0089443,0092300,4.902595637549737,,5,
shanghai,0089445,0092302,2.832831112844069,,3,
shanghai,0089447,0118487,2.752579254602515,,4,
shanghai,0089447,0090931,1.9610568177572605,,3,
shanghai,0089447,0159607,1.7512322287265047,,3,
shanghai,0089447,0118423,1.2120697867927697,,3,
shanghai,0089450,0092307,2.8290614110542247,,3,
shanghai,0089454,0092311,4.24113702819117,,5,
shanghai,0089455,0112419,5.339214476046361,,7,
shanghai,0089456,0153928,2.5817306706665093,,3,
shanghai,0089456,0092313,3.685420489281768,,4,
shanghai,0089459,0092316,7.6273092195572705,,8,
shanghai,0089467,0092324,3.293506059990924,,4,
shanghai,0089473,0105224,2.0448482597849496,,3,
shanghai,0089474,0119508,2.3765289768905,,4,
shanghai,0089476,0118735,1.3055418380503998,,3,
shanghai,0089481,0092338,3.9499594914221383,,5,
shanghai,0089481,0166178,2.1067870137134728,,4,
shanghai,0089485,0092342,2.1735816812149973,,3,
shanghai,0089485,0097824,2.0670360723156413,,3,
shanghai,0089493,0236762,3.588878598103201,,4,
shanghai,0089495,0092353,2.8139064778869085,,3,
shanghai,0089496,0092354,2.8682614581410517,,3,
shanghai,0089501,0096688,2.1269519819575926,,3,
shanghai,0089502,0092360,3.9131446467465105,,4,
shanghai,0089503,0114215,2.3987571277282367,,3,
shanghai,0089503,0092361,5.033327816774979,,6,
shanghai,0089508,0092366,8.540096247370897,,9,
shanghai,0089508,0097822,2.936073045018874,,4,
shanghai,0089509,0092367,2.5042518554318662,,3,
shanghai,0089510,0092368,2.796941698278411,,3,
shanghai,0089514,0092372,3.3157058073440817,,4,
shanghai,0089519,0156942,2.002918797545479,,3,
shanghai,0089521,0146793,3.350108645923239,,4,
shanghai,0089521,0092379,3.37863433101388,,4,
shanghai,0089523,0092381,2.4830624349818935,,3,
shanghai,0089524,0092382,2.9712507029268362,,3,
shanghai,0089526,0092384,3.543723088807212,,4,
shanghai,0089526,0166642,2.104935723755605,,3,
shanghai,0089527,0092385,3.7123015791940657,,4,
shanghai,0089529,0092387,4.177279773100685,,5,
shanghai,0089531,0097841,1.5588877799677086,,3,
shanghai,0089532,0092390,3.9281535626382156,,4,
shanghai,0089533,0092391,3.788328574700948,,5,
shanghai,0089535,0096992,2.8108556650705454,,3,
shanghai,0089536,0189334,1.8737885279473088,,3,
shanghai,0089540,0092398,2.84232898899335,,3,
shanghai,0089542,0092400,2.406562296687775,,3,
shanghai,0089545,0092403,4.41456172507025,,5,
shanghai,0089547,0092405,4.159005329574644,,5,
shanghai,0089548,0092406,2.3298440720065545,,3,
shanghai,0089549,0092407,5.885453471562948,,6,
shanghai,0089550,0092408,4.244085910438274,,5,
shanghai,0089550,0119508,1.1169978107618992,,3,
shanghai,0089552,0092410,2.7654824932717172,,3,
shanghai,0089553,0108520,1.2621292419625592,,3,
shanghai,0089554,0225261,2.1764298494924166,,3,
shanghai,0089554,0155222,4.495425192016763,,10,
shanghai,0089554,0155255,1.996450757139479,,3,
shanghai,0089554,0155325,2.7922507044499887,,5,
shanghai,0089554,0155334,3.348505755472429,,4,
shanghai,0089554,0092412,2.936027681337175,,3,
shanghai,0089554,0155254,1.5999753282236686,,4,
shanghai,0089554,0155349,1.2090489460354066,,3,
shanghai,0089554,0155350,1.1027514004850323,,3,
shanghai,0089554,0155321,0.9137011912022264,,3,
shanghai,0089554,0155230,0.6676761847824397,,3,
shanghai,0089555,0092413,5.289700537294106,,6,
shanghai,0089560,0097355,3.417248664968501,,4,
shanghai,0089562,0092420,3.889896254277824,,4,
shanghai,0089563,0146725,6.546811051769603,,8,
shanghai,0089563,0092421,2.9378797467340743,,3,
shanghai,0089564,0092422,3.190714851551639,,4,
shanghai,0089567,0092425,4.523070888392342,,5,
shanghai,0089569,0097349,2.6034796500374764,,3,
shanghai,0089572,0125449,4.21678507210983,,5,
shanghai,0089572,0092430,4.022959754703026,,5,
shanghai,0089573,0092431,2.0473378645296947,,3,
shanghai,0089579,0132637,2.4723040111174517,,3,
shanghai,0089579,0092437,4.599264369580178,,5,
shanghai,0089579,0109118,2.0153454070243697,,3,
shanghai,0089581,0092439,2.8955886945585387,,3,
shanghai,0089582,0187053,1.5215252493027966,,3,
shanghai,0089584,0219960,2.2176584631226666,,3,
shanghai,0089585,0092443,2.9430860373741945,,3,
shanghai,0089590,0092448,2.6269611488998192,,3,
shanghai,0089591,0193567,4.652609895149025,,5,
shanghai,0089594,0092452,5.483923546601571,,6,
shanghai,0089597,0092455,4.426967764597956,,5,
shanghai,0089604,0146945,2.367458160089247,,3,
shanghai,0089605,0092462,4.209816120101779,,5,
shanghai,0089605,0213255,1.889564061595181,,3,
shanghai,0089607,0092464,4.714468716766795,,5,
shanghai,0089610,0092467,2.801672056312184,,3,
shanghai,0089611,0090355,2.263156098749208,,3,
shanghai,0089611,0113292,2.6643050162851005,,3,
shanghai,0089611,0118576,5.0368238759186905,,6,
shanghai,0089611,0138978,1.5019103809337977,,3,
shanghai,0089611,0138984,3.1256745811438353,,6,
shanghai,0089611,0235098,2.0402871432675163,,3,
shanghai,0089611,0092468,3.9289323948888137,,4,
shanghai,0089611,0118490,2.602636739938659,,3,
shanghai,0089611,0119524,1.9632734866823358,,3,
shanghai,0089613,0092470,3.7953428370906437,,4,
shanghai,0089613,0147768,1.8752665599294902,,3,
shanghai,0089613,0177556,1.5912856296895916,,3,
shanghai,0089615,0092472,5.391827937520291,,6,
shanghai,0089615,0097062,3.5662518563546786,,4,
shanghai,0089616,0092473,4.125180718775658,,5,
shanghai,0089618,0092475,2.7708400191926468,,3,
shanghai,0089620,0092477,2.6836408316883644,,3,
shanghai,0089621,0092478,5.900252419807213,,7,
shanghai,0089621,0109153,3.5896071049796126,,5,
shanghai,0089621,0143436,3.5216933439552944,,4,
shanghai,0089621,0143158,1.7198581242647892,,3,
shanghai,0089622,0117882,2.9632786038763053,,5,
shanghai,0089622,0117884,0.9581675481930035,,3,
shanghai,0089622,0146739,2.773097066666846,,3,
shanghai,0089622,0090432,2.0842608391588295,,3,
shanghai,0089625,0146791,2.5428669384679825,,3,
shanghai,0089628,0097830,1.1636606715225857,,3,
shanghai,0089633,0092490,4.266859197925734,,5,
shanghai,0089634,0117842,2.191038498408985,,4,
shanghai,0089636,0092493,5.201169185124592,,6,
shanghai,0089641,0092498,3.7693298410045255,,4,
shanghai,0089643,0155466,2.973194859927842,,4,
shanghai,0089644,0092501,5.720141715900305,,6,
shanghai,0089645,0235123,2.2431673158730847,,4,
shanghai,0089645,0092502,8.42262629449518,,9,
shanghai,0089647,0092504,2.9542917111478593,,3,
shanghai,0089648,0092505,4.91369993154447,,5,
shanghai,0089651,0092508,3.990721804850517,,5,
shanghai,0089652,0092509,2.6663123432986815,,3,
shanghai,0089652,0146967,1.4166641820040295,,3,
shanghai,0089658,0092515,4.914040950524935,,5,
shanghai,0089663,0092520,4.871680462984567,,5,
shanghai,0089664,0092521,2.7645390761623814,,3,
shanghai,0089665,0092522,3.9153965327777045,,4,
shanghai,0089674,0092531,3.5691726219593316,,4,
shanghai,0089676,0109561,1.5008210459259526,,3,
shanghai,0089676,0092533,4.011295437537546,,5,
shanghai,0089679,0092536,2.842505541169895,,3,
shanghai,0089680,0092537,2.969599702712001,,3,
shanghai,0089681,0092538,3.9105597249642776,,4,
shanghai,0089683,0235091,2.2604368175531513,,3,
shanghai,0089683,0118696,3.9977311942166436,,6,
shanghai,0089686,0092543,2.8318245727768945,,3,
shanghai,0089688,0126733,2.091777835948342,,3,
shanghai,0089691,0143423,3.1469267051583727,,5,
shanghai,0089691,0156607,2.0440186351532827,,3,
shanghai,0089692,0092549,2.301032573908251,,3,
shanghai,0089693,0092550,2.9170270421383915,,3,
shanghai,0089694,0153920,6.689844385577865,,10,
shanghai,0089694,0092551,6.319027948411506,,8,
shanghai,0089694,0119695,2.5361270637655724,,3,
shanghai,0089694,0146710,2.5291789825425885,,4,
shanghai,0089694,0126352,2.319173678912041,,3,
shanghai,0089695,0238778,1.4531360211089048,,3,
shanghai,0089697,0092554,2.950960886293149,,3,
shanghai,0089697,0102780,1.8570772587014521,,3,
shanghai,0089697,0213561,1.753595784524183,,3,
shanghai,0089700,0092557,3.553704285925223,,5,
shanghai,0089703,0092560,6.214570720266156,,7,
shanghai,0089707,0092564,4.893055708368456,,5,
shanghai,0089708,0092565,3.7937846436017955,,4,
shanghai,0089710,0147420,1.1963939279720073,,3,
shanghai,0089712,0092569,5.762586470244756,,6,
shanghai,0089712,0113310,2.7759470170297247,,3,
shanghai,0089712,0092189,2.7012300823516395,,3,
shanghai,0089712,0109286,2.524617806136566,,3,
shanghai,0089712,0109287,2.2473970613991803,,4,
shanghai,0089712,0234886,2.2392812140636997,,4,
shanghai,0089712,0173089,1.3745652360945824,,3,
shanghai,0089714,0092571,2.6957395126059236,,3,
shanghai,0089718,0092575,4.355461986380874,,5,
shanghai,0089720,0117427,4.215036068136024,,5,
shanghai,0089720,0142958,2.5302447796412553,,3,
shanghai,0089721,0092578,3.713546158480371,,4,
shanghai,0089722,0092579,3.1161912264595397,,4,
shanghai,0089723,0147267,1.209716325610875,,3,
shanghai,0089724,0092581,3.7863198694222664,,4,
shanghai,0089725,0092582,5.961930232367946,,7,
shanghai,0089725,0113290,2.1894089962187087,,3,
shanghai,0089726,0092583,3.686943652278391,,4,
shanghai,0089729,0092586,4.754374957541791,,5,
shanghai,0089729,0096782,1.8930591615620487,,3,
shanghai,0089730,0092587,1.623886529881211,,3,
shanghai,0089732,0147706,1.5944497707820162,,3,
shanghai,0089732,0118436,0.789396632662839,,3,
shanghai,0089732,0147705,2.010777489596056,,3,
shanghai,0089732,0092589,2.67838209459814,,3,
shanghai,0089734,0092591,4.942360585132606,,6,
shanghai,0089735,0092592,4.595612731939504,,5,
shanghai,0089740,0092597,2.4211005106135124,,3,
shanghai,0089744,0092601,6.040778779551311,,7,
shanghai,0089746,0096216,2.617259064291216,,3,
shanghai,0089756,0092613,4.38860711857703,,5,
shanghai,0089757,0092614,2.5664885123674193,,3,
shanghai,0089758,0092615,2.96493114490501,,3,
shanghai,0089760,0092617,2.369062418973037,,3,
shanghai,0089762,0172534,1.242536760211188,,3,
shanghai,0089762,0092239,2.9362261423154887,,4,
shanghai,0089766,0092623,2.8387176487129744,,3,
shanghai,0089767,0092624,2.942004372897903,,3,
shanghai,0089768,0109334,1.9108190035106492,,3,
shanghai,0089768,0234655,1.7130587223465776,,3,
shanghai,0089770,0096279,3.814562666401747,,4,
shanghai,0089774,0147522,3.6915717260017717,,7,
shanghai,0089774,0147458,1.1882935238537828,,3,
shanghai,0089783,0092640,3.2713353207303584,,4,
shanghai,0089785,0092642,2.949069794789464,,3,
shanghai,0089804,0092661,5.012697701257931,,6,
shanghai,0089814,0092670,4.460018408194445,,5,
shanghai,0089839,0092694,2.1249607140412055,,3,
shanghai,0089864,0092719,4.677249185347709,,5,
shanghai,0089888,0092744,4.058642052154237,,5,
shanghai,0089897,0092753,2.602039114965594,,3,
shanghai,0089897,0090088,2.1052948800210207,,5,
shanghai,0089919,0092771,2.6292224438800096,,3,
shanghai,0089924,0092776,2.6927151297881413,,3,
shanghai,0089942,0092794,3.167542128500344,,4,
shanghai,0089952,0092804,2.9512743776265187,,3,
shanghai,0089955,0092807,2.1913062058841186,,3,
shanghai,0089960,0090152,1.0300456746878732,,3,
shanghai,0089963,0092815,2.953153746558106,,3,
shanghai,0089970,0092822,2.1976264913917873,,3,
shanghai,0090032,0092884,3.4200479678836713,,4,
shanghai,0090059,0092911,2.5609675153601783,,3,
shanghai,0090062,0092914,1.710317707470653,,3,
shanghai,0090088,0092940,4.32356015000751,,5,
shanghai,0090105,0092954,2.8819773437201164,,4,
shanghai,0090112,0092961,5.704056683438799,,6,
shanghai,0090124,0092973,2.2413138822730954,,3,
shanghai,0090129,0092978,2.7656644920846025,,3,
shanghai,0090183,0213795,1.691596281313388,,4,
shanghai,0090243,0109195,2.6993141731180548,,3,
shanghai,0090282,0096989,5.803901135187459,,7,
shanghai,0090289,0133742,2.492234543372404,,3,
shanghai,0090355,0138988,4.426554369750145,,6,
shanghai,0090355,0138977,4.281129642004418,,5,
shanghai,0090355,0133742,4.270478962173102,,5,
shanghai,0090355,0138983,4.201546347825856,,5,
shanghai,0090355,0138984,2.621826989095349,,3,
shanghai,0090355,0138975,2.5791993941154137,,4,
shanghai,0090355,0138978,2.500977977975836,,3,
shanghai,0090355,0138989,2.492083916097007,,3,
shanghai,0090355,0090415,2.409318189223934,,3,
shanghai,0090355,0113293,2.1943981469410407,,4,
shanghai,0090449,0090456,3.6297746268972264,,4,
shanghai,0090449,0090457,3.4308845287810223,,4,
shanghai,0090449,0090453,2.537240410439022,,3,
shanghai,0090450,0090453,3.7468601328072393,,4,
shanghai,0090450,0090456,2.8347766704854074,,3,
shanghai,0090497,0156170,3.3498659650328895,,4,
shanghai,0090518,0201624,1.460862285480335,,3,
shanghai,0090622,0090626,2.0500492045500724,,3,
shanghai,0090623,0090626,2.2231644879511476,,3,
shanghai,0090679,0090721,1.5784274790786457,,3,
shanghai,0090692,0187053,2.5830876613615468,,3,
shanghai,0090735,0090739,2.2398180024675813,,3,
shanghai,0090864,0153497,2.3235195451236668,,3,
shanghai,0090912,0090916,3.66997635276764,,4,
shanghai,0090920,0090922,4.201138914027243,,5,
shanghai,0090920,0169386,1.5195593447521736,,3,
shanghai,0090931,0118484,2.5690723302608585,,4,
shanghai,0090931,0118487,2.0770359791733113,,3,
shanghai,0090935,0234906,2.376862287067856,,3,
shanghai,0090935,0147090,1.0586594387762516,,3,
shanghai,0090994,0090996,2.602204752645826,,3,
shanghai,0091083,0168380,2.812948760876248,,4,
shanghai,0091089,0166255,3.1287103202102124,,5,
shanghai,0091097,0143481,3.592657613640746,,9,
shanghai,0091097,0093986,1.6063635150506408,,4,
shanghai,0091097,0143480,1.1122221917326969,,4,
shanghai,0091098,0143481,1.6192448065790557,,4,
shanghai,0091099,0155039,2.526098094149065,,3,
shanghai,0091256,0117119,1.300976055941097,,3,
shanghai,0091888,0118416,3.1007586297703735,,5,
shanghai,0092099,0146791,4.382178609801423,,5,
shanghai,0092117,0155466,2.6811078449380155,,3,
shanghai,0092187,0147481,1.4885348572575785,,4,
shanghai,0092210,0143422,1.6177822699506976,,3,
shanghai,0092449,0193567,2.1507696632943887,,3,
shanghai,0093950,0219976,2.6632839635262227,,3,
shanghai,0093989,0148478,2.5450210838094742,,3,
shanghai,0093993,0094088,2.443983777090394,,3,
shanghai,0094006,0143171,2.0175441416724573,,3,
shanghai,0094032,0143171,2.3855044258637323,,3,
shanghai,0094037,0143171,3.1729950055826217,,4,
shanghai,0094045,0128721,1.6023618748481534,,3,
shanghai,0094059,0094074,1.958933021135275,,3,
shanghai,0096148,0132690,2.7736746134166483,,3,
shanghai,0096156,0113345,2.6693984468067216,,3,
shanghai,0096180,0097488,2.5272469066642795,,3,
shanghai,0096197,0105213,1.9640330770539332,,3,
shanghai,0096225,0133072,3.5556636987938206,,4,
shanghai,0096225,0169161,2.99927327754251,,4,
shanghai,0096238,0101457,2.645099048159305,,4,
shanghai,0096240,0105149,1.910824641812654,,3,
shanghai,0096246,0231962,3.719859302146325,,4,
shanghai,0096250,0144072,2.7818575996706416,,3,
shanghai,0096252,0103042,2.7975054990678685,,3,
shanghai,0096300,0221521,1.569088561927199,,3,
shanghai,0096303,0128914,2.8050614020203155,,3,
shanghai,0096311,0132688,2.68039850733138,,3,
shanghai,0096314,0097359,2.0796066557529467,,4,
shanghai,0096323,0125456,3.674466686057015,,4,
shanghai,0096330,0148862,2.8609503407776886,,3,
shanghai,0096348,0149174,2.6653483654513423,,3,
shanghai,0096358,0157781,2.8973978483269116,,4,
shanghai,0096372,0109520,2.3625285938470473,,3,
shanghai,0096393,0096394,2.1439724489816028,,3,
shanghai,0096398,0143450,2.3881435405395544,,3,
shanghai,0096402,0194929,3.1096599884247413,,5,
shanghai,0096419,0132714,2.8385200002300577,,3,
shanghai,0096436,0151023,2.666276046891439,,3,
shanghai,0096453,0125455,2.754995952897443,,3,
shanghai,0096459,0105201,1.9460671612624103,,3,
shanghai,0096532,0132647,2.5777533868163256,,3,
shanghai,0096545,0105121,3.294826759741043,,4,
shanghai,0096562,0100314,2.814853925640982,,3,
shanghai,0096581,0158195,2.4503721193529797,,3,
shanghai,0096583,0154572,2.7258194833504215,,3,
shanghai,0096589,0171096,2.0678308190040324,,3,
shanghai,0096591,0232000,2.7858918988978982,,3,
shanghai,0096602,0143100,2.037458356761225,,3,
shanghai,0096603,0143100,4.922068782356376,,6,
shanghai,0096676,0132760,2.7468914673005917,,3,
shanghai,0096770,0157368,1.976650272275156,,3,
shanghai,0096801,0152233,2.8770548437487906,,3,
shanghai,0096801,0148863,1.6618603618729086,,3,
shanghai,0096805,0125442,3.819285602074502,,4,
shanghai,0096805,0103602,2.5348364423167205,,3,
shanghai,0096817,0231997,2.680844017403504,,3,
shanghai,0096825,0161280,2.551776453332939,,3,
shanghai,0096881,0128954,2.66146135159438,,3,
shanghai,0096949,0158406,2.498368895773981,,3,
shanghai,0096949,0105138,2.175305514503348,,3,
shanghai,0097037,0164209,4.741844449025332,,5,
shanghai,0097038,0164209,3.8966931426992857,,5,
shanghai,0097077,0097078,2.5345076324730704,,3,
shanghai,0097086,0155467,4.766587229766459,,5,
shanghai,0097095,0157235,2.6692292342957162,,3,
shanghai,0097113,0161907,2.5051952653021816,,3,
shanghai,0097113,0161908,2.3970299452482444,,3,
shanghai,0097240,0148067,2.737688623034612,,4,
shanghai,0097291,0097292,3.0753176222944942,,4,
shanghai,0097293,0217420,2.843193841012282,,4,
shanghai,0097295,0157347,2.9236606870785637,,4,
shanghai,0097322,0097323,1.604939555192885,,3,
shanghai,0097346,0097347,3.2921149282213498,,4,
shanghai,0097371,0152925,3.828345733579045,,4,
shanghai,0097381,0161229,3.055319636686862,,4,
shanghai,0097407,0146542,3.4209351918216435,,4,
shanghai,0097427,0128966,2.034762591435427,,3,
shanghai,0097469,0187236,4.661139842568597,,6,
shanghai,0097519,0162018,2.6558121253756797,,3,
shanghai,0097565,0174957,2.8570774699147146,,3,
shanghai,0097805,0235046,2.096857856451635,,3,
shanghai,0097810,0126733,2.8196521548997544,,4,
shanghai,0097817,0109587,2.4171485379734676,,4,
shanghai,0097825,0220160,2.569219799118777,,3,
shanghai,0097829,0119063,1.7181725919740711,,3,
shanghai,0097837,0106975,1.8079266645078778,,3,
shanghai,0097843,0117103,1.7451068545761275,,3,
shanghai,0097843,0143455,1.2662205802287545,,3,
shanghai,0097843,0155085,1.5480464382211587,,3,
shanghai,0097844,0117102,2.69191782348323,,4,
shanghai,0097846,0155391,1.6286531102143766,,3,
shanghai,0097847,0235666,2.4798068673623828,,4,
shanghai,0097848,0114348,2.476908046894197,,3,
shanghai,0097849,0235666,2.151048239762614,,3,
shanghai,0097849,0114348,1.818052811742715,,3,
shanghai,0097855,0235112,4.974845954304242,,6,
shanghai,0097879,0115674,1.7346968452931943,,3,
shanghai,0098212,0125094,2.422507178294198,,4,
shanghai,0098366,0101584,1.7385611748918597,,3,
shanghai,0098368,0111967,2.2538653375260367,,3,
shanghai,0098386,0102983,2.1744282627427856,,3,
shanghai,0098387,0102879,1.9904346543194045,,3,
shanghai,0099848,0110240,3.8437367839076693,,4,
shanghai,0099848,0145132,1.8614747683054034,,3,
shanghai,0100013,0146795,2.40309666235954,,3,
shanghai,0100217,0100223,2.4268082381176823,,3,
shanghai,0100304,0231976,2.711063922146489,,3,
shanghai,0100310,0235360,2.3842782283837067,,3,
shanghai,0100354,0100363,3.8761580183664366,,7,
shanghai,0100354,0100358,2.41414344609289,,4,
shanghai,0100354,0100355,2.4040026441425297,,4,
shanghai,0100354,0100364,1.18740116546394,,3,
shanghai,0100354,0100785,1.14309494754575,,3,
shanghai,0100356,0100363,2.064122560285594,,3,
shanghai,0100356,0100364,2.017852418708684,,3,
shanghai,0100381,0100389,3.195110427185649,,6,
shanghai,0100381,0172768,1.6746055195933631,,3,
shanghai,0100381,0100390,1.1643055619943163,,3,
shanghai,0100389,0100395,3.374362799065145,,5,
shanghai,0100389,0172770,2.127740708582646,,3,
shanghai,0100389,0100390,2.041371756936536,,5,
shanghai,0100389,0175888,1.913988443308289,,4,
shanghai,0100389,0172768,1.874611913398259,,3,
shanghai,0100390,0100395,2.1781066557262507,,4,
shanghai,0100390,0172770,1.7434782421901391,,4,
shanghai,0100391,0100395,2.3097957274663647,,4,
shanghai,0100391,0172770,1.8957870156327383,,3,
shanghai,0100394,0172771,1.8073569539072416,,3,
shanghai,0100395,0172770,2.0289366626877228,,4,
shanghai,0100406,0100414,1.5975563458242295,,3,
shanghai,0100409,0100416,1.3124461585391396,,3,
shanghai,0100414,0100416,3.079015528523425,,5,
shanghai,0100446,0100450,9.426746568074966,,14,
shanghai,0100446,0100454,4.792126939727884,,7,
shanghai,0100446,0100452,4.233267503768078,,9,
shanghai,0100446,0100448,2.690426655660009,,7,
shanghai,0100447,0100450,1.7428298354772005,,3,
shanghai,0100447,0100452,6.182801273540501,,7,
shanghai,0100447,0100454,1.7238167639228954,,3,
shanghai,0100448,0100450,2.05782140096608,,4,
shanghai,0100448,0100452,4.481987475638828,,8,
shanghai,0100448,0100454,1.510427514582807,,3,
shanghai,0100450,0100454,4.037696625482298,,6,
shanghai,0100450,0100452,2.237387927943205,,4,
shanghai,0100452,0100453,6.041518169505656,,10,
shanghai,0100452,0100454,3.4100316119936283,,7,
shanghai,0100521,0100522,2.8403499662033074,,3,
shanghai,0100529,0147704,2.541814264640207,,3,
shanghai,0100529,0118436,1.3572025448970302,,3,
shanghai,0100542,0100643,3.1804506751608446,,5,
shanghai,0100542,0100651,1.5858967883930553,,3,
shanghai,0100549,0100653,4.490949894966934,,7,
shanghai,0100549,0100655,2.1403345443614934,,4,
shanghai,0100549,0100643,1.893298086618963,,3,
shanghai,0100552,0100646,2.222955788667816,,3,
shanghai,0100552,0100653,2.356727431323934,,5,
shanghai,0100562,0100646,2.588149447723981,,4,
shanghai,0100622,0100654,2.310918417399229,,4,
shanghai,0100622,0100657,2.2942446290201115,,4,
shanghai,0100622,0100659,2.248790914641928,,5,
shanghai,0100634,0100660,1.3749544739766115,,3,
shanghai,0100643,0100646,2.400410526567038,,5,
shanghai,0100643,0100653,4.794556212199939,,10,
shanghai,0100643,0100651,4.769961158766454,,8,
shanghai,0100643,0100655,4.047683197911363,,7,
shanghai,0100646,0100655,3.1692067743054864,,6,
shanghai,0100646,0100651,2.2881061643817757,,4,
shanghai,0100646,0147764,1.3932856235702216,,3,
shanghai,0100647,0100653,1.671515044244814,,3,
shanghai,0100651,0100653,1.8673409785877486,,3,
shanghai,0100651,0100655,2.9806533413078733,,5,
shanghai,0100653,0143423,2.1038848240221575,,4,
shanghai,0100653,0100655,4.174559981151243,,8,
shanghai,0100653,0219964,1.4267928325381827,,4,
shanghai,0100657,0100658,2.8580628604000946,,4,
shanghai,0100657,0100659,1.9799842049166818,,3,
shanghai,0100662,0117100,1.7167099154136745,,4,
shanghai,0100682,0201701,3.5548948019521753,,5,
shanghai,0100696,0235081,1.6941043540865528,,3,
shanghai,0100696,0114337,2.0178097402119572,,5,
shanghai,0100696,0176063,1.9629404553069647,,3,
shanghai,0100696,0109274,1.116668472192159,,4,
shanghai,0100713,0232289,1.5515734420482596,,3,
shanghai,0100714,0146819,1.4365185119287958,,3,
shanghai,0100728,0234894,1.756134620639069,,3,
shanghai,0100729,0100767,5.352127011507085,,8,
shanghai,0100730,0100749,2.3269939770300017,,4,
shanghai,0100730,0100762,2.092120863184781,,3,
shanghai,0100733,0100749,1.1746640130622072,,3,
shanghai,0100733,0100734,1.274566328456756,,3,
shanghai,0100734,0100749,2.132278372636075,,4,
shanghai,0100734,0103492,1.407835641952278,,3,
shanghai,0100734,0100755,1.214394643588666,,3,
shanghai,0100734,0100750,1.9402292770083835,,4,
shanghai,0100736,0100767,2.3537501619946326,,4,
shanghai,0100737,0100755,1.7937429866945696,,3,
shanghai,0100741,0100760,1.8967144840000443,,4,
shanghai,0100743,0100749,1.104665494377818,,3,
shanghai,0100743,0100750,2.3042258191854894,,5,
shanghai,0100743,0100751,1.5485633993208252,,5,
shanghai,0100743,0100752,1.1450329176411156,,3,
shanghai,0100746,0100767,2.056066807837714,,4,
shanghai,0100746,0100755,1.036013504427077,,3,
shanghai,0100749,0100750,3.21404079183623,,5,
shanghai,0100749,0100751,2.232284407858442,,4,
shanghai,0100749,0100754,1.770484730514418,,4,
shanghai,0100749,0100752,1.7579908135055808,,4,
shanghai,0100749,0100753,1.6781837241372117,,3,
shanghai,0100750,0100752,2.388862455845961,,4,
shanghai,0100750,0100751,2.198033754933242,,4,
shanghai,0100750,0100762,1.314006515187414,,3,
shanghai,0100753,0100754,1.7076514350992014,,3,
shanghai,0100753,0100755,2.7715043122014746,,4,
shanghai,0100754,0100755,3.320869013787521,,5,
shanghai,0100762,0100767,1.7395267925639024,,3,
shanghai,0100762,0100764,1.6590691366438632,,3,
shanghai,0100770,0100773,3.78899151285783,,6,
shanghai,0100770,0100772,2.120553882265014,,3,
shanghai,0100771,0100772,6.871934085844463,,11,
shanghai,0100771,0100773,3.5321388442563872,,6,
shanghai,0100771,0100775,1.8126370685886193,,3,
shanghai,0100772,0100774,4.314935965733522,,7,
shanghai,0100772,0100773,3.585987830715723,,8,
shanghai,0100773,0100774,1.9981163517847453,,3,
shanghai,0100773,0100778,1.9115821743554444,,3,
shanghai,0100774,0100775,4.26023524609554,,6,
shanghai,0100782,0100783,4.756351458227036,,7,
shanghai,0100782,0100788,2.1901464037513794,,4,
shanghai,0100782,0100785,2.646795478950675,,5,
shanghai,0100782,0100789,4.5419608364604285,,6,
shanghai,0100782,0100795,2.5723671928405922,,4,
shanghai,0100783,0100788,5.550777482954458,,10,
shanghai,0100783,0100785,2.9132929357587276,,6,
shanghai,0100783,0100792,2.8732637606457163,,4,
shanghai,0100783,0100789,2.42777472840216,,4,
shanghai,0100783,0100795,2.3012490265137173,,3,
shanghai,0100785,0100792,2.0416604099748055,,3,
shanghai,0100785,0100788,11.42548700282256,,16,
shanghai,0100785,0100789,4.190079967512162,,6,
shanghai,0100785,0100795,2.2071238661804955,,3,
shanghai,0100785,0100790,1.714057210196025,,3,
shanghai,0100787,0100788,4.188779447838376,,6,
shanghai,0100788,0100789,2.080445809796416,,4,
shanghai,0100788,0100795,2.050372440619223,,3,
shanghai,0100788,0100794,2.0061918021317533,,3,
shanghai,0100789,0100795,1.6445665952137523,,3,
shanghai,0100793,0220019,2.1051617049784883,,4,
shanghai,0100797,0100801,4.311261287372295,,6,
shanghai,0100797,0100800,2.0497451940140823,,3,
shanghai,0100797,0132293,1.4808350340054757,,3,
shanghai,0100800,0132290,2.102251602235925,,4,
shanghai,0100800,0132294,4.691542072157031,,7,
shanghai,0100800,0100801,3.4562703110958384,,6,
shanghai,0100800,0132289,3.2905326782254676,,6,
shanghai,0100800,0132291,2.2888268490991335,,4,
shanghai,0100800,0132292,1.4833542606271959,,3,
shanghai,0100801,0132293,2.5799577446053155,,5,
shanghai,0100801,0132289,1.9353149932858276,,4,
shanghai,0100817,0100818,1.8484783026673421,,4,
shanghai,0100889,0100891,20.48672033469043,,23,
shanghai,0100890,0100891,18.323612099458483,,23,
shanghai,0101167,0101196,1.1146990439896656,,3,
shanghai,0101169,0101196,1.9169351590607113,,3,
shanghai,0101171,0101200,1.964241694621317,,3,
shanghai,0101175,0101200,1.8053916139366626,,3,
shanghai,0101179,0101200,1.9790051232642947,,3,
shanghai,0101180,0101200,2.3942080754927857,,3,
shanghai,0101181,0101196,4.175261447157413,,6,
shanghai,0101181,0101200,3.0158753753510523,,4,
shanghai,0101181,0101197,3.044157437101318,,4,
shanghai,0101181,0101198,2.2304845762122283,,3,
shanghai,0101183,0101200,2.812742184385264,,4,
shanghai,0101187,0101196,2.646638809279728,,3,
shanghai,0101518,0101534,2.510112785988827,,4,
shanghai,0101518,0101535,2.0736531806450964,,3,
shanghai,0101529,0101534,2.402331130871815,,3,
shanghai,0101554,0101571,3.0601612217120584,,4,
shanghai,0101555,0153920,1.6092788980558828,,3,
shanghai,0101556,0101579,2.247508145335559,,3,
shanghai,0101560,0101625,2.5735854144855947,,3,
shanghai,0101562,0153920,1.5261693708127784,,3,
shanghai,0101562,0101625,3.7992592720345137,,6,
shanghai,0101562,0101571,3.076576826290526,,5,
shanghai,0101562,0119695,2.596349288758173,,3,
shanghai,0101564,0153920,1.7026165338668804,,3,
shanghai,0101567,0101624,1.9471699028866436,,3,
shanghai,0101570,0153920,3.017471221960305,,4,
shanghai,0101571,0101574,2.3348399036973433,,3,
shanghai,0101571,0101583,2.4312115897280973,,3,
shanghai,0101571,0101581,2.2391154968968245,,3,
shanghai,0101573,0146710,2.091686535694106,,3,
shanghai,0101573,0101625,2.776751183680454,,3,
shanghai,0101574,0101579,1.8323721332217087,,3,
shanghai,0101576,0101625,2.255578379827231,,3,
shanghai,0101579,0153920,2.3131804733982393,,4,
shanghai,0101579,0101580,2.017775462806367,,3,
shanghai,0101582,0101624,1.8858955427931257,,3,
shanghai,0101583,0153920,2.6397756852438423,,4,
shanghai,0101584,0146710,5.394990890147922,,7,
shanghai,0101597,0101624,2.938176650490453,,4,
shanghai,0101601,0146710,2.0846782854447685,,3,
shanghai,0101604,0153920,2.4107649776530824,,4,
shanghai,0101608,0101609,2.2046799290297314,,3,
shanghai,0101616,0146710,2.267017843697131,,3,
shanghai,0101622,0153920,1.2013182656580976,,3,
shanghai,0101634,0101672,3.4074776810293845,,4,
shanghai,0101636,0101662,2.4832715185767595,,3,
shanghai,0101642,0101672,3.1554096424957843,,4,
shanghai,0101647,0101677,2.176948377974248,,3,
shanghai,0101649,0126733,2.591186937328367,,4,
shanghai,0101650,0101677,4.664611569365755,,5,
shanghai,0101657,0101691,2.3707800672512027,,3,
shanghai,0101660,0101668,2.330103490212624,,3,
shanghai,0101667,0101672,2.9886143219594894,,4,
shanghai,0101667,0101713,2.88330899804352,,4,
shanghai,0101668,0101700,1.989525991280127,,3,
shanghai,0101697,0101713,2.390886276180853,,3,
shanghai,0101728,0101806,1.658830170434162,,3,
shanghai,0101732,0235046,1.9519646705823974,,3,
shanghai,0101749,0153921,1.5206151436339648,,3,
shanghai,0101757,0101785,1.89587726885529,,3,
shanghai,0101761,0101802,1.2550812154194304,,3,
shanghai,0101772,0235047,2.0351835331803723,,3,
shanghai,0101774,0101784,2.162432571657474,,3,
shanghai,0101774,0101796,1.627433121343534,,3,
shanghai,0101784,0101796,3.046386193914989,,4,
shanghai,0101786,0101806,1.609185742114676,,3,
shanghai,0101803,0101811,1.9501627831855317,,3,
shanghai,0101821,0101839,2.1327281286999926,,3,
shanghai,0101856,0132775,2.559420507577704,,3,
shanghai,0101945,0146711,2.694754282150052,,3,
shanghai,0101946,0146711,2.5012234297754254,,4,
shanghai,0101946,0153923,2.7403116221064217,,5,
shanghai,0101961,0153923,1.4795037321141575,,3,
shanghai,0101962,0101976,2.2753608283967317,,3,
shanghai,0101962,0101982,2.225969846023743,,3,
shanghai,0101962,0102011,1.9200599884370544,,3,
shanghai,0101970,0146711,2.374262487087292,,3,
shanghai,0101974,0101994,3.2132330133962386,,4,
shanghai,0101976,0101991,2.0801269290598827,,3,
shanghai,0101978,0101983,2.4987230015726496,,3,
shanghai,0101978,0101987,2.383815345571233,,3,
shanghai,0101982,0146711,3.1370818856962335,,4,
shanghai,0101991,0118858,2.033350263612593,,3,
shanghai,0101994,0102010,2.30165355404964,,3,
shanghai,0102011,0146711,2.4701246362899907,,3,
shanghai,0102022,0102061,3.0118508069163434,,4,
shanghai,0102047,0102053,2.5264929707133135,,3,
shanghai,0102061,0102064,2.2211342076608798,,3,
shanghai,0102238,0156114,2.6423638910557994,,3,
shanghai,0102431,0102437,3.7557029380121087,,4,
shanghai,0102435,0102437,2.6540539518832738,,3,
shanghai,0102500,0102550,2.313740334279956,,5,
shanghai,0102505,0102533,2.185298503651792,,4,
shanghai,0102508,0102512,1.4340428873596056,,3,
shanghai,0102512,0102524,2.3809847590004196,,3,
shanghai,0102533,0102552,2.138865839705076,,4,
shanghai,0102564,0102578,2.797918599999158,,3,
shanghai,0102566,0102596,2.2407858214698595,,3,
shanghai,0102570,0102578,4.22219893367393,,5,
shanghai,0102573,0102602,3.6120235666654255,,5,
shanghai,0102573,0102583,2.4150171912334657,,3,
shanghai,0102573,0102582,2.1041721576547308,,3,
shanghai,0102575,0102599,2.7117029005947906,,3,
shanghai,0102577,0102599,2.8100485122300585,,3,
shanghai,0102578,0102582,4.63534061803933,,5,
shanghai,0102578,0102612,3.6676361709962175,,4,
shanghai,0102578,0102598,2.4686560295910036,,3,
shanghai,0102586,0102599,4.660537705753244,,5,
shanghai,0102599,0102609,2.714596827160853,,3,
shanghai,0102621,0102626,3.0809041225936142,,6,
shanghai,0102621,0102625,4.555203091147639,,9,
shanghai,0102621,0102623,2.9274993790639923,,6,
shanghai,0102623,0102626,7.67341010029779,,18,
shanghai,0102623,0102625,1.8793550177774785,,3,
shanghai,0102625,0102626,1.5693942045832654,,3,
shanghai,0102628,0118187,1.8260838537796062,,3,
shanghai,0102628,0154569,3.3080820892616103,,4,
shanghai,0102632,0102674,2.4379511477396614,,3,
shanghai,0102633,0102689,3.426819616524911,,4,
shanghai,0102652,0118187,3.4411040340047707,,4,
shanghai,0102653,0118187,1.879674704122416,,3,
shanghai,0102657,0102674,2.5927937417543996,,3,
shanghai,0102664,0118187,1.7614454406768962,,3,
shanghai,0102666,0118187,2.5817930590038065,,4,
shanghai,0102667,0118187,4.2981717366920815,,5,
shanghai,0102674,0118187,2.693093292005057,,3,
shanghai,0102678,0118187,2.49165861671557,,3,
shanghai,0102682,0118187,1.8272671869787767,,3,
shanghai,0102685,0118187,2.3318131502259045,,3,
shanghai,0102702,0236752,2.12904595898402,,3,
shanghai,0102716,0102785,1.644393552583469,,3,
shanghai,0102716,0102788,1.8816399229479983,,3,
shanghai,0102722,0102737,1.7077695800406771,,3,
shanghai,0102752,0102783,1.441412216592337,,3,
shanghai,0102808,0143423,2.462374545574566,,3,
shanghai,0102810,0143423,2.0153620153429435,,3,
shanghai,0102824,0109232,2.0336790795610757,,3,
shanghai,0102866,0102881,1.997980091571735,,4,
shanghai,0102885,0102903,1.3140818115587263,,3,
shanghai,0102894,0234807,3.031405615021667,,4,
shanghai,0102905,0118910,1.8962207313941093,,4,
shanghai,0102911,0102960,2.102077498836297,,3,
shanghai,0102939,0182006,1.4883349531091492,,3,
shanghai,0102966,0102977,2.9602069332640277,,4,
shanghai,0102973,0102977,2.205013878630252,,3,
shanghai,0102977,0103006,4.228013705037366,,6,
shanghai,0102977,0102986,2.194910124654004,,3,
shanghai,0102981,0103000,2.5334415536899733,,4,
shanghai,0102982,0102983,2.2960077878201357,,3,
shanghai,0102982,0102986,1.548583522315723,,3,
shanghai,0102982,0102994,3.424821493532761,,4,
shanghai,0102982,0102998,2.6137902042114334,,4,
shanghai,0102999,0103000,2.907785322064636,,4,
shanghai,0103106,0103124,2.2431611179761957,,3,
shanghai,0103130,0103145,2.1889247453581664,,3,
shanghai,0103143,0103145,2.291516766604456,,3,
shanghai,0103162,0220060,2.21605188769954,,3,
shanghai,0103166,0109396,2.259583754704812,,3,
shanghai,0103173,0103215,2.334624419443039,,3,
shanghai,0103202,0103215,3.0549093386853636,,4,
shanghai,0103267,0103268,1.8675866185655745,,3,
shanghai,0103268,0103294,5.209558912361315,,7,
shanghai,0103268,0103314,2.6126230616784136,,4,
shanghai,0103268,0103295,2.2697125638101516,,3,
shanghai,0103268,0103276,1.4792977883271123,,3,
shanghai,0103272,0103313,2.7779131569846474,,5,
shanghai,0103273,0103287,1.9181887419349997,,3,
shanghai,0103274,0103313,1.6961613963513242,,3,
shanghai,0103275,0103282,1.4953178810411405,,3,
shanghai,0103276,0103306,1.7374597011586257,,3,
shanghai,0103280,0146783,2.5171211434013574,,4,
shanghai,0103280,0103313,2.1546228922505617,,3,
shanghai,0103282,0103301,1.9448297658563507,,3,
shanghai,0103282,0103303,2.0495124580162325,,3,
shanghai,0103290,0103298,2.827489440427832,,4,
shanghai,0103291,0103298,1.856219590748374,,3,
shanghai,0103297,0103298,3.246139572406754,,5,
shanghai,0103298,0103311,2.243221315827846,,3,
shanghai,0103299,0103308,2.0734369596197535,,3,
shanghai,0103299,0103310,2.1863698424889724,,3,
shanghai,0103300,0146783,2.1184445055781076,,3,
shanghai,0103305,0103313,2.2838437682833117,,3,
shanghai,0103305,0146783,1.985533278634466,,3,
shanghai,0103308,0103313,1.9582393942404641,,3,
shanghai,0103312,0103313,2.134683583190469,,3,
shanghai,0103315,0103360,2.0067034408256506,,3,
shanghai,0103318,0103346,2.3821143793349564,,4,
shanghai,0103318,0103347,2.3358499970163313,,3,
shanghai,0103320,0103348,3.068466174763776,,5,
shanghai,0103327,0103347,1.8562956080794464,,3,
shanghai,0103333,0103346,3.0301664689711045,,4,
shanghai,0103346,0103347,2.8505190010966475,,4,
shanghai,0103346,0103365,1.3928771240258229,,3,
shanghai,0103348,0103354,1.3622991011414223,,3,
shanghai,0103352,0103360,2.1583687583653948,,3,
shanghai,0103403,0103406,2.729403733961555,,3,
shanghai,0103405,0103407,2.6065580951549485,,4,
shanghai,0103407,0103417,1.8521229341873828,,3,
shanghai,0103423,0146757,2.60896412567112,,3,
shanghai,0103429,0146757,2.7226982053248103,,3,
shanghai,0103444,0103485,2.192771818160213,,3,
shanghai,0103444,0103470,2.1910057798286555,,3,
shanghai,0103492,0103497,16.882103168421555,,20,
shanghai,0103492,0103495,15.389046198878766,,18,
shanghai,0103492,0103498,3.734124896979382,,4,
shanghai,0103492,0103500,3.4608081041948253,,4,
shanghai,0103492,0103496,2.6281720155217965,,3,
shanghai,0103497,0103500,2.864143127407239,,3,
shanghai,0103498,0152802,1.6408297079963314,,3,
shanghai,0103504,0103506,2.3892480974840824,,3,
shanghai,0103512,0103514,9.238463685352894,,10,
shanghai,0103513,0103514,4.483110912494918,,5,
shanghai,0103513,0119839,2.7853948666180854,,3,
shanghai,0103519,0103526,2.4412554832799356,,3,
shanghai,0103526,0103529,2.169064880620004,,3,
shanghai,0103543,0103554,2.7401074936236878,,4,
shanghai,0103950,0103953,1.3335148162130848,,3,
shanghai,0104150,0104166,2.026778578769554,,3,
shanghai,0104309,0104310,1.5224217433879101,,3,
shanghai,0104460,0143315,2.4836923745636845,,3,
shanghai,0104724,0104745,1.9457814542305742,,3,
shanghai,0104744,0104745,2.09306766475333,,3,
shanghai,0104751,0104755,2.3446143599471867,,3,
shanghai,0104755,0104773,2.149175689393516,,4,
shanghai,0104755,0104756,1.87399155363567,,3,
shanghai,0104781,0104802,1.7610475416123257,,3,
shanghai,0104804,0104806,1.6908358745216305,,3,
shanghai,0104813,0104820,1.9545624840253164,,3,
shanghai,0105053,0148766,2.809800674712889,,3,
shanghai,0105076,0148617,2.523361452980565,,3,
shanghai,0105079,0148865,1.8465581507222972,,3,
shanghai,0105116,0128900,2.1973282801402294,,3,
shanghai,0105150,0118757,2.6994142719478695,,3,
shanghai,0105156,0118438,2.020807822777909,,3,
shanghai,0105169,0128912,2.8356769443920924,,3,
shanghai,0105176,0149041,2.5203560068927393,,3,
shanghai,0105318,0149168,2.181772132544366,,3,
shanghai,0105873,0164207,3.5564120877504064,,4,
shanghai,0105961,0106006,1.4355166406115565,,3,
shanghai,0105961,0105962,2.011204142861472,,3,
shanghai,0105961,0105997,2.6398076548833953,,3,
shanghai,0105964,0105998,1.8375799113087175,,3,
shanghai,0105977,0105998,2.7782139376031503,,4,
shanghai,0106072,0106074,2.893984259856786,,4,
shanghai,0106088,0106100,2.487026429141148,,3,
shanghai,0106114,0106134,2.051580931756609,,3,
shanghai,0106131,0106134,2.497662737079884,,4,
shanghai,0106154,0106155,2.5856348976480206,,4,
shanghai,0106155,0106156,1.9878154323328157,,3,
shanghai,0106364,0106372,2.8059032006520326,,3,
shanghai,0106737,0106767,2.440909106771718,,3,
shanghai,0106743,0106759,2.105908919161588,,3,
shanghai,0106825,0106841,2.152133517067965,,3,
shanghai,0106868,0106871,1.8601419561127244,,3,
shanghai,0106961,0106997,2.1576956643064307,,3,
shanghai,0106963,0106997,5.973243667890749,,8,
shanghai,0106972,0106997,3.3911511975515034,,5,
shanghai,0106975,0106997,5.815845040951175,,8,
shanghai,0106977,0106997,2.300621060904275,,3,
shanghai,0106978,0106997,1.828786415417261,,3,
shanghai,0106981,0106997,2.190402107236816,,3,
shanghai,0106983,0106997,3.540274643850826,,5,
shanghai,0106987,0106997,2.7727835189288403,,4,
shanghai,0106988,0106997,2.6438248075715762,,4,
shanghai,0106996,0106997,2.665543800016872,,4,
shanghai,0107226,0107276,1.9691727125750778,,3,
shanghai,0107256,0107276,2.094614035630791,,3,
shanghai,0107264,0109291,2.467279032899906,,4,
shanghai,0107611,0107612,2.1386606303070446,,3,
shanghai,0107776,0129989,2.0090085811776355,,3,
shanghai,0108101,0108107,2.6414217777718996,,3,
shanghai,0108340,0108351,2.227359934652051,,3,
shanghai,0108340,0108352,2.057974649345555,,3,
shanghai,0108375,0170890,2.7270479807176087,,3,
shanghai,0108375,0109557,1.700852855691272,,4,
shanghai,0108447,0108449,3.0025160243861575,,4,
shanghai,0108488,0108493,1.525688890691439,,3,
shanghai,0108488,0112419,2.850328210165187,,4,
shanghai,0108492,0112419,1.624100037352483,,3,
shanghai,0108493,0112419,3.2700423733792077,,4,
shanghai,0108694,0108715,2.401918651372038,,3,
shanghai,0108703,0109566,1.9836599712332976,,3,
shanghai,0108714,0109566,2.632498437587623,,4,
shanghai,0108726,0114794,1.3497288817138302,,3,
shanghai,0108969,0235882,3.7601341428948114,,4,
shanghai,0109020,0109026,1.7434301540331714,,3,
shanghai,0109025,0109026,1.4646461912268962,,3,
shanghai,0109026,0109040,2.987902167887092,,5,
shanghai,0109076,0155192,1.431816118478536,,3,
shanghai,0109077,0155207,2.452619628276819,,3,
shanghai,0109081,0235106,2.810348957267112,,4,
shanghai,0109082,0235106,2.851535028742492,,4,
shanghai,0109082,0235105,2.1946036507365125,,3,
shanghai,0109086,0235110,2.2633571338250955,,3,
shanghai,0109087,0235111,1.735235129479313,,3,
shanghai,0109104,0231656,1.8087238553505427,,3,
shanghai,0109104,0155452,1.8074029247899082,,3,
shanghai,0109105,0186997,1.7607254167644006,,3,
shanghai,0109105,0155452,3.238336585222355,,5,
shanghai,0109117,0109118,2.2214568744492413,,3,
shanghai,0109120,0146739,2.44132554750709,,4,
shanghai,0109121,0235087,4.806007195909332,,7,
shanghai,0109121,0235085,2.8426656739080585,,5,
shanghai,0109121,0117884,2.473332922848495,,3,
shanghai,0109121,0119555,2.010057590745555,,3,
shanghai,0109126,0146970,1.4992281840205286,,3,
shanghai,0109127,0112370,2.144647711048901,,3,
shanghai,0109138,0172385,1.4457499996328012,,3,
shanghai,0109141,0154928,2.2300479136666462,,3,
shanghai,0109143,0154929,3.181381962937045,,5,
shanghai,0109143,0138843,2.2318454138985477,,3,
shanghai,0109147,0164210,4.713686936159258,,6,
shanghai,0109153,0143436,2.5737601279271844,,3,
shanghai,0109153,0143106,2.5580141272466914,,3,
shanghai,0109155,0143436,4.6621162873804165,,6,
shanghai,0109155,0143158,2.4905732774865874,,3,
shanghai,0109164,0132296,1.8213273930621665,,3,
shanghai,0109166,0109167,3.566343818254155,,4,
shanghai,0109177,0155177,1.8614422831145774,,3,
shanghai,0109177,0155179,1.7685572066771873,,3,
shanghai,0109178,0155177,2.237442470649841,,3,
shanghai,0109178,0155179,2.3921067434737724,,3,
shanghai,0109178,0155186,3.0119348642520305,,4,
shanghai,0109187,0129596,3.647979650080443,,6,
shanghai,0109187,0126318,2.009491610130872,,3,
shanghai,0109196,0147717,2.828725425771878,,4,
shanghai,0109196,0147710,2.7743525869838104,,4,
shanghai,0109196,0147720,1.9733083430579388,,3,
shanghai,0109196,0147709,1.7307273227510698,,3,
shanghai,0109198,0143430,2.829823832396309,,3,
shanghai,0109198,0170855,2.439397420511825,,4,
shanghai,0109199,0170856,2.523656443978613,,4,
shanghai,0109199,0170855,2.0267942542025867,,4,
shanghai,0109199,0170861,2.3008542067579008,,4,
shanghai,0109205,0153521,1.9940258645593185,,3,
shanghai,0109211,0109711,3.239670246552927,,5,
shanghai,0109211,0109652,1.9066930865834661,,3,
shanghai,0109216,0147706,1.875362409501569,,3,
shanghai,0109219,0147706,1.4361937301062804,,3,
shanghai,0109219,0118436,2.2334270636845472,,3,
shanghai,0109219,0117494,1.4190346754069103,,3,
shanghai,0109232,0143423,6.486313247363429,,7,
shanghai,0109235,0235092,1.6637387781818913,,3,
shanghai,0109237,0235092,3.2188728873806065,,4,
shanghai,0109237,0109238,2.7467475079383266,,3,
shanghai,0109248,0109250,5.118297723662998,,6,
shanghai,0109248,0203956,2.035397156072993,,3,
shanghai,0109272,0235084,2.6023335052206553,,4,
shanghai,0109274,0117101,2.400075306736073,,4,
shanghai,0109274,0235082,2.148899009164342,,4,
shanghai,0109286,0114185,1.8481993027606913,,4,
shanghai,0109288,0114231,2.012716041808104,,3,
shanghai,0109290,0118926,1.577204287441313,,3,
shanghai,0109291,0146719,1.783044931570687,,4,
shanghai,0109293,0109295,2.7181371055870693,,4,
shanghai,0109323,0146707,2.6910333186066477,,3,
shanghai,0109323,0109331,3.518045660546943,,4,
shanghai,0109331,0115205,1.8018097471636976,,3,
shanghai,0109331,0113291,2.929510037604535,,4,
shanghai,0109345,0118576,4.195707700725039,,5,
shanghai,0109345,0118577,2.4363639511557293,,3,
shanghai,0109345,0138978,1.5232317197994627,,3,
shanghai,0109345,0138995,1.0502094285971422,,3,
shanghai,0109346,0138988,1.4662948752339673,,3,
shanghai,0109350,0118008,2.339800538082306,,3,
shanghai,0109351,0183654,1.3664299702246174,,3,
shanghai,0109353,0111940,2.0188022387564097,,3,
shanghai,0109353,0111916,1.8837586139212537,,3,
shanghai,0109354,0132758,1.935649623509526,,3,
shanghai,0109356,0235102,2.3526140926953083,,4,
shanghai,0109356,0109357,2.7036323629415353,,3,
shanghai,0109356,0172595,2.328547360858226,,3,
shanghai,0109357,0235104,1.8270186958023529,,3,
shanghai,0109377,0112419,2.6153176593970646,,3,
shanghai,0109396,0109397,3.662461012095563,,4,
shanghai,0109396,0170886,2.4514413166103113,,3,
shanghai,0109398,0109561,1.8266213099102617,,3,
shanghai,0109398,0109399,2.7779323824502935,,3,
shanghai,0109399,0143442,2.4839806001003444,,3,
shanghai,0109517,0109625,3.844008066931094,,9,
shanghai,0109518,0147771,0.8305950350832246,,3,
shanghai,0109518,0172771,1.9913110159326397,,4,
shanghai,0109518,0172770,1.933732084612747,,4,
shanghai,0109518,0146723,1.303593460375253,,3,
shanghai,0109519,0147749,2.885837351372286,,5,
shanghai,0109519,0148295,2.530147162652439,,4,
shanghai,0109519,0109705,2.403791729219587,,4,
shanghai,0109519,0147742,2.396093380887465,,4,
shanghai,0109519,0147748,2.2512468529677454,,4,
shanghai,0109519,0109627,2.2093284413838687,,4,
shanghai,0109519,0169345,1.883478036775824,,3,
shanghai,0109519,0169336,1.7109839676101872,,3,
shanghai,0109519,0117164,1.642413855806458,,3,
shanghai,0109526,0204019,2.379721910924594,,3,
shanghai,0109531,0109634,3.278614434926389,,4,
shanghai,0109531,0200131,3.1982579057174942,,4,
shanghai,0109531,0166226,3.172957597630319,,4,
shanghai,0109531,0200132,2.282083815372098,,3,
shanghai,0109533,0166226,2.0651781480541405,,3,
shanghai,0109552,0151334,2.0914471548317857,,3,
shanghai,0109560,0187053,5.4151292727477855,,7,
shanghai,0109561,0109642,2.794427729540101,,4,
shanghai,0109561,0169454,1.8502704188942214,,3,
shanghai,0109561,0118299,1.8457123259764394,,3,
shanghai,0109567,0147764,2.026462845181949,,3,
shanghai,0109572,0193504,2.878034177212065,,4,
shanghai,0109578,0109711,9.456457388474321,,12,
shanghai,0109584,0146795,2.5064531267132333,,3,
shanghai,0109585,0193175,4.036929624620112,,7,
shanghai,0109585,0189334,2.4595115208995595,,3,
shanghai,0109585,0165016,1.0566783255268755,,3,
shanghai,0109587,0172967,1.7781793966679564,,3,
shanghai,0109588,0146713,2.119042180836636,,3,
shanghai,0109624,0109697,1.6146371062155493,,3,
shanghai,0109652,0109711,1.6426721823551507,,3,
shanghai,0110240,0145132,8.078994643526443,,10,
shanghai,0110240,0145131,2.8191564135750764,,3,
shanghai,0110787,0110813,3.4623197810314355,,4,
shanghai,0110810,0110813,1.7487269413773485,,3,
shanghai,0111886,0111897,1.7943528334933274,,3,
shanghai,0111889,0111909,2.4404982801889177,,3,
shanghai,0111889,0111903,1.904057456934239,,3,
shanghai,0111924,0111927,2.346973211233367,,3,
shanghai,0111925,0111946,2.0310862294805707,,3,
shanghai,0111925,0111928,1.7650523860969556,,3,
shanghai,0111937,0132758,2.3417117166144292,,3,
shanghai,0111940,0111946,2.057126056261672,,3,
shanghai,0111961,0227808,2.828924393324024,,3,
shanghai,0112304,0234906,3.0001180255052002,,5,
shanghai,0112314,0155458,2.6406272854546384,,3,
shanghai,0112336,0147598,3.5649296695085093,,4,
shanghai,0112336,0147543,2.2188084289895067,,3,
shanghai,0112388,0153929,2.2013299364792367,,3,
shanghai,0112391,0235110,2.4985449392539443,,4,
shanghai,0112398,0119074,1.6380751959009907,,3,
shanghai,0112411,0236762,7.532592976805235,,10,
shanghai,0112411,0236760,3.8695660561616982,,5,
shanghai,0112411,0236764,3.4095826987178808,,5,
shanghai,0112411,0236761,2.964847781337246,,4,
shanghai,0112411,0117787,2.329314743767002,,3,
shanghai,0112411,0117788,1.782920335092756,,3,
shanghai,0112413,0112414,2.9756645463205564,,3,
shanghai,0113062,0114345,2.079756631328575,,3,
shanghai,0113063,0162397,4.254676293288998,,5,
shanghai,0113063,0146707,3.042586911293282,,4,
shanghai,0113063,0119074,2.227698335906002,,3,
shanghai,0113066,0197859,2.682014670141331,,3,
shanghai,0113069,0132689,2.4434976789949565,,3,
shanghai,0113074,0117119,2.804337274067105,,3,
shanghai,0113079,0169027,2.5891015300574836,,3,
shanghai,0113290,0152802,1.985111414473006,,3,
shanghai,0113292,0113293,6.337310357563482,,7,
shanghai,0113292,0235098,2.0901109191219924,,3,
shanghai,0113293,0118576,4.911348225627834,,6,
shanghai,0113293,0234662,2.707150632472546,,3,
shanghai,0113293,0162396,2.4639147191937067,,3,
shanghai,0113293,0119727,2.0175098151323705,,3,
shanghai,0113293,0235098,1.7367230878095519,,3,
shanghai,0113293,0234663,1.6486257868910965,,4,
shanghai,0113293,0118397,1.0995826947603347,,3,
shanghai,0113294,0113526,1.931299127391172,,3,
shanghai,0113294,0129089,2.327751847125777,,4,
shanghai,0113294,0147701,2.715266599374246,,3,
shanghai,0113295,0113303,1.81378238378643,,3,
shanghai,0113297,0235102,1.9634178654521814,,4,
shanghai,0113301,0146749,2.4736359590354087,,3,
shanghai,0113301,0235058,2.137414341017349,,3,
shanghai,0113301,0235059,1.5271847349267216,,3,
shanghai,0113302,0118487,1.7451247688462432,,4,
shanghai,0113302,0118484,2.240947139541547,,3,
shanghai,0113302,0159607,2.1633555337295736,,4,
shanghai,0113309,0236160,2.599189021585289,,3,
shanghai,0113310,0173089,1.5882782717554307,,3,
shanghai,0113337,0113338,1.3666082411783314,,3,
shanghai,0113338,0113339,4.773675409309819,,7,
shanghai,0113340,0235088,2.3743375986905675,,3,
shanghai,0113340,0235089,2.8295298800559374,,4,
shanghai,0113341,0235089,2.921018314507581,,4,
shanghai,0113344,0113345,3.199587986909635,,5,
shanghai,0113346,0113347,3.93395542021905,,6,
shanghai,0113425,0113426,3.334409781834447,,5,
shanghai,0113456,0212310,2.042644528151583,,3,
shanghai,0113526,0164761,1.716353880963626,,3,
shanghai,0113526,0118436,1.281860736403488,,3,
shanghai,0113528,0118435,1.3246066131912306,,4,
shanghai,0113726,0115665,0.7552512394115052,,3,
shanghai,0113741,0114655,2.4138822932563007,,4,
shanghai,0113753,0113756,3.8556981766873197,,4,
shanghai,0113761,0113812,1.8740067661475046,,3,
shanghai,0113761,0113814,1.5612890099044692,,3,
shanghai,0113762,0113763,1.6471641647866404,,3,
shanghai,0113777,0113778,18.11420781556421,,26,
shanghai,0113777,0114562,5.8638634635658144,,9,
shanghai,0113779,0237523,7.540954026682646,,11,
shanghai,0113783,0114467,2.0226899988401814,,4,
shanghai,0113942,0175674,1.5128340993080118,,3,
shanghai,0114157,0235668,2.6600464970579107,,4,
shanghai,0114185,0201701,1.8982450417163181,,3,
shanghai,0114185,0114231,1.8068798478322012,,3,
shanghai,0114185,0143685,1.7178170666803687,,3,
shanghai,0114185,0115208,2.142126161061829,,4,
shanghai,0114215,0114216,2.199105937913975,,3,
shanghai,0114216,0114601,2.8441051647973996,,5,
shanghai,0114216,0129148,2.20306502872205,,4,
shanghai,0114219,0117685,1.424366705216504,,3,
shanghai,0114219,0238806,1.201070384724591,,3,
shanghai,0114220,0132770,2.4445862885953815,,3,
shanghai,0114229,0115208,3.844281038103937,,8,
shanghai,0114229,0115210,3.5319334525392483,,6,
shanghai,0114229,0201701,1.859633052154243,,5,
shanghai,0114229,0231746,1.0960781816587546,,3,
shanghai,0114230,0173090,1.227287043749521,,3,
shanghai,0114231,0232412,2.654678092093834,,5,
shanghai,0114231,0234885,1.8974834744103182,,4,
shanghai,0114231,0231746,2.514641149392674,,5,
shanghai,0114231,0115209,3.252996081138012,,5,
shanghai,0114231,0115210,1.7049084349385495,,3,
shanghai,0114233,0114344,2.367767529628756,,5,
shanghai,0114233,0114234,2.247485531557988,,3,
shanghai,0114234,0143637,2.1743887399564863,,4,
shanghai,0114234,0114345,2.3512216706251365,,4,
shanghai,0114234,0232289,0.969164846367826,,3,
shanghai,0114237,0172512,1.4817763000968571,,3,
shanghai,0114237,0232289,2.208340939157903,,4,
shanghai,0114237,0129097,1.505298145897064,,3,
shanghai,0114256,0114258,2.954098057525902,,3,
shanghai,0114287,0164777,1.734504397036585,,3,
shanghai,0114290,0164778,1.7275507904368166,,3,
shanghai,0114328,0235098,1.322193245419172,,3,
shanghai,0114337,0117101,1.908361841236188,,4,
shanghai,0114337,0235081,3.0097492132403745,,6,
shanghai,0114344,0114345,1.9766187042951022,,3,
shanghai,0114344,0232289,2.4757898590640353,,5,
shanghai,0114345,0143637,2.5682020785973525,,5,
shanghai,0114345,0232289,4.296887678270296,,7,
shanghai,0114345,0172573,2.1913640784751562,,3,
shanghai,0114345,0114474,2.069966317772679,,3,
shanghai,0114345,0234657,1.7600986657104398,,3,
shanghai,0114345,0143493,1.4235494844177548,,3,
shanghai,0114348,0143525,2.01732094196968,,3,
shanghai,0114348,0115536,1.241396877523933,,3,
shanghai,0114381,0146818,2.3355938558694387,,3,
shanghai,0114404,0146739,2.126418254385804,,3,
shanghai,0114474,0143637,1.9576931572013314,,3,
shanghai,0114475,0143649,2.7179643958243442,,4,
shanghai,0114577,0164778,2.0764634098406187,,3,
shanghai,0114580,0164778,2.360318621123506,,4,
shanghai,0114596,0186997,1.3214900364771986,,3,
shanghai,0114683,0114685,1.6820894383981566,,3,
shanghai,0114718,0115205,1.129241105255474,,3,
shanghai,0114760,0201704,2.076647898881216,,3,
shanghai,0114780,0164778,1.8888093767243976,,3,
shanghai,0115196,0115205,3.433080671908899,,5,
shanghai,0115196,0115202,3.0766504507558134,,4,
shanghai,0115200,0115205,2.028595754201447,,3,
shanghai,0115200,0115202,2.1706879370981182,,3,
shanghai,0115200,0115204,2.013411063102426,,3,
shanghai,0115202,0115203,4.744443834127945,,6,
shanghai,0115203,0115205,1.616895842872995,,3,
shanghai,0115209,0232412,1.77999403356892,,3,
shanghai,0115209,0115210,2.221121634146347,,4,
shanghai,0115210,0201701,1.848259537453837,,4,
shanghai,0115233,0118801,1.241550439415995,,3,
shanghai,0115268,0146748,1.8558309868658416,,3,
shanghai,0115275,0175674,1.2252483029065881,,3,
shanghai,0115275,0166167,4.503868822178964,,7,
shanghai,0115423,0115587,1.746390021087847,,3,
shanghai,0115606,0115607,1.7552283324142266,,3,
shanghai,0115635,0235123,6.103788503474597,,10,
shanghai,0115635,0170906,1.5368526231105042,,3,
shanghai,0115635,0235124,5.884939864843069,,8,
shanghai,0115635,0164786,1.5997567618181479,,5,
shanghai,0115635,0170928,1.3405907428962023,,3,
shanghai,0115635,0143450,1.2946540126001023,,3,
shanghai,0115711,0166167,2.5053453708733406,,4,
shanghai,0115814,0115833,2.1100450526816883,,3,
shanghai,0115816,0115839,2.568554817157115,,4,
shanghai,0115818,0115839,1.3740743048936925,,3,
shanghai,0115818,0115841,2.923192247593181,,4,
shanghai,0115818,0115844,2.1908200831845033,,3,
shanghai,0115826,0115839,1.185041403840068,,3,
shanghai,0115829,0115839,1.4709596534321911,,3,
shanghai,0115832,0115833,2.3498387151815328,,4,
shanghai,0115832,0115844,1.8766608612415057,,4,
shanghai,0115832,0115847,1.9582361002329112,,3,
shanghai,0115865,0115872,2.9009373386303685,,4,
shanghai,0115865,0115891,1.4267673031750132,,3,
shanghai,0115879,0115893,1.3605819110670523,,3,
shanghai,0115892,0115895,1.8772128260116638,,3,
shanghai,0115892,0115913,1.3530918117744717,,3,
shanghai,0115894,0115917,2.4970176224818745,,3,
shanghai,0115925,0115928,3.6774461926478317,,6,
shanghai,0115925,0115939,3.067768034933104,,5,
shanghai,0115925,0115965,1.8865185024929372,,3,
shanghai,0115925,0115931,1.6930425169012686,,3,
shanghai,0115926,0115928,1.9872872269480064,,3,
shanghai,0115928,0115939,3.642702040738902,,5,
shanghai,0115931,0115961,1.3443951798564733,,3,
shanghai,0115969,0115972,5.529580983600093,,8,
shanghai,0115991,0115992,2.1866628843282596,,4,
shanghai,0116005,0116006,3.215987805351492,,5,
shanghai,0116020,0116023,2.997291383477466,,4,
shanghai,0116028,0116030,3.2276037175686305,,4,
shanghai,0116031,0116032,1.6055377409342335,,3,
shanghai,0116040,0116044,2.101263320213339,,3,
shanghai,0116041,0116044,8.8481110813368,,12,
shanghai,0116054,0116057,4.25359324493742,,6,
shanghai,0116059,0116063,4.194482600560796,,7,
shanghai,0116091,0116093,2.067336915064882,,4,
shanghai,0116097,0116100,2.432546866930065,,3,
shanghai,0116123,0116125,1.8614355722710596,,3,
shanghai,0116136,0116137,8.014807742796144,,12,
shanghai,0116140,0116146,1.5722988814786485,,3,
shanghai,0116140,0116145,1.3200269204419144,,3,
shanghai,0116145,0116146,1.3583343502923584,,3,
shanghai,0116154,0116156,1.756282746219612,,3,
shanghai,0116170,0116185,0.7732505936773748,,3,
shanghai,0116171,0116176,2.6720930850709945,,4,
shanghai,0116207,0116209,2.8324057005276546,,5,
shanghai,0117100,0117101,1.779239110063194,,3,
shanghai,0117101,0235081,1.646252055421615,,4,
shanghai,0117101,0143548,1.5064024629519674,,3,
shanghai,0117101,0234879,1.3450875415197519,,3,
shanghai,0117102,0155058,1.2774425581778899,,3,
shanghai,0117106,0235666,1.3335042952339453,,3,
shanghai,0117107,0235666,1.512359467216923,,3,
shanghai,0117107,0235667,0.9446449528548915,,3,
shanghai,0117119,0146749,3.25601393079733,,5,
shanghai,0117119,0235056,2.0259848018810422,,3,
shanghai,0117119,0235058,1.2600416888035206,,3,
shanghai,0117119,0235059,1.2396696670886487,,3,
shanghai,0117425,0117426,3.703771375815608,,4,
shanghai,0117426,0117427,3.166714982303228,,4,
shanghai,0117426,0117429,2.6861127587316966,,3,
shanghai,0117439,0235100,2.142779723402789,,3,
shanghai,0117440,0235100,2.115595283089908,,3,
shanghai,0117441,0235100,2.6187374560071683,,4,
shanghai,0117496,0147704,1.6974144421841022,,3,
shanghai,0117559,0234894,0.9881454549400344,,3,
shanghai,0117631,0146725,0.817855312147654,,3,
shanghai,0117632,0186275,2.091676692620764,,3,
shanghai,0117633,0146725,2.178050612741532,,4,
shanghai,0117675,0117678,0.7588299669273011,,3,
shanghai,0117677,0117678,2.154426500833201,,8,
shanghai,0117678,0117679,0.6774393654738713,,3,
shanghai,0117744,0138975,3.6835567748162874,,4,
shanghai,0117787,0236761,4.829828682350171,,6,
shanghai,0117787,0236764,3.98980495567364,,5,
shanghai,0117787,0236760,2.6805641915022473,,3,
shanghai,0117787,0227624,2.39623426079394,,3,
shanghai,0117788,0236761,1.732967190572054,,3,
shanghai,0117788,0236762,3.0271774718460236,,4,
shanghai,0117842,0146730,2.5371321653589796,,3,
shanghai,0117850,0235093,1.1342165356794771,,3,
shanghai,0117882,0235087,2.8267100522328774,,6,
shanghai,0117882,0235085,2.433996217519354,,4,
shanghai,0117948,0138984,2.328556545964073,,4,
shanghai,0118005,0235081,1.6760893301451867,,3,
shanghai,0118011,0173355,2.074070194271526,,3,
shanghai,0118084,0147706,1.219359036339623,,3,
shanghai,0118152,0118153,0.8844524952839175,,3,
shanghai,0118187,0146735,2.2271541438487,,3,
shanghai,0118319,0146742,3.1172709855135734,,4,
shanghai,0118346,0118416,1.4336351135320173,,3,
shanghai,0118358,0118360,3.6362216044522055,,4,
shanghai,0118358,0118359,3.1612478701369815,,4,
shanghai,0118397,0234662,1.9658725157827952,,3,
shanghai,0118415,0142979,1.610206123631183,,3,
shanghai,0118416,0164207,3.3328716093698025,,6,
shanghai,0118416,0156764,2.6291349581930232,,4,
shanghai,0118416,0239243,2.1435433849296475,,3,
shanghai,0118428,0118429,1.5239836752634528,,4,
shanghai,0118436,0147704,3.0074756097487088,,6,
shanghai,0118436,0147702,2.6629212377413567,,6,
shanghai,0118436,0147706,1.6837583665803337,,4,
shanghai,0118448,0235102,1.4690131142175837,,3,
shanghai,0118511,0146749,2.150577697437254,,3,
shanghai,0118576,0138975,3.1516746760848893,,5,
shanghai,0118576,0235098,2.4907681839556797,,4,
shanghai,0118582,0148026,2.209254864591095,,3,
shanghai,0118696,0235092,3.0717764189554124,,5,
shanghai,0118696,0235091,1.684368026804052,,3,
shanghai,0118696,0235093,4.085346723589009,,6,
shanghai,0118696,0147206,2.029131361337373,,3,
shanghai,0118732,0146788,2.2840362872863524,,3,
shanghai,0118797,0120326,1.3755747805325396,,3,
shanghai,0118842,0138977,3.397373940418399,,4,
shanghai,0118842,0138984,3.5615672343931624,,4,
shanghai,0118851,0147796,1.9545277454182106,,3,
shanghai,0118858,0146711,1.5613931876366605,,3,
shanghai,0118858,0172820,1.430413571567429,,3,
shanghai,0118971,0143158,2.4434955289358538,,3,
shanghai,0118975,0170856,3.280463101839164,,5,
shanghai,0118975,0143430,2.8203371555714103,,4,
shanghai,0118975,0234900,1.7322967618037648,,3,
shanghai,0118982,0235124,1.4039569289835312,,3,
shanghai,0118995,0132675,2.291973937066178,,3,
shanghai,0119004,0119508,1.885365579102131,,3,
shanghai,0119647,0146639,1.487711941369208,,3,
shanghai,0119649,0147728,1.9125079130063272,,3,
shanghai,0119727,0138975,3.3361426355702264,,5,
shanghai,0119727,0138984,1.360159510875846,,3,
shanghai,0119727,0235098,1.3331447549280446,,3,
shanghai,0119759,0132609,0.9223613690805837,,3,
shanghai,0119946,0119948,4.237097480290931,,5,
shanghai,0119946,0119947,4.222569052691951,,5,
shanghai,0119947,0119948,7.279167102904651,,9,
shanghai,0119989,0120143,2.6027453765714514,,3,
shanghai,0120145,0164145,3.064224958753054,,4,
shanghai,0120244,0120253,2.8090420859773326,,3,
shanghai,0122113,0122114,2.879808578940586,,3,
shanghai,0122746,0122748,2.3918643061619034,,3,
shanghai,0123021,0236752,8.545794362915542,,15,
shanghai,0123054,0161819,1.636181900269789,,3,
shanghai,0123549,0125890,3.644905392689478,,4,
shanghai,0123859,0127527,2.087451803580391,,3,
shanghai,0123859,0127950,1.5326631397349728,,3,
shanghai,0124370,0132096,2.1263396718599066,,3,
shanghai,0124497,0124498,5.774218794177329,,7,
shanghai,0124498,0124614,2.2440563416462656,,3,
shanghai,0124498,0132008,1.9107403458722523,,3,
shanghai,0124498,0131960,1.1940605671746451,,3,
shanghai,0124499,0124578,1.4194341531500752,,3,
shanghai,0124554,0127256,2.5671070903659814,,3,
shanghai,0124560,0130060,2.4071299024368633,,3,
shanghai,0124580,0131956,3.7903981344138344,,5,
shanghai,0124580,0131923,1.9525271933556894,,3,
shanghai,0124580,0129784,1.4232865081482875,,3,
shanghai,0124580,0130176,1.314701141184802,,3,
shanghai,0124580,0124795,1.0824945789781024,,3,
shanghai,0124595,0130919,1.441088749701665,,3,
shanghai,0124614,0124685,1.7106491831864925,,3,
shanghai,0124669,0124692,4.3573509300847055,,7,
shanghai,0124669,0130168,2.3867618310558543,,4,
shanghai,0124673,0131925,1.5510550713057052,,3,
shanghai,0124692,0130168,2.324234796672968,,3,
shanghai,0124692,0124693,0.9279995868865947,,3,
shanghai,0124703,0130873,1.1100587899654408,,3,
shanghai,0124713,0130081,1.7255154873179426,,3,
shanghai,0124754,0130186,2.065324161892569,,3,
shanghai,0124875,0127950,2.344108150971558,,3,
shanghai,0125329,0127030,2.7869806962005494,,3,
shanghai,0125443,0188164,4.353162137722895,,5,
shanghai,0125450,0169027,3.3327405387830535,,4,
shanghai,0125450,0169025,2.5321246518408778,,3,
shanghai,0125454,0161280,2.5459517469463644,,3,
shanghai,0125454,0218138,4.631761453152219,,5,
shanghai,0125461,0169276,1.9756609797508577,,3,
shanghai,0126339,0146733,2.3025775680326124,,3,
shanghai,0126375,0155452,2.252571761247224,,3,
shanghai,0126723,0126724,2.6220019115573114,,5,
shanghai,0126723,0126733,5.499101561867838,,9,
shanghai,0126723,0126740,3.495449020681098,,6,
shanghai,0126724,0126733,8.271454343553831,,12,
shanghai,0126724,0126740,5.684522132276649,,9,
shanghai,0126724,0126743,3.266058848410861,,6,
shanghai,0126724,0126739,2.1476940722351623,,3,
shanghai,0126724,0126742,1.4427169551752481,,3,
shanghai,0126726,0126736,2.1829212536949165,,4,
shanghai,0126728,0126733,3.127656721272103,,5,
shanghai,0126728,0126731,1.7026940075761936,,3,
shanghai,0126731,0126733,3.1458091707438895,,5,
shanghai,0126731,0126736,3.388435680372499,,6,
shanghai,0126733,0126743,5.435420564147245,,9,
shanghai,0126733,0126740,4.524787606085891,,8,
shanghai,0126733,0126741,3.9437602564178693,,7,
shanghai,0126733,0126736,2.434306744483527,,6,
shanghai,0126736,0145929,2.047529222101977,,3,
shanghai,0126746,0126750,2.9240457004829397,,5,
shanghai,0126746,0126748,2.778299227476362,,4,
shanghai,0126746,0126749,2.2733675662301978,,4,
shanghai,0126746,0236495,2.198319389110191,,3,
shanghai,0126748,0126749,4.826093393359379,,8,
shanghai,0126749,0126750,3.0395387482545955,,5,
shanghai,0126975,0157539,2.7999693299783974,,3,
shanghai,0126975,0231994,5.005398954153189,,6,
shanghai,0126976,0143156,3.4868047897860617,,5,
shanghai,0126976,0231994,2.737253343941083,,3,
shanghai,0126981,0231988,3.3382550646327864,,4,
shanghai,0126988,0174924,2.7101958099254695,,3,
shanghai,0127034,0132735,3.7302528119337595,,4,
shanghai,0127035,0132735,3.3985498728050287,,4,
shanghai,0127036,0132735,2.1361012204227654,,3,
shanghai,0127037,0132735,4.698409139570888,,5,
shanghai,0127076,0131956,0.9556982812265379,,3,
shanghai,0127076,0130957,2.2469613543885343,,3,
shanghai,0127269,0127367,1.6247287508971184,,3,
shanghai,0127322,0131921,1.6139137270982946,,3,
shanghai,0127527,0161613,2.6509010576862537,,3,
shanghai,0127725,0129915,2.269878147042717,,3,
shanghai,0127950,0199915,2.3941104187297224,,3,
shanghai,0128718,0205086,7.765779109228742,,10,
shanghai,0128718,0129369,3.1283638327031467,,6,
shanghai,0128718,0129368,2.9464299964726863,,5,
shanghai,0128719,0205086,3.1377561349995595,,4,
shanghai,0128720,0129368,2.4808762022914035,,4,
shanghai,0128720,0205086,4.148635632083446,,5,
shanghai,0128721,0205086,3.630782159280039,,5,
shanghai,0128721,0129368,2.5518439389446863,,4,
shanghai,0128722,0129368,2.445130333212698,,4,
shanghai,0128722,0205086,9.62824664454909,,13,
shanghai,0128723,0129368,2.2094932974954915,,4,
shanghai,0128723,0129369,4.743454547619626,,8,
shanghai,0128723,0205086,12.153733559190393,,17,
shanghai,0128725,0129368,1.7329220203061684,,3,
shanghai,0128725,0129369,4.305278933869758,,7,
shanghai,0128725,0205086,9.493333819914122,,12,
shanghai,0128897,0160966,3.5626553159079126,,4,
shanghai,0128897,0160971,2.0612902836694156,,3,
shanghai,0128897,0150250,1.5940755392993187,,3,
shanghai,0128902,0150265,3.2937829106537198,,4,
shanghai,0128902,0148535,2.456705112121782,,3,
shanghai,0128927,0152588,2.829588720075793,,3,
shanghai,0128951,0152456,2.501363310290546,,3,
shanghai,0128954,0150800,2.552593890167319,,3,
shanghai,0128969,0148163,4.550917934950107,,5,
shanghai,0128969,0149128,2.0826286666787723,,3,
shanghai,0128994,0148039,3.19469006368414,,4,
shanghai,0128994,0148842,1.3923682694408581,,3,
shanghai,0129089,0164990,1.631123720560534,,3,
shanghai,0129097,0172512,3.298276968322262,,4,
shanghai,0129097,0232289,1.2652795815146713,,3,
shanghai,0129361,0170190,2.252302245160329,,4,
shanghai,0129369,0205086,1.352508826890603,,3,
shanghai,0129784,0131956,1.7897493290079551,,4,
shanghai,0129809,0130142,1.3201451801394026,,3,
shanghai,0129845,0129961,1.8317774746781221,,3,
shanghai,0129969,0130038,2.731713438547694,,4,
shanghai,0129987,0130060,2.27435312808684,,3,
shanghai,0130001,0182731,2.349989453225974,,3,
shanghai,0130040,0131925,1.9455584713907128,,3,
shanghai,0130045,0130864,1.6272660894656128,,3,
shanghai,0130053,0132008,2.0098897063641967,,3,
shanghai,0130060,0130176,2.6115871766275904,,4,
shanghai,0130076,0130077,2.970904675954095,,5,
shanghai,0130076,0130079,2.358806818978622,,3,
shanghai,0130077,0130078,3.2513103092174824,,4,
shanghai,0130078,0130079,2.174326845542459,,3,
shanghai,0130176,0130875,2.1959966186668263,,3,
shanghai,0130176,0130957,1.5464871788891819,,3,
shanghai,0130176,0131956,1.4133038155988804,,3,
shanghai,0130848,0131921,1.983439582483139,,3,
shanghai,0130848,0130891,1.6639951022057975,,3,
shanghai,0130891,0131921,1.526247175077308,,3,
shanghai,0131015,0132020,1.6777319013782663,,3,
shanghai,0131297,0131357,5.1219760749215855,,6,
shanghai,0131357,0132873,1.9955163113234775,,3,
shanghai,0131770,0205108,1.8540078420946842,,3,
shanghai,0131892,0132096,2.4831143223047913,,3,
shanghai,0131925,0132025,1.863768654570768,,3,
shanghai,0132289,0132290,2.0673453264489847,,4,
shanghai,0132289,0132294,6.606005537397365,,9,
shanghai,0132289,0132293,4.093202123228574,,6,
shanghai,0132289,0132292,2.7400736867357267,,5,
shanghai,0132289,0132291,1.8263988688060269,,4,
shanghai,0132290,0132294,4.755633346654083,,8,
shanghai,0132290,0132292,3.9792604625462076,,8,
shanghai,0132290,0132293,3.4612281387771766,,7,
shanghai,0132290,0132296,3.428623505778273,,5,
shanghai,0132290,0132291,1.9686216147680025,,3,
shanghai,0132290,0147732,1.9407364399558684,,3,
shanghai,0132290,0147726,1.0655071672183445,,3,
shanghai,0132291,0132294,2.1339610152311863,,5,
shanghai,0132291,0132293,1.6100387685989763,,3,
shanghai,0132291,0132292,2.7877467203324677,,4,
shanghai,0132292,0132294,5.895967677174205,,11,
shanghai,0132292,0132293,1.3949654668264322,,4,
shanghai,0132292,0132296,1.852262989191391,,4,
shanghai,0132293,0132294,4.170514809812603,,9,
shanghai,0132306,0132315,3.7795992468398554,,7,
shanghai,0132306,0155542,2.1161797146154586,,4,
shanghai,0132307,0132315,2.2681195317874328,,4,
shanghai,0132307,0155522,1.5151571225041027,,3,
shanghai,0132505,0132509,1.8196892039106114,,3,
shanghai,0132612,0133378,2.0311885703002197,,3,
shanghai,0132628,0146639,2.273549049401374,,3,
shanghai,0132628,0153927,3.0860278972264936,,4,
shanghai,0132628,0146645,2.2609595919443346,,3,
shanghai,0132637,0166226,1.9685230945722034,,3,
shanghai,0132660,0154656,2.5675979341942243,,3,
shanghai,0132660,0154655,2.5416876695513873,,3,
shanghai,0132660,0154660,2.3857241732061825,,3,
shanghai,0132660,0154659,2.373852242194571,,3,
shanghai,0132671,0157381,2.6182012948188147,,3,
shanghai,0132676,0169286,2.323013006777043,,3,
shanghai,0132699,0146599,2.6485779452697247,,3,
shanghai,0132699,0153927,4.834638903885674,,7,
shanghai,0132699,0146593,3.486813752804258,,4,
shanghai,0132699,0146600,2.324091420465615,,3,
shanghai,0132710,0172918,0.8187477257747874,,3,
shanghai,0132987,0232060,3.095789010320751,,4,
shanghai,0133076,0184932,2.8127716179400064,,3,
shanghai,0133268,0133337,2.407373855923802,,5,
shanghai,0133285,0157255,2.664381161011687,,3,
shanghai,0133299,0201377,2.247186509431592,,3,
shanghai,0133742,0138975,4.307194045605962,,6,
shanghai,0133742,0138977,4.176005740501582,,5,
shanghai,0133742,0162396,2.8293402642625916,,3,
shanghai,0133742,0138983,2.772374856174544,,3,
shanghai,0133743,0235091,1.873020841311609,,3,
shanghai,0133777,0235124,2.2289966248164816,,3,
shanghai,0134089,0146739,1.6688847266845295,,3,
shanghai,0134089,0206734,2.7832652823247184,,3,
shanghai,0136061,0136179,1.5897964877591593,,3,
shanghai,0136061,0136098,1.2299513461043319,,3,
shanghai,0136062,0136098,1.9483025195262882,,3,
shanghai,0136062,0136181,1.3347092558314442,,3,
shanghai,0136063,0136164,1.5688272639563838,,3,
shanghai,0136064,0136172,1.3461634298408827,,3,
shanghai,0136065,0136098,2.028791916403579,,4,
shanghai,0136065,0136077,1.1975691620943911,,3,
shanghai,0136066,0136092,1.030564815460044,,4,
shanghai,0136094,0136097,3.82010630810458,,8,
shanghai,0136097,0136123,1.8653810331463128,,4,
shanghai,0136098,0136165,1.905371137118819,,3,
shanghai,0136136,0136150,1.7041261784323893,,3,
shanghai,0136161,0136182,2.048951308142378,,3,
shanghai,0138622,0201697,2.1641531348453205,,3,
shanghai,0138709,0138710,2.9453553586279333,,5,
shanghai,0138844,0138845,1.6798941672017151,,3,
shanghai,0138844,0138851,1.3067981445099845,,3,
shanghai,0138846,0201707,1.3483479787398074,,3,
shanghai,0138846,0138850,1.1903590210069517,,3,
shanghai,0138850,0138851,2.0031439554875483,,3,
shanghai,0138853,0138854,1.8110691539912245,,3,
shanghai,0138872,0170855,1.3271622006233446,,3,
shanghai,0138877,0170855,2.212446426777979,,3,
shanghai,0138877,0234900,1.920054077871468,,3,
shanghai,0138882,0170799,1.1418383010995061,,3,
shanghai,0138975,0138977,12.665023585171754,,14,
shanghai,0138975,0138983,8.547829268344506,,10,
shanghai,0138975,0235098,4.140284661761458,,8,
shanghai,0138975,0162396,2.8544313483440704,,3,
shanghai,0138975,0234663,2.6635808286290743,,4,
shanghai,0138975,0138991,2.6275014534452135,,3,
shanghai,0138975,0138984,2.2547789686532917,,4,
shanghai,0138977,0138978,7.711271415868359,,9,
shanghai,0138977,0138984,7.697498614112631,,9,
shanghai,0138977,0138988,7.200203286826863,,8,
shanghai,0138977,0138990,5.3921503225675576,,6,
shanghai,0138977,0138981,5.299383829368066,,6,
shanghai,0138977,0138979,5.256984010412294,,6,
shanghai,0138977,0138995,3.345928594991728,,4,
shanghai,0138977,0235098,3.07738836136769,,5,
shanghai,0138977,0234662,2.80971503213319,,4,
shanghai,0138978,0138983,7.962112802845138,,9,
shanghai,0138978,0138991,4.399889444219978,,5,
shanghai,0138978,0235098,2.994591400991928,,5,
shanghai,0138978,0138989,2.7986994636621296,,3,
shanghai,0138978,0162396,2.38964633427419,,3,
shanghai,0138978,0234662,2.1503296310470392,,3,
shanghai,0138978,0234663,2.0040573312736982,,3,
shanghai,0138981,0138983,5.874586381127619,,7,
shanghai,0138981,0138991,4.058903703601679,,5,
shanghai,0138983,0138984,8.329917484609446,,10,
shanghai,0138983,0138988,8.212683874263314,,10,
shanghai,0138983,0235098,4.5987878204902755,,6,
shanghai,0138983,0138990,4.32613900358522,,5,
shanghai,0138983,0162396,2.9032997886595147,,3,
shanghai,0138983,0138995,2.4851110762055515,,3,
shanghai,0138983,0234663,2.33509733400376,,3,
shanghai,0138984,0138991,3.6992783151790958,,5,
shanghai,0138984,0162396,2.6925994476468897,,3,
shanghai,0138986,0138995,2.7864680404759143,,3,
shanghai,0138988,0162396,4.988327704044194,,6,
shanghai,0138988,0138991,4.175742441669435,,5,
shanghai,0138988,0235098,3.265843993358298,,5,
shanghai,0138988,0235035,2.523147554725184,,3,
shanghai,0138988,0153888,1.5542307728834497,,3,
shanghai,0138988,0234663,1.5174654248435726,,3,
shanghai,0138988,0235097,1.3884496340342571,,3,
shanghai,0138991,0235098,3.174078884444711,,4,
shanghai,0143094,0153921,3.4181497660907847,,4,
shanghai,0143100,0205108,2.579665546996109,,3,
shanghai,0143158,0186957,1.7704015482060966,,3,
shanghai,0143169,0232201,2.7380626516218465,,3,
shanghai,0143169,0232199,2.5406851373970785,,3,
shanghai,0143416,0203966,1.8303858319559145,,3,
shanghai,0143427,0231880,2.9776177051995534,,4,
shanghai,0143427,0232162,2.659825693181228,,3,
shanghai,0143430,0170856,2.4708926898185197,,3,
shanghai,0143430,0170858,3.070279516330532,,4,
shanghai,0143442,0169448,2.2506774126681175,,3,
shanghai,0143449,0146721,6.5872135786595685,,7,
shanghai,0143449,0169327,2.763535168769103,,4,
shanghai,0143449,0169330,2.7444276736598923,,4,
shanghai,0143449,0169332,2.692402570766451,,3,
shanghai,0143450,0235123,4.026291428849267,,6,
shanghai,0143450,0143749,3.8596667379894196,,5,
shanghai,0143450,0146737,2.829732556412737,,3,
shanghai,0143639,0231653,1.8155377291888724,,3,
shanghai,0143646,0237367,1.1098505280982125,,3,
shanghai,0143650,0235105,2.378935988923919,,4,
shanghai,0143767,0143768,1.1663537738128293,,3,
shanghai,0143841,0219149,2.8592225122765695,,4,
shanghai,0143841,0213797,1.4371789810105156,,3,
shanghai,0143841,0146929,1.291983504665163,,3,
shanghai,0145151,0157382,1.9746204216860983,,3,
shanghai,0145151,0145153,2.9127831188525697,,3,
shanghai,0145151,0152736,2.8054844234144896,,3,
shanghai,0145259,0232018,2.776993929019641,,3,
shanghai,0145651,0157233,1.77773932393643,,3,
shanghai,0145890,0235085,2.1624298363489673,,3,
shanghai,0146578,0146613,3.5947691823603334,,4,
shanghai,0146578,0146610,3.0914896647876953,,5,
shanghai,0146579,0146613,3.6229407807380607,,5,
shanghai,0146579,0146631,1.9181908808845682,,3,
shanghai,0146581,0146631,2.0886035152195404,,3,
shanghai,0146583,0146631,2.0651829159021755,,3,
shanghai,0146585,0146610,1.8024338454188507,,3,
shanghai,0146586,0146610,4.093507789020122,,5,
shanghai,0146586,0146636,4.251278887207761,,5,
shanghai,0146587,0146629,1.649992026312396,,3,
shanghai,0146593,0153927,1.1395356861446386,,3,
shanghai,0146593,0146613,6.047175244512777,,8,
shanghai,0146594,0153927,1.268297748745039,,3,
shanghai,0146594,0146610,1.7624192204638345,,3,
shanghai,0146596,0146628,5.2530208537609795,,8,
shanghai,0146596,0146640,2.4159555934922805,,3,
shanghai,0146598,0146628,2.3495174769937943,,3,
shanghai,0146599,0146613,3.6530158765747305,,5,
shanghai,0146599,0153927,3.629999342577206,,6,
shanghai,0146599,0146628,2.055365275481926,,3,
shanghai,0146600,0146631,1.7417068167079504,,3,
shanghai,0146601,0153927,1.8082568330673856,,3,
shanghai,0146601,0146628,2.835624563754319,,4,
shanghai,0146603,0146613,2.746588748751423,,3,
shanghai,0146605,0146613,2.8736050269724,,4,
shanghai,0146605,0146628,3.9855150536281996,,6,
shanghai,0146608,0146631,2.7320183010962826,,4,
shanghai,0146609,0146613,3.8759816084919763,,5,
shanghai,0146609,0146628,3.416667744466849,,5,
shanghai,0146610,0146627,3.380114663647753,,5,
shanghai,0146610,0146639,1.938760112012111,,3,
shanghai,0146610,0146615,4.490802611517804,,7,
shanghai,0146610,0146629,3.2524915598612822,,5,
shanghai,0146610,0146642,2.5559298253078464,,4,
shanghai,0146610,0146619,2.042392950296648,,3,
shanghai,0146613,0146627,5.682589384129781,,8,
shanghai,0146613,0146639,6.731417444077747,,8,
shanghai,0146613,0146635,7.4422683751925645,,9,
shanghai,0146613,0146640,5.649283042574027,,6,
shanghai,0146613,0146646,3.7380803053003513,,5,
shanghai,0146613,0146614,3.6171006271169124,,5,
shanghai,0146613,0146623,3.532299138929607,,5,
shanghai,0146613,0146618,2.96896714361249,,4,
shanghai,0146614,0153927,1.6717159743173695,,3,
shanghai,0146614,0146628,2.020539196145704,,3,
shanghai,0146615,0146628,2.1516400226673427,,3,
shanghai,0146616,0153927,2.1516410781766044,,4,
shanghai,0146616,0146628,1.8666828461119627,,3,
shanghai,0146621,0146631,1.625550125144664,,3,
shanghai,0146623,0146631,2.182174902106759,,4,
shanghai,0146624,0146628,2.7291783839089865,,4,
shanghai,0146626,0146628,1.8042907631018923,,3,
shanghai,0146627,0146628,3.3607629010573548,,6,
shanghai,0146628,0146629,3.145497216502719,,5,
shanghai,0146628,0146635,2.4848147642306824,,4,
shanghai,0146628,0146638,2.143831797595373,,4,
shanghai,0146631,0146635,1.776445421362506,,4,
shanghai,0146648,0146670,4.83682622123663,,6,
shanghai,0146648,0146671,2.3950478717904202,,3,
shanghai,0146650,0146673,1.4772206620421364,,5,
shanghai,0146650,0146670,3.6183191256786165,,4,
shanghai,0146651,0146671,11.96391059618551,,14,
shanghai,0146651,0146670,9.75780764247936,,11,
shanghai,0146651,0146674,6.272370162571855,,20,
shanghai,0146651,0146673,5.424873752980766,,19,
shanghai,0146653,0146670,12.60422205800041,,14,
shanghai,0146653,0146671,11.843625012007516,,13,
shanghai,0146653,0146673,7.19381020033667,,25,
shanghai,0146653,0146674,6.927633941079003,,24,
shanghai,0146654,0146671,18.578828536267057,,21,
shanghai,0146654,0146674,11.613846036023544,,38,
shanghai,0146654,0146673,10.627930879744138,,39,
shanghai,0146654,0146670,9.92295529604854,,12,
shanghai,0146655,0146670,21.133301422996823,,24,
shanghai,0146655,0146674,12.419887914158986,,39,
shanghai,0146655,0146673,11.566594096589665,,39,
shanghai,0146655,0146671,11.42510873946408,,13,
shanghai,0146655,0146656,3.4874741728911647,,5,
shanghai,0146655,0146657,2.1222191324033606,,3,
shanghai,0146656,0146670,15.601694388755135,,18,
shanghai,0146656,0146671,12.78854809073635,,14,
shanghai,0146656,0146673,10.47854974851314,,39,
shanghai,0146656,0146674,7.5568954637236985,,28,
shanghai,0146657,0146671,13.555318435755328,,16,
shanghai,0146657,0146670,12.36914014599854,,15,
shanghai,0146657,0146674,10.886237485615595,,37,
shanghai,0146657,0146673,7.866766721303055,,24,
shanghai,0146658,0146670,9.920787930653063,,11,
shanghai,0146658,0146671,5.854715190193986,,7,
shanghai,0146658,0146674,5.62673917455048,,17,
shanghai,0146658,0146673,3.221360353820854,,12,
shanghai,0146659,0146673,2.693508968943512,,12,
shanghai,0146659,0146674,3.096734487692013,,11,
shanghai,0146659,0146670,7.789402495648439,,9,
shanghai,0146659,0146671,3.560760137218699,,4,
shanghai,0146661,0146670,10.778094978911945,,12,
shanghai,0146661,0146671,9.874943289821129,,11,
shanghai,0146661,0146673,4.150230299843752,,16,
shanghai,0146661,0146674,3.5457806681925055,,9,
shanghai,0146662,0146673,2.919143990617249,,11,
shanghai,0146662,0146670,10.274228369284936,,12,
shanghai,0146662,0146671,2.7454400086234187,,3,
shanghai,0146664,0146670,5.126457766586852,,6,
shanghai,0146664,0146671,3.548141218894695,,4,
shanghai,0146666,0146673,2.8645319321470017,,10,
shanghai,0146666,0146674,1.431287686901031,,4,
shanghai,0146670,0146673,6.475596339883035,,23,
shanghai,0146670,0146674,8.514292919704301,,26,
shanghai,0146671,0146673,5.5355936916034185,,17,
shanghai,0146671,0146674,4.443032452509765,,14,
shanghai,0146673,0146674,4.95615574237534,,7,
shanghai,0146710,0153920,4.810353427332294,,6,
shanghai,0146711,0153923,8.174510945175363,,10,
shanghai,0146711,0172820,2.240101599299943,,4,
shanghai,0146720,0235084,2.2426292709857103,,3,
shanghai,0146721,0169336,2.4303782480857112,,3,
shanghai,0146721,0147743,2.2468928966026427,,3,
shanghai,0146725,0186275,2.930354231176737,,5,
shanghai,0146725,0186274,2.017454036857128,,3,
shanghai,0146728,0153925,3.1848746073891587,,4,
shanghai,0146739,0235085,2.2751583896818595,,3,
shanghai,0146743,0146744,2.5126489298712182,,3,
shanghai,0146746,0153029,3.4544587976472414,,4,
shanghai,0146748,0146749,5.9348191241659745,,8,
shanghai,0146749,0234666,5.371133668890999,,8,
shanghai,0146749,0235059,1.9492294840281112,,3,
shanghai,0146749,0235058,1.5524985254960297,,3,
shanghai,0146758,0234807,3.7712107866855646,,6,
shanghai,0146784,0171096,2.624129029687455,,3,
shanghai,0146788,0146789,3.9133478458406765,,5,
shanghai,0146793,0148448,3.7367858827816076,,4,
shanghai,0146793,0169437,3.507346524325953,,4,
shanghai,0146793,0169435,2.6020304705258983,,3,
shanghai,0146818,0234897,1.1672551903461865,,3,
shanghai,0146857,0146860,5.404386807515006,,7,
shanghai,0146945,0146954,4.838398648509958,,5,
shanghai,0146967,0155452,3.0966522160673597,,5,
shanghai,0146968,0155452,2.613850865996764,,3,
shanghai,0146987,0160964,1.7565541387354957,,3,
shanghai,0146993,0235092,1.9934054344042247,,3,
shanghai,0146998,0146999,2.190223560892199,,3,
shanghai,0147017,0147018,2.529841055707694,,3,
shanghai,0147264,0147267,2.04765890893786,,3,
shanghai,0147264,0147265,4.4148411512536585,,6,
shanghai,0147264,0147266,3.5380095692701743,,5,
shanghai,0147265,0147267,2.5188982553174295,,4,
shanghai,0147265,0147398,1.8066336696229897,,3,
shanghai,0147271,0213791,2.52683602907011,,3,
shanghai,0147274,0147275,1.6317746082103128,,4,
shanghai,0147378,0147398,2.1611823429027566,,4,
shanghai,0147378,0147393,2.7705436735001685,,5,
shanghai,0147382,0147404,2.0216317032142648,,3,
shanghai,0147389,0147393,1.6235101575272763,,3,
shanghai,0147393,0147398,1.5253177722314968,,3,
shanghai,0147408,0147412,4.698633416403515,,7,
shanghai,0147408,0147419,2.3687342108841896,,4,
shanghai,0147412,0147416,1.1155714758373243,,3,
shanghai,0147412,0147413,1.5966473512905472,,3,
shanghai,0147412,0147418,1.4639334366062648,,3,
shanghai,0147414,0147416,1.7095130466361947,,4,
shanghai,0147414,0147419,3.436040723174429,,6,
shanghai,0147416,0147419,4.126053744246959,,7,
shanghai,0147420,0147421,2.600804978311821,,4,
shanghai,0147420,0147587,1.8757359069100614,,4,
shanghai,0147420,0147461,1.6800262079399977,,3,
shanghai,0147420,0147481,1.2890180863373506,,4,
shanghai,0147421,0147522,2.3485948850603338,,4,
shanghai,0147421,0147557,1.9097313584156776,,3,
shanghai,0147421,0147512,0.760556167068235,,3,
shanghai,0147422,0147631,1.4156105166145112,,3,
shanghai,0147431,0147448,2.4007932550152864,,4,
shanghai,0147431,0147481,1.6140735144129161,,4,
shanghai,0147433,0147662,19.21653521123354,,24,
shanghai,0147435,0147527,2.0415548897401403,,3,
shanghai,0147435,0147499,2.440355508781189,,3,
shanghai,0147440,0147459,2.5964352733126304,,5,
shanghai,0147440,0147535,2.9942708169663566,,4,
shanghai,0147440,0147598,2.1070764568715985,,6,
shanghai,0147440,0147620,3.7424910087148646,,7,
shanghai,0147440,0147621,1.924937289260125,,4,
shanghai,0147440,0147484,2.158267244580353,,3,
shanghai,0147440,0147543,1.3740804692182254,,3,
shanghai,0147448,0147551,1.3618236888522515,,3,
shanghai,0147448,0147522,2.287218955246875,,5,
shanghai,0147448,0147512,0.8549072773968001,,3,
shanghai,0147448,0147580,3.0377851667885167,,5,
shanghai,0147448,0147627,2.4183935099056306,,4,
shanghai,0147449,0147551,1.400534059127262,,3,
shanghai,0147449,0147454,2.1622057922033573,,4,
shanghai,0147449,0147611,3.3245857685405094,,5,
shanghai,0147449,0147543,3.035680288345185,,5,
shanghai,0147449,0147633,1.584758672062054,,3,
shanghai,0147449,0147631,1.4520790359705467,,4,
shanghai,0147449,0147484,1.3237178106000158,,3,
shanghai,0147449,0147594,1.1434154062095958,,3,
shanghai,0147451,0147459,8.078100152539651,,16,
shanghai,0147451,0147574,3.1114877048858753,,4,
shanghai,0147451,0147693,7.078756883270065,,15,
shanghai,0147451,0147620,8.066120872833551,,14,
shanghai,0147451,0147551,2.6127560486577863,,4,
shanghai,0147451,0147621,3.794453002556783,,8,
shanghai,0147451,0147690,10.181304282136857,,23,
shanghai,0147451,0147510,4.9317806644252045,,7,
shanghai,0147451,0147573,4.132259936964166,,9,
shanghai,0147451,0147597,3.364376677537666,,5,
shanghai,0147451,0147476,2.986274712586211,,5,
shanghai,0147451,0147611,2.944554908362534,,6,
shanghai,0147451,0147463,2.163072946799262,,3,
shanghai,0147454,0147459,1.9748884852274688,,6,
shanghai,0147454,0147693,3.810467117938648,,8,
shanghai,0147454,0147656,3.2689014987230856,,6,
shanghai,0147454,0147690,3.7517936288851277,,8,
shanghai,0147454,0147469,4.612681165851313,,9,
shanghai,0147454,0147631,4.33287947043019,,7,
shanghai,0147454,0147522,3.9289728875596097,,7,
shanghai,0147454,0147597,3.7472421739640662,,7,
shanghai,0147454,0147512,3.63185761804742,,6,
shanghai,0147454,0147484,2.779447719771704,,6,
shanghai,0147454,0147580,2.480755160512586,,5,
shanghai,0147454,0147486,2.3116757312518934,,4,
shanghai,0147455,0147508,2.2108156532774443,,3,
shanghai,0147455,0147577,2.085868555313094,,3,
shanghai,0147455,0147478,6.542289674895267,,8,
shanghai,0147459,0147535,4.459367140116838,,7,
shanghai,0147459,0147620,3.4682432165692454,,7,
shanghai,0147459,0147611,3.4345620258068275,,8,
shanghai,0147459,0147543,3.0963446421940515,,6,
shanghai,0147459,0147522,2.6748096232096836,,6,
shanghai,0147459,0147631,2.5258190955648416,,5,
shanghai,0147459,0147512,2.298358448785878,,4,
shanghai,0147459,0147690,2.2870821848033076,,6,
shanghai,0147459,0147551,1.9934267576803189,,4,
shanghai,0147459,0147484,1.8200158700472924,,3,
shanghai,0147462,0147611,2.1358947194951807,,3,
shanghai,0147463,0147631,1.5668167954650294,,3,
shanghai,0147469,0147598,2.738496162750384,,5,
shanghai,0147469,0147656,1.950672175605646,,3,
shanghai,0147469,0147631,2.1867642612371623,,4,
shanghai,0147469,0147645,1.823244019552713,,3,
shanghai,0147469,0147580,1.5221081155846359,,3,
shanghai,0147469,0147662,1.4060109402779912,,3,
shanghai,0147472,0147662,1.1784577137469536,,3,
shanghai,0147478,0147508,3.0024077131525537,,5,
shanghai,0147478,0147621,3.175105767751072,,5,
shanghai,0147481,0147693,2.745498857362056,,4,
shanghai,0147481,0147580,1.264726633619818,,3,
shanghai,0147482,0147512,1.1002587903738719,,3,
shanghai,0147482,0147623,1.3268618422838583,,3,
shanghai,0147484,0147598,3.586016566265125,,9,
shanghai,0147484,0147620,2.5280806417466177,,6,
shanghai,0147484,0147621,2.2173922420657406,,6,
shanghai,0147484,0147573,2.418897956401964,,4,
shanghai,0147484,0147510,1.0826923041321255,,3,
shanghai,0147484,0147519,2.209429333655548,,4,
shanghai,0147484,0147522,2.1820419829777546,,6,
shanghai,0147486,0147512,2.55960540634493,,4,
shanghai,0147499,0147522,1.8308374232580595,,3,
shanghai,0147500,0147527,2.2559619440931638,,3,
shanghai,0147508,0147594,1.3964239827635145,,3,
shanghai,0147509,0147692,1.0933184828223477,,3,
shanghai,0147510,0147621,2.753019167047733,,4,
shanghai,0147510,0147611,5.052063341117099,,8,
shanghai,0147512,0147610,1.5715623100599883,,3,
shanghai,0147519,0147535,1.9032467040910928,,3,
shanghai,0147519,0147573,1.5188027083858169,,3,
shanghai,0147521,0147569,1.6227935998880874,,3,
shanghai,0147522,0147535,2.2507913431428666,,4,
shanghai,0147522,0147598,5.669531556439307,,12,
shanghai,0147522,0147551,1.701811169057502,,4,
shanghai,0147522,0147656,7.712417582047705,,12,
shanghai,0147522,0147690,1.8753071611101113,,5,
shanghai,0147522,0147546,2.370719774967377,,3,
shanghai,0147522,0147567,1.9615729318206006,,5,
shanghai,0147529,0147656,1.9978167686044404,,3,
shanghai,0147530,0147693,2.117563127713171,,4,
shanghai,0147530,0147551,1.6478862049514942,,3,
shanghai,0147530,0147621,2.15680812819409,,4,
shanghai,0147530,0147692,1.5305389311425008,,3,
shanghai,0147530,0147543,2.8617847836339956,,4,
shanghai,0147530,0147572,1.1637132485154722,,3,
shanghai,0147530,0147691,1.245083678434932,,3,
shanghai,0147535,0147620,8.113060191759727,,12,
shanghai,0147535,0147598,6.7982359731663555,,12,
shanghai,0147535,0147543,4.502000107290008,,7,
shanghai,0147535,0147574,3.9991928584264484,,5,
shanghai,0147535,0147611,3.013853662954399,,4,
shanghai,0147535,0147573,2.950797426003227,,5,
shanghai,0147535,0147551,2.2542244754516165,,5,
shanghai,0147537,0147656,2.184123365501202,,3,
shanghai,0147537,0147543,1.0397977430624936,,3,
shanghai,0147543,0147598,3.009686681791228,,5,
shanghai,0147543,0147573,1.8521879234950571,,5,
shanghai,0147543,0147611,1.9776108449993008,,3,
shanghai,0147546,0147693,2.138996989928981,,5,
shanghai,0147546,0147656,1.7261312267135869,,3,
shanghai,0147547,0147560,1.888041287896972,,3,
shanghai,0147551,0147574,1.5379183134490164,,3,
shanghai,0147551,0147620,4.358875472865553,,10,
shanghai,0147551,0147621,4.128207231412126,,10,
shanghai,0147551,0147573,1.881811325551342,,3,
shanghai,0147551,0147628,1.5275881435516776,,3,
shanghai,0147560,0147616,1.9234590823835014,,3,
shanghai,0147567,0147662,3.217003004128873,,5,
shanghai,0147573,0147574,1.4301970995193425,,3,
shanghai,0147573,0147620,5.185151703906946,,9,
shanghai,0147573,0147621,1.9840849180748013,,5,
shanghai,0147573,0147690,2.085126383839435,,4,
shanghai,0147574,0147620,3.1610509854348794,,4,
shanghai,0147574,0147611,2.954184071776284,,5,
shanghai,0147574,0147594,1.6168386370323513,,3,
shanghai,0147574,0147649,1.4737538373660353,,3,
shanghai,0147577,0147693,2.2659998464746716,,4,
shanghai,0147580,0147690,2.554757970582751,,6,
shanghai,0147590,0147620,2.7417021951810825,,5,
shanghai,0147594,0147611,2.496344492106389,,4,
shanghai,0147594,0147642,1.3383628439051443,,3,
shanghai,0147597,0147621,4.224652246960425,,7,
shanghai,0147597,0147631,1.2728293377038127,,3,
shanghai,0147598,0147620,4.757599354544869,,9,
shanghai,0147598,0147621,3.7679779734827297,,9,
shanghai,0147598,0147690,3.5689190311769954,,8,
shanghai,0147598,0147631,3.008885630356228,,5,
shanghai,0147603,0147656,0.8295214927223881,,3,
shanghai,0147605,0147630,2.1414994910375134,,3,
shanghai,0147610,0147623,1.104299083322246,,3,
shanghai,0147611,0147693,2.8180631843864745,,4,
shanghai,0147611,0147620,5.1170896707861155,,9,
shanghai,0147611,0147690,5.455597613623555,,14,
shanghai,0147620,0147693,2.6206953206255665,,5,
shanghai,0147620,0147690,5.698891834642696,,13,
shanghai,0147621,0147690,3.52088160331371,,7,
shanghai,0147627,0147631,1.388860747274847,,3,
shanghai,0147633,0147662,1.2953488237312596,,3,
shanghai,0147656,0147692,0.5077479602577533,,3,
shanghai,0147674,0147686,5.430243055344166,,7,
shanghai,0147674,0147677,3.268345418531791,,6,
shanghai,0147674,0147683,6.806689680245728,,10,
shanghai,0147674,0147687,5.951375630854915,,8,
shanghai,0147674,0147675,1.9675624197055486,,3,
shanghai,0147675,0147686,1.7979333938522926,,3,
shanghai,0147675,0147683,6.084831673993915,,7,
shanghai,0147675,0147679,3.3738181126210325,,4,
shanghai,0147675,0147678,3.2485218621315743,,4,
shanghai,0147675,0147687,2.153092315077502,,4,
shanghai,0147677,0147686,11.431605552192824,,19,
shanghai,0147677,0147687,23.867765473113938,,34,
shanghai,0147677,0147684,8.035918703170685,,13,
shanghai,0147677,0147683,7.148611774574471,,11,
shanghai,0147677,0147679,4.359729805897551,,7,
shanghai,0147677,0147678,3.0324826229255826,,5,
shanghai,0147678,0147686,3.267412066202235,,5,
shanghai,0147678,0147683,4.632719073269476,,6,
shanghai,0147679,0147686,4.983983589441546,,8,
shanghai,0147679,0147683,6.779798371524331,,10,
shanghai,0147679,0147687,3.4271614870106193,,6,
shanghai,0147681,0147683,2.735607916896643,,4,
shanghai,0147683,0147686,9.263171990164793,,13,
shanghai,0147683,0147687,9.817020569205573,,14,
shanghai,0147683,0147684,3.0270454552252812,,6,
shanghai,0147684,0147686,4.110828128112864,,6,
shanghai,0147684,0147687,7.515894477174349,,14,
shanghai,0147685,0147686,2.9210242389992116,,4,
shanghai,0147686,0147687,20.19106654949932,,31,
shanghai,0147686,0147688,4.204896668450765,,6,
shanghai,0147687,0147688,7.096928353261211,,10,
shanghai,0147689,0147693,6.845444810951722,,10,
shanghai,0147689,0147690,12.198724241094405,,18,
shanghai,0147689,0147692,3.252233661369092,,5,
shanghai,0147690,0147693,39.33251381799898,,59,
shanghai,0147690,0147692,21.984598533720423,,31,
shanghai,0147690,0147691,13.43648436424279,,17,
shanghai,0147691,0147693,11.16744379225399,,18,
shanghai,0147691,0147692,3.7135598683682884,,5,
shanghai,0147692,0147693,12.697382467927472,,19,
shanghai,0147701,0147704,1.3889537089429385,,3,
shanghai,0147701,0147702,2.59888652802129,,6,
shanghai,0147701,0147703,8.186686275467334,,12,
shanghai,0147702,0147704,34.405954672551225,,50,
shanghai,0147702,0147706,32.645089527237005,,46,
shanghai,0147702,0147705,15.804832598150458,,23,
shanghai,0147702,0147703,2.3996400078931535,,5,
shanghai,0147704,0147706,20.697364215840857,,31,
shanghai,0147704,0147705,7.667237707042943,,11,
shanghai,0147705,0165109,0.8219363403916704,,3,
shanghai,0147705,0147706,12.576417350669281,,17,
shanghai,0147707,0147714,3.441700715515935,,6,
shanghai,0147707,0147717,3.3483926168051314,,5,
shanghai,0147707,0147711,3.1274932429655804,,5,
shanghai,0147707,0147715,2.379928602538685,,4,
shanghai,0147707,0147708,2.2158564761071418,,4,
shanghai,0147707,0147712,1.6134935711170226,,3,
shanghai,0147707,0147721,1.4023257253744386,,3,
shanghai,0147709,0147710,5.331307189378543,,9,
shanghai,0147709,0147721,2.3943213593956454,,4,
shanghai,0147709,0147717,1.997306965657859,,3,
shanghai,0147709,0147713,1.8202077363634817,,3,
shanghai,0147709,0147720,1.1534853231109645,,3,
shanghai,0147710,0147720,6.977318366858419,,11,
shanghai,0147710,0147721,4.283060489667011,,7,
shanghai,0147710,0147713,2.9125501874688213,,4,
shanghai,0147710,0147717,2.310694390400074,,4,
shanghai,0147710,0147715,1.9905676058139017,,4,
shanghai,0147711,0147717,1.1801651506680777,,3,
shanghai,0147713,0147717,1.8119226768988188,,3,
shanghai,0147714,0147715,2.772390294906725,,5,
shanghai,0147715,0147717,3.299012084261844,,4,
shanghai,0147715,0147720,2.870404113358336,,4,
shanghai,0147726,0147728,9.210790373147036,,14,
shanghai,0147726,0147732,6.709888429621257,,11,
shanghai,0147726,0147730,2.7802264957816893,,4,
shanghai,0147726,0147729,2.4368336189296267,,4,
shanghai,0147728,0147729,2.425743575070771,,4,
shanghai,0147728,0147730,1.9669219284435306,,3,
shanghai,0147737,0147740,8.41865764736298,,11,
shanghai,0147737,0147739,5.974008265713089,,9,
shanghai,0147738,0147741,9.531718239294259,,13,
shanghai,0147738,0147739,2.241989000617569,,3,
shanghai,0147738,0157673,1.5467274590329656,,3,
shanghai,0147739,0147740,3.9500135588580556,,6,
shanghai,0147742,0147749,13.596861010529068,,20,
shanghai,0147742,0147747,15.182710047101837,,21,
shanghai,0147742,0147745,2.2919468698980054,,3,
shanghai,0147742,0169346,0.91664207907962,,3,
shanghai,0147743,0147748,12.504022729203903,,17,
shanghai,0147743,0147744,5.131737615718319,,8,
shanghai,0147744,0147748,8.401671688023253,,12,
shanghai,0147745,0147748,2.811174139382212,,4,
shanghai,0147747,0147749,10.340276535483563,,16,
shanghai,0147764,0147765,1.8080207674222233,,3,
shanghai,0147768,0147769,3.958970279163055,,5,
shanghai,0147768,0172656,1.8343526565318435,,3,
shanghai,0147770,0147771,6.977680031989648,,10,
shanghai,0147772,0172539,1.3952167093853374,,3,
shanghai,0147786,0147788,9.663113281768544,,12,
shanghai,0147791,0147796,1.6481146675978913,,3,
shanghai,0147795,0147796,3.620325825463742,,5,
shanghai,0147795,0147797,2.3625443938824553,,3,
shanghai,0147802,0147804,3.9487369982711953,,6,
shanghai,0147802,0147803,1.916954730209365,,3,
shanghai,0147916,0148619,2.122809870786668,,3,
shanghai,0147952,0148852,4.115913145890452,,6,
shanghai,0147954,0148846,2.4373363458850283,,4,
shanghai,0147996,0148485,2.268335850733344,,3,
shanghai,0148007,0149129,2.5578639200686006,,3,
shanghai,0148026,0150804,3.0707453558265643,,4,
shanghai,0148026,0148865,0.6906269379322932,,3,
shanghai,0148027,0148864,2.2702162241056545,,3,
shanghai,0148039,0148842,1.6671908935094577,,3,
shanghai,0148043,0148598,3.3687023064928434,,4,
shanghai,0148045,0148584,2.5149816395126137,,3,
shanghai,0148084,0149090,2.3237904479270037,,3,
shanghai,0148088,0148954,2.1968194296374475,,3,
shanghai,0148119,0148772,1.2762544259329358,,3,
shanghai,0148198,0148201,8.992937781489116,,10,
shanghai,0148198,0148200,1.8346600294591862,,3,
shanghai,0148206,0148210,3.891869313559767,,5,
shanghai,0148211,0148212,3.2914881222915753,,6,
shanghai,0148219,0232022,2.694870730980904,,3,
shanghai,0148279,0148280,3.574701294364563,,4,
shanghai,0148353,0148355,2.7218923962907433,,3,
shanghai,0148865,0150804,0.5444883011447527,,3,
shanghai,0149177,0155466,3.5610762806281917,,4,
shanghai,0149231,0149410,1.5521677015094337,,3,
shanghai,0150151,0150154,2.153906682045604,,3,
shanghai,0150318,0152033,1.3601249124849386,,3,
shanghai,0150321,0150323,2.0881559075696607,,3,
shanghai,0150329,0150331,2.811771325112715,,3,
shanghai,0150340,0150342,5.077490160541325,,6,
shanghai,0150340,0150347,4.958985062354971,,6,
shanghai,0150341,0150342,2.5836126991378956,,3,
shanghai,0150342,0150344,2.1919953889981225,,3,
shanghai,0150427,0150428,2.7587331732231197,,3,
shanghai,0150538,0150540,2.236406730539488,,3,
shanghai,0150559,0150565,3.173943123699453,,4,
shanghai,0150565,0150566,6.916770073609603,,8,
shanghai,0150565,0152070,2.0107311417819416,,3,
shanghai,0150671,0150692,1.7446253115025327,,3,
shanghai,0150674,0150692,2.8013980632688846,,4,
shanghai,0150676,0150683,2.4167763629888963,,3,
shanghai,0150676,0150697,2.0646932443087973,,3,
shanghai,0150692,0150697,2.392589172112626,,3,
shanghai,0150692,0150694,2.1817602463516854,,3,
shanghai,0150699,0150721,2.2759734661721467,,3,
shanghai,0150716,0150721,2.5029298245843083,,3,
shanghai,0150721,0150736,2.403719117416301,,3,
shanghai,0150721,0150726,2.276093926332444,,3,
shanghai,0150750,0150758,2.662819199340017,,3,
shanghai,0150852,0150853,2.8894909146056227,,3,
shanghai,0150980,0152674,2.5903766446174314,,3,
shanghai,0150986,0150998,3.6402183843655784,,5,
shanghai,0151002,0151004,2.5103256959683913,,3,
shanghai,0151021,0151022,2.892394291112123,,3,
shanghai,0151031,0151037,2.8854503358282146,,3,
shanghai,0151144,0231993,2.2363388804638964,,3,
shanghai,0151274,0153968,4.351914721412792,,5,
shanghai,0151274,0155466,3.336917225066354,,4,
shanghai,0151278,0153968,4.5280924553743045,,5,
shanghai,0151279,0153968,2.847445112634906,,3,
shanghai,0151279,0155466,5.967532611763802,,7,
shanghai,0151279,0151281,2.197897601385459,,3,
shanghai,0151326,0151337,2.408405829676772,,3,
shanghai,0151388,0151399,1.9434052676744191,,3,
shanghai,0151545,0151546,2.783817233100888,,3,
shanghai,0152056,0152057,2.1434901820722976,,3,
shanghai,0152065,0208474,1.6571324764882875,,3,
shanghai,0152370,0152380,3.972342316988131,,5,
shanghai,0152455,0152456,15.682558609510929,,17,
shanghai,0152800,0152802,5.445686716595463,,6,
shanghai,0152939,0152940,2.729504460738064,,3,
shanghai,0152940,0152947,2.369115857587108,,3,
shanghai,0152942,0152947,2.554721937342693,,3,
shanghai,0152942,0152948,5.416977505010019,,6,
shanghai,0153028,0218748,2.7030244490987316,,3,
shanghai,0153063,0235317,1.4049995929660113,,3,
shanghai,0153213,0153221,2.5065986764914743,,3,
shanghai,0153215,0153221,2.449198068485529,,4,
shanghai,0153215,0153217,7.804055429817606,,12,
shanghai,0153215,0153222,5.267479719745462,,10,
shanghai,0153215,0153220,3.8649321728210744,,5,
shanghai,0153215,0153216,1.5440290561000314,,3,
shanghai,0153215,0153219,1.2458976133227646,,3,
shanghai,0153216,0153221,2.1405029968663625,,4,
shanghai,0153216,0153222,6.785884053474546,,10,
shanghai,0153216,0153220,6.035769018856015,,10,
shanghai,0153216,0153217,4.206049139587982,,8,
shanghai,0153216,0153219,3.3130144394879255,,6,
shanghai,0153217,0153221,6.8015418918143595,,10,
shanghai,0153217,0153222,20.208193440944562,,31,
shanghai,0153217,0153220,13.644879452014047,,22,
shanghai,0153217,0153219,7.129863455722108,,10,
shanghai,0153219,0153220,13.390096857858337,,20,
shanghai,0153219,0153222,12.416090101758014,,18,
shanghai,0153220,0153221,3.354621610433866,,5,
shanghai,0153220,0153222,23.046323710935663,,35,
shanghai,0153221,0153222,4.641859269509687,,7,
shanghai,0153273,0153275,8.877627630208213,,14,
shanghai,0153273,0153274,8.781518507685664,,17,
shanghai,0153274,0153275,5.531580294877569,,11,
shanghai,0153600,0153601,1.3608251059689838,,3,
shanghai,0153623,0153629,3.579710346108301,,5,
shanghai,0153642,0153647,2.511743311407245,,4,
shanghai,0153656,0153658,3.8380228554131257,,6,
shanghai,0153657,0153658,2.6529610829749974,,5,
shanghai,0153683,0153690,1.8888175855931117,,3,
shanghai,0153684,0153691,1.4907421272137809,,3,
shanghai,0153685,0153691,1.5684939804086637,,3,
shanghai,0153740,0153743,1.8237110759935722,,3,
shanghai,0153745,0153746,2.6211494720658304,,4,
shanghai,0153746,0153749,3.7711520197194015,,6,
shanghai,0153923,0172820,1.3534550443664561,,3,
shanghai,0154107,0154162,2.51438937685221,,3,
shanghai,0154439,0154449,2.764053766708863,,3,
shanghai,0154449,0154470,2.6195903524582826,,3,
shanghai,0154655,0154656,2.164783897135347,,3,
shanghai,0154656,0154660,2.5839044243351563,,3,
shanghai,0154656,0154658,1.9968399419626932,,3,
shanghai,0154743,0162411,1.8033715777141743,,4,
shanghai,0154927,0154939,1.7061158745222942,,3,
shanghai,0154928,0154931,4.758647102907912,,8,
shanghai,0154928,0154936,2.239768906636163,,3,
shanghai,0154928,0154932,1.5047992171139395,,3,
shanghai,0154928,0154930,1.43596146803934,,3,
shanghai,0154928,0154940,1.401191229859568,,3,
shanghai,0154929,0154933,1.9227015137455574,,4,
shanghai,0154930,0154933,2.630114493087551,,5,
shanghai,0154930,0154932,3.314494744134773,,6,
shanghai,0154931,0154935,2.097208984204646,,3,
shanghai,0154931,0154940,2.024302292739047,,3,
shanghai,0154931,0154932,1.8524044007831955,,3,
shanghai,0154932,0154933,3.6434262990387327,,7,
shanghai,0154932,0154940,2.227937995443178,,3,
shanghai,0154932,0154938,1.913943141758942,,3,
shanghai,0154932,0154936,1.6515138805194802,,3,
shanghai,0154933,0154935,2.0480453652101303,,4,
shanghai,0154936,0154937,4.136992790849962,,6,
shanghai,0154937,0154939,2.0068146876320654,,3,
shanghai,0154937,0154940,1.8243777247402395,,4,
shanghai,0155022,0155152,1.3433066570479695,,3,
shanghai,0155042,0155085,1.5241172821937203,,4,
shanghai,0155144,0155171,2.941718666610683,,5,
shanghai,0155175,0155177,4.037636914502112,,6,
shanghai,0155175,0155184,1.854522938858377,,3,
shanghai,0155177,0164789,1.3094562135794678,,3,
shanghai,0155177,0155184,14.304368632983484,,23,
shanghai,0155177,0155179,5.179486318921082,,9,
shanghai,0155177,0155183,3.684581330857986,,6,
shanghai,0155177,0155181,2.758225805279724,,5,
shanghai,0155177,0155178,1.1763413946064214,,3,
shanghai,0155177,0237351,1.1475348388166136,,3,
shanghai,0155178,0155183,2.111851119907848,,3,
shanghai,0155179,0164789,1.8010438147148156,,3,
shanghai,0155179,0155184,7.061219441901574,,12,
shanghai,0155179,0155186,2.7905451131671786,,4,
shanghai,0155179,0155181,1.7710354287980072,,3,
shanghai,0155179,0155183,1.4139221498484176,,3,
shanghai,0155181,0155184,3.5673328556923196,,6,
shanghai,0155183,0155184,2.9596973252968284,,5,
shanghai,0155183,0155185,2.93926143256372,,4,
shanghai,0155183,0164787,2.397893909117183,,4,
shanghai,0155187,0155205,1.1040402611364077,,3,
shanghai,0155187,0155207,2.878015486985758,,5,
shanghai,0155187,0155200,5.5360186305720696,,8,
shanghai,0155187,0155202,4.986485273726951,,8,
shanghai,0155187,0155209,4.331365648798447,,7,
shanghai,0155187,0155195,2.2207170659188944,,4,
shanghai,0155187,0155188,1.3511776299210454,,3,
shanghai,0155187,0155190,1.3331601622781601,,3,
shanghai,0155187,0155201,1.1653830322267824,,3,
shanghai,0155188,0155207,2.5071173214513927,,4,
shanghai,0155188,0155200,2.1565193064855412,,3,
shanghai,0155189,0155207,1.4985638258861063,,3,
shanghai,0155190,0155200,3.1507292782160343,,5,
shanghai,0155190,0155202,2.323230708646407,,4,
shanghai,0155192,0155205,2.2733053760751334,,4,
shanghai,0155192,0155207,3.416395043131208,,5,
shanghai,0155192,0155200,2.75558464307473,,6,
shanghai,0155192,0155204,1.5857649882493616,,3,
shanghai,0155195,0155198,1.674893742563048,,3,
shanghai,0155196,0155200,1.8570828235463663,,3,
shanghai,0155198,0155207,2.016175338825963,,3,
shanghai,0155198,0155200,1.8592756983367966,,3,
shanghai,0155198,0155202,2.0745531867119773,,4,
shanghai,0155200,0155205,2.782362241280836,,5,
shanghai,0155200,0155207,2.492313963315861,,6,
shanghai,0155200,0155202,4.331981533677168,,8,
shanghai,0155200,0155209,1.7046928349839985,,3,
shanghai,0155202,0155205,3.483963333947235,,6,
shanghai,0155202,0155207,2.4736483267716274,,5,
shanghai,0155202,0155209,1.973506746081983,,4,
shanghai,0155202,0155204,1.6687658157797336,,3,
shanghai,0155205,0155209,2.4550992352956387,,4,
shanghai,0155205,0155207,1.9832019588735414,,4,
shanghai,0155217,0155325,13.845148525391663,,20,
shanghai,0155217,0155266,3.7026272740885986,,7,
shanghai,0155217,0155222,3.6924658723183192,,8,
shanghai,0155217,0155341,3.6802740695548946,,10,
shanghai,0155217,0155251,3.5087800535329947,,6,
shanghai,0155217,0155218,3.1052460084608895,,7,
shanghai,0155217,0155288,2.9313346414455395,,4,
shanghai,0155217,0155219,2.2833858328854086,,5,
shanghai,0155217,0155314,2.150571371869301,,3,
shanghai,0155217,0155256,1.9220351634485304,,4,
shanghai,0155217,0155350,1.8355664870879909,,3,
shanghai,0155217,0155352,1.7842715191621599,,4,
shanghai,0155217,0155285,1.579824994507425,,3,
shanghai,0155217,0155334,1.5532648453151054,,4,
shanghai,0155218,0225261,2.8235523261575564,,8,
shanghai,0155218,0155222,3.213008033953966,,5,
shanghai,0155218,0155325,4.324046461852567,,9,
shanghai,0155218,0155364,2.162790922584419,,4,
shanghai,0155218,0155254,4.130612628853689,,9,
shanghai,0155218,0155280,3.2579205767379484,,7,
shanghai,0155218,0155341,3.075799115945083,,9,
shanghai,0155218,0155287,2.0981887347024615,,5,
shanghai,0155218,0155281,2.072122407110361,,3,
shanghai,0155218,0155242,1.9716737122973635,,3,
shanghai,0155218,0155303,1.8499879134625374,,4,
shanghai,0155218,0155307,1.7785694999511057,,3,
shanghai,0155218,0155349,1.7709619648312116,,4,
shanghai,0155218,0155251,1.692614977945889,,3,
shanghai,0155219,0155280,1.2038877826410985,,3,
shanghai,0155221,0155325,3.071459781893352,,6,
shanghai,0155221,0155341,2.91671944799155,,7,
shanghai,0155221,0155224,3.5365313050427343,,5,
shanghai,0155221,0155300,1.297770156511885,,3,
shanghai,0155221,0155307,0.9043124203304165,,3,
shanghai,0155221,0155237,1.8154074978577925,,3,
shanghai,0155221,0155351,1.534277390409864,,3,
shanghai,0155221,0155343,1.2049159526837245,,5,
shanghai,0155222,0155325,11.106896467860796,,21,
shanghai,0155222,0155341,9.656276247398392,,23,
shanghai,0155222,0155254,6.521183744246827,,15,
shanghai,0155222,0155334,6.141710249101457,,13,
shanghai,0155222,0155242,4.509508828203277,,8,
shanghai,0155222,0155364,4.1757416343881335,,9,
shanghai,0155222,0155230,3.617775081700306,,7,
shanghai,0155222,0155321,3.4655185018025207,,6,
shanghai,0155222,0155350,3.1751274076653733,,5,
shanghai,0155222,0155363,3.1466243552130715,,5,
shanghai,0155222,0155361,3.034149868186953,,7,
shanghai,0155224,0225261,1.7176754234235014,,3,
shanghai,0155224,0155364,1.0178616869117358,,3,
shanghai,0155224,0155227,2.0457154590028677,,3,
shanghai,0155224,0155342,1.8227828449632537,,3,
shanghai,0155224,0155334,0.895935988963193,,3,
shanghai,0155225,0155341,2.0339422874459574,,3,
shanghai,0155225,0155266,0.9488028623850518,,3,
shanghai,0155227,0225261,0.7528982573398241,,3,
shanghai,0155227,0155255,1.4545714699895291,,3,
shanghai,0155227,0155320,1.7609895798415147,,3,
shanghai,0155227,0155293,1.496573948774654,,3,
shanghai,0155230,0225261,1.3582807163526485,,3,
shanghai,0155230,0155343,1.8530729542017075,,3,
shanghai,0155230,0155351,1.4675864464601576,,3,
shanghai,0155230,0155251,0.6976619107043291,,3,
shanghai,0155237,0155325,3.3119506171859276,,6,
shanghai,0155237,0155285,2.4543010163697114,,4,
shanghai,0155237,0155351,1.7489465703506886,,3,
shanghai,0155237,0155343,1.2671854549915325,,3,
shanghai,0155237,0155294,1.2396988444062638,,4,
shanghai,0155241,0155341,2.872720962700974,,5,
shanghai,0155242,0225261,0.6831188745731602,,3,
shanghai,0155242,0155325,4.381523484744173,,7,
shanghai,0155242,0155254,1.7365823382626377,,3,
shanghai,0155242,0155300,1.7606887480700375,,3,
shanghai,0155242,0155306,0.9578901395535104,,3,
shanghai,0155245,0155255,1.921575854796795,,3,
shanghai,0155245,0155251,1.2571614139970737,,3,
shanghai,0155246,0225261,0.9036671728684705,,3,
shanghai,0155249,0155323,1.332298684588371,,3,
shanghai,0155251,0155325,4.688355250533768,,10,
shanghai,0155251,0155254,2.415926566244379,,4,
shanghai,0155251,0155334,0.8800472621388129,,3,
shanghai,0155251,0155343,1.7837951853132084,,4,
shanghai,0155252,0155334,1.2881839768241399,,3,
shanghai,0155252,0155280,1.9517588049292647,,3,
shanghai,0155252,0155291,2.3487564714908458,,3,
shanghai,0155252,0155286,0.8491177637713077,,3,
shanghai,0155254,0155255,2.3432804527654976,,5,
shanghai,0155254,0155325,12.899279510134296,,19,
shanghai,0155254,0155341,4.7163487215682816,,8,
shanghai,0155254,0155266,3.964265863747614,,6,
shanghai,0155254,0155343,3.4898274997587615,,7,
shanghai,0155254,0155300,2.681794249857281,,5,
shanghai,0155254,0155351,2.1696069815679677,,5,
shanghai,0155254,0155334,1.6948515864694613,,5,
shanghai,0155254,0155287,1.6939299864212167,,4,
shanghai,0155254,0155349,1.6220402236427955,,4,
shanghai,0155255,0155343,1.6917827932348568,,5,
shanghai,0155255,0155306,1.4222844197303628,,3,
shanghai,0155255,0155294,1.3539563104828718,,3,
shanghai,0155255,0155364,0.9019852971950656,,3,
shanghai,0155255,0155351,0.86997148177769,,3,
shanghai,0155258,0155350,1.2943920817842876,,3,
shanghai,0155259,0155343,2.0242526726531715,,3,
shanghai,0155259,0155295,1.9843470656592335,,3,
shanghai,0155266,0155341,2.5912098974716637,,5,
shanghai,0155266,0155321,1.3249745704852773,,3,
shanghai,0155266,0155334,1.0767274376226652,,3,
shanghai,0155266,0155288,2.9037807251107584,,4,
shanghai,0155276,0155334,2.0119432700630635,,5,
shanghai,0155280,0155325,5.060689523204477,,9,
shanghai,0155280,0155364,2.0016527723248974,,4,
shanghai,0155280,0155341,2.3947214724024857,,6,
shanghai,0155285,0155325,3.6774857207331912,,5,
shanghai,0155285,0155356,2.0228287358281145,,3,
shanghai,0155285,0155292,1.0581649270507454,,3,
shanghai,0155286,0155334,1.4885315579290108,,4,
shanghai,0155287,0155303,1.9467891542148588,,4,
shanghai,0155288,0155321,1.5912310545453558,,3,
shanghai,0155292,0155341,1.9799192434743698,,4,
shanghai,0155294,0155300,2.9174157483567518,,3,
shanghai,0155295,0155343,3.077285786903341,,4,
shanghai,0155300,0155320,1.7861487240461102,,3,
shanghai,0155300,0155343,1.2055358300095325,,3,
shanghai,0155303,0155341,2.0575301416741,,5,
shanghai,0155307,0155350,1.8401947413632334,,4,
shanghai,0155307,0155311,1.799300761200951,,3,
shanghai,0155311,0155364,1.7829606656647292,,4,
shanghai,0155323,0155353,1.9495225710614292,,3,
shanghai,0155325,0155341,8.168190818437774,,15,
shanghai,0155325,0155334,4.397914682397116,,11,
shanghai,0155325,0155343,2.970782901583983,,5,
shanghai,0155325,0155349,2.862338057965542,,5,
shanghai,0155334,0155364,1.48412479701078,,3,
shanghai,0155334,0155350,1.2696465513237987,,3,
shanghai,0155341,0155364,6.301022875380549,,9,
shanghai,0155341,0155343,6.96793116901309,,9,
shanghai,0155341,0225114,1.900975449044869,,3,
shanghai,0155343,0225261,1.8748977595421166,,5,
shanghai,0155343,0155364,5.586907531402897,,10,
shanghai,0155350,0155363,1.2247861301087866,,3,
shanghai,0155364,0225261,1.4872315334471702,,3,
shanghai,0155368,0155374,2.1137440189089687,,4,
shanghai,0155370,0155374,2.754049706594492,,4,
shanghai,0155370,0155373,4.1863474309256326,,6,
shanghai,0155370,0155376,3.794525963789005,,6,
shanghai,0155373,0155374,1.7293071515156146,,3,
shanghai,0155374,0155376,1.8096470145600811,,4,
shanghai,0155376,0155378,1.3755126213326956,,3,
shanghai,0155383,0155384,2.319149156643131,,4,
shanghai,0155458,0235088,6.458634962048968,,7,
shanghai,0155458,0235089,4.219757997967668,,5,
shanghai,0155470,0155471,3.072701392923536,,4,
shanghai,0155526,0232398,1.4581762200662833,,3,
shanghai,0155557,0164789,2.123473014226371,,3,
shanghai,0155564,0189609,1.960648174607854,,3,
shanghai,0156047,0156048,3.48530627193935,,5,
shanghai,0156356,0235089,2.2823266192124474,,4,
shanghai,0157054,0187053,12.224257527323008,,14,
shanghai,0157055,0158195,2.0570289062587803,,3,
shanghai,0157055,0158198,2.4178682450618476,,3,
shanghai,0157277,0232045,2.6355044001763996,,3,
shanghai,0157383,0157384,2.3576233685196186,,3,
shanghai,0157411,0157412,2.729285060173972,,3,
shanghai,0157412,0157413,7.413719868693132,,8,
shanghai,0157412,0157414,2.6745661249683845,,3,
shanghai,0157413,0162009,3.3192269998342017,,4,
shanghai,0157430,0208083,4.236526875238268,,5,
shanghai,0157431,0208083,5.420479322726627,,6,
shanghai,0157580,0188265,2.3071341201658484,,3,
shanghai,0157866,0170349,2.6686855638696465,,3,
shanghai,0158195,0158198,1.9188088404044281,,3,
shanghai,0158197,0166226,2.6366184258930767,,4,
shanghai,0158198,0231961,2.1726906735989604,,3,
shanghai,0158210,0170302,3.3563099370389966,,4,
shanghai,0158260,0158262,3.2871371409520393,,5,
shanghai,0158314,0230330,2.212280808545298,,3,
shanghai,0158798,0158799,3.0775556604309466,,4,
shanghai,0160967,0160971,2.0804570615798306,,3,
shanghai,0160970,0222344,2.681426135337147,,3,
shanghai,0160995,0160996,1.9788784625981366,,3,
shanghai,0161001,0161002,2.6074630494785076,,3,
shanghai,0161225,0161226,6.087703817398964,,8,
shanghai,0161263,0161267,2.9286526463311375,,3,
shanghai,0161278,0161280,5.792609989096545,,6,
shanghai,0161278,0218138,3.7895988534810217,,4,
shanghai,0161311,0161312,1.2679293012450439,,3,
shanghai,0161864,0161881,1.67787550323589,,3,
shanghai,0161907,0161908,1.3334626681083883,,3,
shanghai,0162174,0232048,2.408179172026529,,4,
shanghai,0162903,0163827,2.6652315552980568,,3,
shanghai,0162903,0163830,1.2386925614785032,,3,
shanghai,0162907,0163826,3.1015178070988836,,4,
shanghai,0162907,0163829,2.1479865628080335,,3,
shanghai,0163824,0163827,2.8478482836009777,,3,
shanghai,0163827,0163828,2.0851791962399155,,3,
shanghai,0163827,0163830,2.082987108516019,,3,
shanghai,0163828,0163830,3.8295545469988435,,4,
shanghai,0163830,0163831,3.5199929217770096,,4,
shanghai,0164114,0199894,2.3418438282688205,,4,
shanghai,0164595,0164665,1.148780696124768,,3,
shanghai,0164678,0232372,2.368674324906944,,3,
shanghai,0165040,0235056,2.6306357876051,,5,
shanghai,0165041,0235058,2.1956487757323435,,4,
shanghai,0165258,0220158,2.251568305232155,,3,
shanghai,0165258,0203966,1.5689732101015212,,3,
shanghai,0165730,0235737,1.0793478804960333,,3,
shanghai,0165747,0165749,2.947716670751095,,3,
shanghai,0165848,0165948,1.9422565910575966,,3,
shanghai,0166368,0166429,2.5284017900688838,,4,
shanghai,0166427,0166429,2.6196647564953537,,6,
shanghai,0166428,0166429,3.809896884915102,,9,
shanghai,0167539,0219736,2.789780103455322,,3,
shanghai,0169045,0169048,2.8942192470266286,,3,
shanghai,0169159,0169161,2.5930194640672632,,3,
shanghai,0169161,0169163,2.6376510024382984,,3,
shanghai,0169280,0169289,2.346421336177025,,3,
shanghai,0169281,0169288,3.8677061416506513,,6,
shanghai,0169283,0169286,2.107882372228989,,3,
shanghai,0169304,0169314,1.9707706237286349,,3,
shanghai,0169314,0169320,2.3504501604763774,,3,
shanghai,0169396,0169404,2.2243522391846833,,3,
shanghai,0169397,0169407,1.9583909613890964,,3,
shanghai,0169403,0169404,2.73246665300635,,4,
shanghai,0169404,0169409,3.0384225020266253,,4,
shanghai,0169526,0169535,2.139575045186544,,3,
shanghai,0170042,0235087,3.1396623226586775,,4,
shanghai,0170299,0187053,3.005742786591669,,4,
shanghai,0170300,0187053,5.293496729041738,,7,
shanghai,0170300,0231961,1.9042833703577946,,3,
shanghai,0170568,0220181,1.1906227970391154,,3,
shanghai,0170753,0170757,1.5796330181434393,,5,
shanghai,0170773,0170860,2.963966154756845,,5,
shanghai,0170793,0170855,1.7528143220246484,,3,
shanghai,0170797,0170860,2.361692236147823,,3,
shanghai,0170797,0170857,1.3308220584736281,,3,
shanghai,0170798,0170861,1.2458567755050987,,3,
shanghai,0170798,0170858,1.2867436289374743,,3,
shanghai,0170799,0170861,1.698863020809183,,4,
shanghai,0170801,0170860,2.132840834701656,,3,
shanghai,0170806,0170855,1.422479017576119,,3,
shanghai,0170810,0170855,1.0890962986236252,,3,
shanghai,0170813,0170855,2.3804646066822293,,4,
shanghai,0170818,0170841,3.6845317601187,,4,
shanghai,0170833,0170858,2.4133902851021976,,5,
shanghai,0170852,0170861,1.6308667816320326,,3,
shanghai,0170855,0170856,2.5920078839206666,,5,
shanghai,0170855,0170857,6.46081170560166,,8,
shanghai,0170855,0170858,3.258133979495244,,4,
shanghai,0170855,0170862,1.638716409699327,,3,
shanghai,0170855,0170861,1.5536879266312533,,3,
shanghai,0170856,0170858,4.1618926955433935,,7,
shanghai,0170856,0170857,2.138950804957317,,3,
shanghai,0170856,0170860,1.6028779314176216,,3,
shanghai,0170857,0170861,2.8019922254243776,,6,
shanghai,0170857,0170858,2.4976826257021214,,3,
shanghai,0170858,0170861,3.9214928916357454,,6,
shanghai,0170858,0170872,1.7598803459831183,,3,
shanghai,0170860,0170861,2.1859104261749525,,5,
shanghai,0170860,0170872,1.8125317317846465,,5,
shanghai,0170860,0170870,1.7884032375550534,,4,
shanghai,0170860,0170862,0.914630503569542,,3,
shanghai,0170861,0170864,2.1762718174848565,,4,
shanghai,0170861,0170866,1.310882389418132,,3,
shanghai,0170862,0170868,2.2835006966707776,,4,
shanghai,0170928,0235123,3.9370170954344825,,5,
shanghai,0171082,0171094,2.8566049282925934,,3,
shanghai,0171166,0188194,1.7632335706850635,,4,
shanghai,0171166,0188230,1.3035646453944432,,4,
shanghai,0171351,0171352,2.0719764607942017,,3,
shanghai,0171360,0236870,3.333414742850521,,5,
shanghai,0172385,0176937,1.3760657599154973,,3,
shanghai,0172401,0235112,3.7236661300025404,,4,
shanghai,0172515,0172520,2.005424058253399,,3,
shanghai,0172533,0172534,13.424560549057524,,17,
shanghai,0172566,0173120,2.190003788117133,,4,
shanghai,0172585,0201701,1.6258762374600872,,3,
shanghai,0172720,0172721,1.2496331199416544,,3,
shanghai,0172768,0172770,2.9597894550994397,,5,
shanghai,0172768,0172771,2.819660987077399,,4,
shanghai,0172768,0172769,2.0154202866019615,,4,
shanghai,0172769,0172770,1.7988919765384277,,3,
shanghai,0172769,0172771,2.2570293369047696,,4,
shanghai,0172770,0172771,1.9278471430000481,,3,
shanghai,0172800,0234906,1.4429547843844834,,3,
shanghai,0172941,0234885,2.168391562382374,,3,
shanghai,0173225,0217927,1.7321824740367586,,4,
shanghai,0173728,0191242,2.9575813124748254,,3,
shanghai,0173737,0193868,4.945627280077652,,5,
shanghai,0173896,0235046,3.410413412583881,,4,
shanghai,0174139,0176638,2.321092173638838,,3,
shanghai,0174321,0174322,2.513471229037784,,3,
shanghai,0174864,0174865,7.984786755853648,,11,
shanghai,0174959,0231978,4.3872128750874015,,5,
shanghai,0174977,0174980,2.8826742366123237,,3,
shanghai,0175059,0186957,3.3976003189750923,,5,
shanghai,0175093,0186797,2.1695925496931547,,3,
shanghai,0175153,0189403,1.145214176482523,,3,
shanghai,0175674,0180422,3.383044318516941,,6,
shanghai,0175888,0175889,5.283808114451542,,7,
shanghai,0176576,0237298,1.7371653937245681,,3,
shanghai,0176635,0176637,2.6585454112690887,,3,
shanghai,0176635,0228926,1.5783468209681657,,3,
shanghai,0176637,0228926,1.6226476697236256,,3,
shanghai,0176880,0234897,1.1583545967245745,,3,
shanghai,0176937,0199897,1.8017019088324346,,3,
shanghai,0177396,0230538,5.963309611026537,,6,
shanghai,0177495,0234906,1.6787677528026812,,3,
shanghai,0179071,0231973,2.6255290495203787,,3,
shanghai,0179780,0184044,2.6981541731780494,,3,
shanghai,0180531,0188194,1.4649437579448206,,3,
shanghai,0180531,0188230,1.5750262767116625,,3,
shanghai,0182040,0237198,2.114800097614646,,3,
shanghai,0182088,0183183,5.761251492993125,,6,
shanghai,0183638,0220044,3.1461746506861705,,4,
shanghai,0183638,0219727,2.383647333927402,,3,
shanghai,0183967,0201701,1.7680263974582897,,3,
shanghai,0184044,0228431,2.9289688944756476,,3,
shanghai,0184750,0187030,2.0513810025895047,,3,
shanghai,0186957,0219966,2.0455490277761066,,3,
shanghai,0186997,0220165,1.5876412053604043,,3,
shanghai,0187019,0187236,4.3506576784822455,,5,
shanghai,0187048,0236824,2.8231355913058294,,3,
shanghai,0187053,0231995,3.5513257611729383,,4,
shanghai,0187868,0187869,4.096818498701078,,5,
shanghai,0188025,0188026,5.573811470411577,,6,
shanghai,0188194,0188230,2.926613381425403,,5,
shanghai,0188777,0194091,5.778846149805586,,7,
shanghai,0189465,0232003,2.727085135794371,,3,
shanghai,0189863,0196111,3.296569714475635,,4,
shanghai,0192607,0193050,1.7744842029039947,,5,
shanghai,0193372,0193373,2.777164314932519,,3,
shanghai,0193567,0234805,2.6752851265062816,,3,
shanghai,0195594,0195595,2.24701330839949,,4,
shanghai,0196423,0196424,2.5327358498617683,,5,
shanghai,0196948,0199051,1.9964478973539013,,3,
shanghai,0197859,0235102,2.082759134636027,,4,
shanghai,0197859,0208477,1.1956758372807381,,3,
shanghai,0198687,0198688,1.4260243661093999,,3,
shanghai,0199831,0200481,0.7488045913453799,,3,
shanghai,0200136,0205107,2.161757028719784,,3,
shanghai,0200783,0208101,2.194160995052128,,3,
shanghai,0201345,0234698,1.4645127827681717,,3,
shanghai,0201467,0235087,2.320111907922715,,3,
shanghai,0201629,0204865,2.3502594361548432,,3,
shanghai,0201707,0231578,1.4561202935240893,,3,
shanghai,0204498,0204499,2.7196992307826244,,4,
shanghai,0205104,0205107,6.113485497318087,,7,
shanghai,0205104,0205108,3.362225123783502,,4,
shanghai,0205105,0205107,12.034565776124326,,14,
shanghai,0205105,0205108,2.805618427245342,,4,
shanghai,0205107,0205108,17.102228220597443,,20,
shanghai,0205107,0226057,1.9140176352465672,,3,
shanghai,0206363,0221955,2.476186066749889,,3,
shanghai,0209026,0210304,1.6328478445460335,,4,
shanghai,0209344,0211227,1.4228163728206744,,3,
shanghai,0209344,0210303,0.46426491488765603,,3,
shanghai,0209363,0209409,3.436414560980082,,5,
shanghai,0209363,0209395,1.212080056320087,,3,
shanghai,0209395,0209408,8.370946488414129,,14,
shanghai,0209395,0209410,7.283087673210638,,10,
shanghai,0209395,0209396,4.856297000388601,,6,
shanghai,0209395,0209409,2.9120357484472015,,4,
shanghai,0209395,0209470,2.1617587773388873,,3,
shanghai,0209395,0209454,1.80234499685982,,3,
shanghai,0209396,0209409,3.82285485660256,,5,
shanghai,0209396,0209410,9.086790001574945,,12,
shanghai,0209396,0209467,5.310675834312822,,6,
shanghai,0209396,0209408,3.373920220468179,,4,
shanghai,0209408,0209409,6.7528104975754095,,9,
shanghai,0209408,0209410,7.428013453941455,,10,
shanghai,0209409,0209410,3.0918595655773498,,5,
shanghai,0209410,0209475,3.1942818836653584,,6,
shanghai,0209410,0209468,2.4369027037008735,,3,
shanghai,0209410,0209454,2.303519766479517,,4,
shanghai,0209410,0209467,1.458587800676637,,3,
shanghai,0209454,0209470,1.974412754987609,,3,
shanghai,0209454,0209473,1.866412101828901,,3,
shanghai,0209468,0209493,2.7716983104396067,,3,
shanghai,0209468,0209474,2.5699288489304246,,3,
shanghai,0209468,0209471,1.9883777164229166,,3,
shanghai,0209471,0209474,2.433927465266183,,3,
shanghai,0209474,0209499,2.25007417965681,,3,
shanghai,0209475,0209496,2.244626454071713,,3,
shanghai,0209492,0209495,2.269298309677089,,3,
shanghai,0209494,0209497,3.083164287123283,,4,
shanghai,0209554,0210307,1.0495896940877587,,3,
shanghai,0210135,0236952,2.1487879580476577,,3,
shanghai,0210135,0236954,2.067734141955306,,3,
shanghai,0210837,0214311,1.3956959275820415,,3,
shanghai,0211156,0211246,1.0372177340554338,,3,
shanghai,0212204,0212205,5.5977691879558575,,8,
shanghai,0216176,0216179,5.880750389046501,,7,
shanghai,0216176,0216226,2.351154190447091,,3,
shanghai,0216176,0216266,1.5694907562669138,,4,
shanghai,0216178,0216236,3.780229203315685,,5,
shanghai,0216178,0216238,2.5183128800262997,,3,
shanghai,0216179,0216227,2.8182394171203615,,4,
shanghai,0216179,0216232,2.730227695980516,,3,
shanghai,0216179,0216226,2.1979043745989806,,4,
shanghai,0216179,0216266,1.824528608957578,,3,
shanghai,0216185,0216246,3.010943423579109,,4,
shanghai,0216185,0216189,2.710425256314096,,3,
shanghai,0216185,0216231,2.604802833007827,,3,
shanghai,0216186,0216260,2.4228020809257065,,5,
shanghai,0216187,0216197,14.38555118887962,,19,
shanghai,0216187,0216192,1.4502405293888097,,3,
shanghai,0216189,0216226,2.7679208324596827,,6,
shanghai,0216189,0216232,1.2083627917848372,,3,
shanghai,0216189,0216192,4.285633706185146,,5,
shanghai,0216189,0216231,2.0948609100541598,,3,
shanghai,0216190,0216259,2.834148314138691,,4,
shanghai,0216190,0216191,1.682037556730918,,3,
shanghai,0216191,0216259,4.43345208620796,,6,
shanghai,0216196,0216236,3.100503481489769,,4,
shanghai,0216196,0216233,2.3010795310688152,,3,
shanghai,0216196,0216247,1.5211673265083614,,3,
shanghai,0216226,0216235,4.627063017280323,,5,
shanghai,0216226,0216232,2.5196000373133893,,3,
shanghai,0216226,0216227,1.2244008548981502,,3,
shanghai,0216227,0216266,2.7556161078047134,,3,
shanghai,0216227,0216235,2.8816435495181496,,4,
shanghai,0216228,0216242,2.0104173731959447,,3,
shanghai,0216231,0216235,1.310781059006592,,3,
shanghai,0216232,0216266,2.5859851424775284,,4,
shanghai,0216232,0216235,2.7017157553522924,,4,
shanghai,0216233,0216236,4.846399143038576,,6,
shanghai,0216233,0216248,3.6620003069375446,,5,
shanghai,0216233,0216247,3.3156139790731327,,4,
shanghai,0216234,0216255,2.3815603444333515,,4,
shanghai,0216234,0216258,1.5993323120697827,,3,
shanghai,0216234,0216239,1.1647168669854495,,3,
shanghai,0216234,0216243,0.7891949515599281,,3,
shanghai,0216235,0216266,2.7851712294636077,,4,
shanghai,0216236,0216248,3.2092317163219457,,4,
shanghai,0216236,0216238,2.510411650717371,,4,
shanghai,0216236,0216237,1.9725127928079194,,3,
shanghai,0216237,0216247,3.3947392259803153,,5,
shanghai,0216237,0216265,2.651399582045367,,5,
shanghai,0216238,0216247,2.396717631725768,,3,
shanghai,0216240,0216243,2.141640884835421,,3,
shanghai,0216240,0216255,2.308081446184554,,4,
shanghai,0216241,0216254,1.987964931068102,,3,
shanghai,0216242,0216254,3.3344252007885804,,5,
shanghai,0216243,0216251,2.1818038108639053,,3,
shanghai,0216244,0216269,2.733656808213158,,4,
shanghai,0216245,0216254,2.408368592195592,,3,
shanghai,0216247,0216265,3.3607954475122237,,4,
shanghai,0216247,0216248,2.340748220011877,,3,
shanghai,0216251,0216255,2.3581161270061184,,3,
shanghai,0216254,0216256,1.1104359971459334,,3,
shanghai,0216261,0216269,4.887006410257587,,6,
shanghai,0216493,0216500,1.8231478561450376,,3,
shanghai,0216497,0216504,2.0309862018440503,,3,
shanghai,0216504,0216505,3.4012501079025927,,4,
shanghai,0219455,0219722,3.177927489125466,,4,
shanghai,0219714,0219741,3.6208167183617803,,4,
shanghai,0219715,0219742,2.616843782984222,,3,
shanghai,0219722,0219731,1.7340445991612614,,4,
shanghai,0220039,0236760,7.837308102538899,,9,
shanghai,0220039,0236761,2.3644482551897346,,3,
shanghai,0220039,0236764,2.7740440622980205,,3,
shanghai,0220039,0236762,6.050670408449906,,7,
shanghai,0220065,0220123,2.235921154666261,,3,
shanghai,0220119,0220127,1.942460803672784,,3,
shanghai,0220122,0220123,1.9758730280172339,,3,
shanghai,0220123,0220169,2.016666164408255,,3,
shanghai,0223611,0223647,3.832020263522875,,4,
shanghai,0223611,0223819,3.542513016571064,,5,
shanghai,0223611,0223875,2.443029520427905,,3,
shanghai,0223611,0223643,2.17154172697832,,3,
shanghai,0223611,0223655,2.0781972685278065,,3,
shanghai,0223611,0223651,1.763189739892824,,3,
shanghai,0223642,0223661,2.7871502423541843,,3,
shanghai,0223642,0223645,2.109544329688102,,3,
shanghai,0223642,0223664,1.9744663307078327,,3,
shanghai,0223642,0223646,1.259386140317282,,3,
shanghai,0223643,0223874,2.9046623052671787,,3,
shanghai,0223643,0223804,2.3439821771066423,,3,
shanghai,0223645,0223647,2.0174338007533237,,3,
shanghai,0223645,0223876,2.4636148065264916,,4,
shanghai,0223645,0223874,2.3791199540223933,,3,
shanghai,0223645,0223658,2.3651734020558166,,3,
shanghai,0223646,0223873,2.0956871980045966,,3,
shanghai,0223646,0223661,1.8710056583705432,,3,
shanghai,0223647,0223651,1.970635349763567,,3,
shanghai,0223647,0223663,1.7753864403825128,,3,
shanghai,0223649,0223875,3.1997479212753284,,4,
shanghai,0223649,0223804,2.2150894717564347,,3,
shanghai,0223649,0223660,2.8362870629810737,,3,
shanghai,0223649,0223807,1.8870064891259135,,3,
shanghai,0223651,0223664,2.8452638701347537,,3,
shanghai,0223651,0223660,2.31025648404654,,4,
shanghai,0223653,0223876,2.252607898913653,,3,
shanghai,0223654,0223805,7.133246664995001,,8,
shanghai,0223654,0223662,6.725114476039593,,8,
shanghai,0223654,0223657,3.363645268490588,,4,
shanghai,0223655,0223807,2.7076006241677537,,3,
shanghai,0223655,0223819,2.6131644536346643,,3,
shanghai,0223656,0223664,3.274438145944122,,5,
shanghai,0223656,0223804,1.2600037648957618,,3,
shanghai,0223656,0223822,5.439633710131239,,7,
shanghai,0223657,0223662,9.978065621948193,,11,
shanghai,0223657,0223805,4.144319434505273,,5,
shanghai,0223658,0223819,2.6836676437375195,,3,
shanghai,0223658,0223804,1.6527714705781495,,4,
shanghai,0223659,0223819,2.1495601737944092,,3,
shanghai,0223659,0223876,1.9494491906120166,,3,
shanghai,0223660,0223804,1.4730158879995152,,3,
shanghai,0223661,0223873,2.888155628722643,,3,
shanghai,0223661,0223820,2.4539589399657102,,3,
shanghai,0223662,0223805,3.8936756127768133,,5,
shanghai,0223664,0223804,1.966465647647798,,4,
shanghai,0223664,0223876,1.4814327260755116,,3,
shanghai,0223804,0223807,1.5713224814393945,,3,
shanghai,0223807,0223873,1.3469570105234818,,3,
shanghai,0223820,0223876,2.750654455515689,,3,
shanghai,0223820,0223873,2.5700727937853585,,3,
shanghai,0223873,0223876,1.3888604454200428,,3,
shanghai,0223917,0223920,5.352905337947073,,6,
shanghai,0223917,0223919,4.666189683145228,,5,
shanghai,0223917,0223923,3.8288500395928864,,4,
shanghai,0223917,0223921,3.615749481813997,,4,
shanghai,0223917,0223926,2.8947493638878,,3,
shanghai,0223917,0223922,2.8267340820554963,,3,
shanghai,0223918,0223922,3.232611984887946,,4,
shanghai,0223918,0223923,3.926521541977327,,4,
shanghai,0223919,0223920,3.3586902866454307,,4,
shanghai,0223919,0223923,2.9597733872212353,,3,
shanghai,0223919,0223921,1.7507940542606275,,3,
shanghai,0223920,0223925,5.515227162648767,,6,
shanghai,0223920,0223921,3.8725880568205273,,4,
shanghai,0223920,0223926,3.64070385245589,,4,
shanghai,0223920,0223923,2.9610939144462693,,3,
shanghai,0223921,0223923,3.801770875141515,,4,
shanghai,0223921,0223926,2.2932469620773386,,3,
shanghai,0223922,0223923,2.069731286999427,,3,
shanghai,0223924,0223925,1.36410576420591,,3,
shanghai,0224744,0224745,2.3148363191815546,,3,
shanghai,0224744,0224899,1.500333660723055,,3,
shanghai,0224745,0224898,3.215462457603913,,4,
shanghai,0224745,0224899,1.814827632457198,,4,
shanghai,0224898,0224899,1.868556461406968,,3,
shanghai,0225378,0225379,6.885121030773404,,7,
shanghai,0227624,0236761,2.750875831409777,,3,
shanghai,0227624,0236764,4.689748232283035,,5,
shanghai,0227624,0236762,3.3045922741013367,,4,
shanghai,0227961,0228258,2.1246835660590575,,3,
shanghai,0230928,0230929,2.160001848066547,,4,
shanghai,0231583,0231585,2.4784778314214018,,5,
shanghai,0231650,0231652,2.744273561685974,,5,
shanghai,0231690,0231692,1.715011621409486,,3,
shanghai,0231692,0231693,1.9251335322108676,,3,
shanghai,0231970,0236886,2.6086179257435083,,3,
shanghai,0232279,0234895,3.121735911855087,,4,
shanghai,0232387,0234922,1.932508301644087,,3,
shanghai,0232390,0232392,2.0507497397389116,,3,
shanghai,0234527,0234529,4.8983889571881924,,7,
shanghai,0234528,0234529,2.9632167367434623,,6,
shanghai,0234666,0235056,2.459490911088568,,5,
shanghai,0234667,0235058,2.0739099140234063,,3,
shanghai,0234668,0235059,1.7688962261441343,,4,
shanghai,0234872,0234873,7.44988900938715,,8,
shanghai,0234879,0234881,2.263933788600432,,3,
shanghai,0234885,0235373,1.5895030426054082,,3,
shanghai,0234890,0234891,4.559268001309022,,5,
shanghai,0235058,0235059,2.8061323201943615,,4,
shanghai,0235081,0235098,1.2847568937254814,,3,
shanghai,0235085,0235087,2.344004892455634,,3,
shanghai,0235088,0235089,1.7702804902756246,,3,
shanghai,0235092,0235093,2.0154758638839407,,3,
shanghai,0235102,0235104,2.7595533384072533,,4,
shanghai,0236764,0236765,2.1494996313118127,,3,
shanghai,0236872,0236873,2.588797810701191,,3,
shanghai,0236902,0236903,1.6306373565712078,,3,
shanghai,0236983,0236984,2.558973800747395,,3,
shanghai,0237008,0237009,3.6325620174243856,,5,
shanghai,0237009,0237018,15.693444229391377,,19,
shanghai,0237009,0237012,12.616087697226083,,17,
shanghai,0237009,0237011,5.580426550994707,,7,
shanghai,0237009,0237013,3.115370270019639,,4,
shanghai,0237009,0237014,2.9002904858255127,,4,
shanghai,0237350,0237368,4.593370699807279,,7,
shanghai,0237512,0237513,2.285944281705026,,3,
