city_code,merchant_a,merchant_b,weight,support,z_score
shanghai,0000003,0015480,6.480398259522982,5,87.47519276509124
shanghai,0000003,0070169,5.411799379349554,7,58.63485908736506
shanghai,0000004,0070169,5.1938235232842365,6,55.20753085042227
shanghai,0000004,0035647,5.227793348246501,7,58.89116683637382
shanghai,0000007,0235047,6.211249801013716,6,97.19204382852381
shanghai,0000007,0235046,5.500577415788869,8,68.35232069544652
shanghai,0000202,0082069,6.173874143502991,9,115.2599808285491
shanghai,0000202,0082071,6.091857320209182,5,83.02344074189723
shanghai,0000259,0000273,6.360050122874314,5,93.12601582475644
shanghai,0000264,0000299,7.206673138719322,5,142.1087211794872
shanghai,0000273,0000301,6.395451848076672,5,107.29268625188905
shanghai,0000404,0000438,5.046987766677627,7,45.007904387653525
shanghai,0000407,0000438,5.048832270753083,6,45.34120146364566
shanghai,0000410,0000438,4.998746638988764,5,37.10952282695826
shanghai,0000417,0000438,5.092916204776304,9,54.084729398091596
shanghai,0000431,0000438,4.731610476944078,8,46.37784998683842
shanghai,0000431,0000432,5.532047575967716,5,56.30871123021545
shanghai,0000432,0000438,4.534554724642198,6,34.65928671471899
shanghai,0000437,0000438,5.01789114349834,5,40.0629366838728
shanghai,0000438,0000444,5.093928570567896,8,54.30418756163487
shanghai,0000438,0000442,5.023730736124114,5,41.0097566386091
shanghai,0000628,0000656,7.1580390921344135,5,142.10722315902385
shanghai,0000657,0000662,7.216025304635729,5,142.10899827375397
shanghai,0000669,0000688,6.412493807539808,5,90.78226231861127
shanghai,0000669,0000708,5.866596170545578,5,77.8800545686746
shanghai,0000703,0000708,6.321637424407254,6,99.62957482682076
shanghai,0000925,0000948,6.675401904277323,5,103.78052122145861
shanghai,0000938,0000948,6.65864584802777,5,97.05269430871337
shanghai,0001073,0001078,7.132791405246038,5,142.10640632408388
shanghai,0001114,0001168,6.5113987313564925,5,102.19683823212623
shanghai,0001125,0001140,7.076532723743823,5,142.10448419708464
shanghai,0001138,0001173,7.193059856019693,5,142.1083116072343
shanghai,0001159,0001168,6.502707250295876,5,98.7049222469041
shanghai,0001183,0001225,6.124059791226205,6,84.64214577519084
shanghai,0001187,0001225,6.108783331920855,5,79.6248700888281
shanghai,0001191,0001225,6.115201988944992,6,81.69567888559729
shanghai,0001305,0001350,6.458600830101714,5,96.33153448683218
shanghai,0001312,0001350,5.926884045991737,6,76.16072069549402
shanghai,0001312,0001349,5.736853862884559,5,64.64027452096563
shanghai,0001323,0001349,6.430264912220211,7,106.04255243617543
shanghai,0001424,0001440,5.500913019166863,7,64.55603668098378
shanghai,0001427,0001440,5.50398124259433,7,65.35320784995035
shanghai,0001430,0001437,6.2120672557224745,5,82.34764280822861
shanghai,0001432,0001440,5.469674067285291,5,56.973020137167566
shanghai,0001437,0001440,5.180021372365743,10,61.05896260069759
shanghai,0001440,0001449,5.453315661954668,5,53.36441849345122
shanghai,0001464,0001516,7.138871235007449,5,142.10660554479017
shanghai,0001473,0001517,6.6189397586262855,5,97.88006375633648
shanghai,0001481,0001517,6.631679786249188,5,102.99732329227648
shanghai,0001566,0001605,7.081430011545225,5,142.1046573053324
shanghai,0001761,0001780,5.845853711923063,5,68.55939490896134
shanghai,0001761,0001791,5.535356157395648,5,58.521805834048706
shanghai,0001780,0001791,5.561154745831104,5,60.60415508798779
shanghai,0001786,0001795,6.751300176290864,6,142.0900452594798
shanghai,0001791,0001800,6.117300741982343,6,80.2857081331811
shanghai,0002200,0002225,6.612266015978478,5,97.62338964574504
shanghai,0002204,0002225,6.626251214940985,5,103.24015834110008
shanghai,0002270,0002285,5.187997046468665,5,45.285126838197364
shanghai,0002276,0002285,5.205562915589021,5,48.58146741108629
shanghai,0002285,0002292,5.223951221834141,6,52.28948787281036
shanghai,0002285,0002303,5.198494951969152,5,47.22721307792747
shanghai,0002285,0002315,5.1899557885717575,5,45.64132796665324
shanghai,0002285,0002309,5.188062577842871,5,45.296998780470034
shanghai,0002285,0002301,4.7267326867857475,8,46.62264632051739
shanghai,0002285,0002321,4.454781057689259,6,32.64918785477543
shanghai,0002301,0002321,5.632057248933589,9,73.77128476684643
shanghai,0002338,0002351,7.08968918534548,5,142.10494670030047
shanghai,0002363,0002395,6.551877570053117,5,91.75335402018432
shanghai,0002377,0002395,6.5937589918175155,6,108.48693265873142
shanghai,0002382,0002396,7.1734844602392345,5,142.10770947249028
shanghai,0002528,0002542,7.208790821248647,5,142.10878422702328
shanghai,0002632,0002634,6.012761369267277,9,91.37141797419518
shanghai,0002632,0002636,5.433974372671291,5,51.847141814075314
shanghai,0002634,0002639,6.332663929095095,5,83.71558531918447
shanghai,0002636,0002649,6.382877439681361,8,113.26450469771623
shanghai,0003003,0003021,7.045380198280358,6,142.10335616012054
shanghai,0003032,0003057,6.563887238134446,6,104.56821371393356
shanghai,0003050,0003057,6.543018106803289,5,96.1936258322155
shanghai,0003229,0003246,7.0918202837497715,5,142.10502085651189
shanghai,0003420,0003424,7.230972555357039,5,142.10943403201435
shanghai,0007790,0236781,6.916428349446098,5,142.09815480869017
shanghai,0011078,0011080,7.230530479560406,6,142.10942126838486
shanghai,0011082,0011085,6.079521021079221,5,71.6184678316543
shanghai,0011085,0011086,6.152925050921671,9,96.05962483369962
shanghai,0011085,0011087,6.095354587960123,5,76.30109113985203
shanghai,0012847,0013020,7.221557860777147,7,142.10916057795808
shanghai,0014248,0078818,5.469768185745562,5,55.436518020908
shanghai,0014248,0086148,4.695600021905718,6,25.652735539310275
shanghai,0014248,0078819,4.647353986353802,6,36.48057463573505
shanghai,0014249,0078819,4.832283496378835,7,43.226365910144594
shanghai,0014249,0078820,5.192505397850215,6,50.74044690555357
shanghai,0014269,0234894,6.688955632680091,6,106.64972525832871
shanghai,0014292,0014311,4.8748159193240825,6,41.51505128345543
shanghai,0014292,0014300,4.56968318047275,6,32.440913544804054
shanghai,0014292,0014299,4.348044767461736,6,24.6499946299586
shanghai,0014294,0014304,6.324313493695951,5,72.33826228870063
shanghai,0014297,0014299,4.238643083626353,7,26.229886139402407
shanghai,0014297,0063084,4.959104216004712,9,51.63132167757668
shanghai,0014297,0014310,4.443469589434117,5,28.818311804761997
shanghai,0014297,0014308,2.9752463290455244,6,12.665937614554423
shanghai,0014299,0014320,5.579329523960823,5,50.29559073072915
shanghai,0014299,0014310,4.412260234510614,7,30.403862177500255
shanghai,0014299,0014301,4.065747627630447,6,25.001919829835124
shanghai,0014299,0014308,3.009265103549404,9,14.268373022436709
shanghai,0014300,0014305,5.574026868493178,10,74.79206771944159
shanghai,0014300,0063084,4.604196690984472,8,41.48671486972094
shanghai,0014300,0014308,2.9503468627068035,9,14.151055890064248
shanghai,0014301,0014311,4.466559107414418,9,37.135564174064896
shanghai,0014301,0014308,2.299042538678701,5,7.150414501154588
shanghai,0014301,0014310,4.687939800855484,10,41.772518541716806
shanghai,0014301,0063060,3.428946123523958,7,16.203642407607457
shanghai,0014302,0014304,6.3704179341558715,5,86.98806859213684
shanghai,0014304,0014309,6.367376638284087,5,85.93625350988228
shanghai,0014308,0014311,2.9316667428072236,8,13.088519949486043
shanghai,0014308,0014339,4.385899635331749,6,34.73726381283437
shanghai,0014308,0014341,4.350034290638411,5,30.09477645738822
shanghai,0014308,0063064,4.317685171449418,6,26.442039272469078
shanghai,0014308,0063060,3.7545104667990428,24,37.42334132366344
shanghai,0014308,0063067,3.6791993170333024,17,31.44339566166714
shanghai,0014308,0014332,3.6554363292487135,11,26.652572896779574
shanghai,0014308,0063082,3.6380555559827243,14,29.147826495434092
shanghai,0014308,0063057,3.6351177963849963,6,19.028980901885024
shanghai,0014308,0037671,2.6437030801923305,7,9.590811617764272
shanghai,0014308,0063084,2.514255079585703,6,8.205550866850038
shanghai,0014310,0014311,4.094717102680535,5,21.942858659715892
shanghai,0014311,0063067,3.8492472865255767,6,21.400858403836903
shanghai,0014332,0063060,3.6644888076565314,5,19.13259380781093
shanghai,0014332,0063082,4.340568311774873,7,33.09824495757912
shanghai,0014332,0063067,3.5400277667847044,5,15.297647151816147
shanghai,0014350,0014622,4.418662736015075,5,30.688891200833726
shanghai,0014350,0014626,4.3764207252748255,5,25.098557836845565
shanghai,0014351,0014622,4.356545531030715,10,37.02533252899316
shanghai,0014351,0014634,5.458686195298555,5,49.89950534005283
shanghai,0014351,0014632,4.222278731125068,5,24.6744204051759
shanghai,0014363,0014373,5.672877945235915,5,67.91405916805023
shanghai,0014373,0014374,5.781161773485658,12,104.72924315171072
shanghai,0014373,0014375,5.672061889518098,5,67.69273396674609
shanghai,0014441,0014467,7.118251670422789,5,142.10592329294408
shanghai,0014474,0073066,5.646425821914392,7,65.35295140409625
shanghai,0014474,0040460,5.568588277836505,5,47.868249060671616
shanghai,0014474,0016119,4.250432748180254,6,25.141660785809986
shanghai,0014474,0016121,3.8687194404581913,11,26.015530276276408
shanghai,0014474,0016120,3.6714171356538676,6,17.465371492062413
shanghai,0014474,0016117,3.388155443576557,5,13.943891593488283
shanghai,0014478,0014481,5.66661111689708,20,109.13235794882846
shanghai,0014478,0232412,4.952016552345002,6,39.00046987715884
shanghai,0014478,0073836,3.6146296676954277,6,18.104461910589524
shanghai,0014478,0035648,2.8290117610006504,6,10.99889743460214
shanghai,0014480,0014486,6.176543871728973,7,90.33406764844952
shanghai,0014486,0114215,5.145450171546021,5,45.17395254150205
shanghai,0014486,0114216,4.963445535325789,5,38.36919025316443
shanghai,0014499,0080125,6.266262228520349,6,86.69709562677457
shanghai,0014502,0080125,6.331491412564794,9,112.54319688855703
shanghai,0014509,0079003,6.6037893108536245,6,90.43335508969938
shanghai,0014509,0079006,6.260738147224038,6,87.63057532685438
shanghai,0014517,0079006,6.643466187095998,5,85.30592753893094
shanghai,0014519,0014524,6.6339693819324275,6,105.96133052273468
shanghai,0014524,0014525,6.605781482882659,5,94.66294401793206
shanghai,0014541,0014559,7.419127233530726,5,142.11423718479878
shanghai,0014561,0078863,7.1561895879829,7,142.1071642511759
shanghai,0014622,0014628,4.43408169547996,10,38.36288722227425
shanghai,0014622,0014627,4.33437370598203,15,42.87075876324954
shanghai,0014622,0014634,4.181746486734927,6,23.213989800107605
shanghai,0014622,0014626,3.88966497678772,19,33.03744303531689
shanghai,0014622,0014632,3.8859597752089066,12,29.42165405749156
shanghai,0014622,0014624,3.7682912338075747,6,21.250141024725405
shanghai,0014624,0014626,4.414787911179022,9,34.748012259005755
shanghai,0014624,0014627,4.747324609505652,8,40.22937012279945
shanghai,0014626,0014628,4.522079392358619,9,35.75678331771498
shanghai,0014626,0014632,4.2655453765455045,12,36.78859253597882
shanghai,0014626,0014627,3.6235843863764616,6,17.884767680394955
shanghai,0014627,0014632,3.562954892991546,5,15.038623772707826
shanghai,0014629,0014632,5.506995833317439,6,59.47719888408071
shanghai,0014640,0014642,6.698011732238194,6,103.53033207784588
shanghai,0014642,0040446,6.682550190143925,5,97.3213573346543
shanghai,0014646,0014647,6.433005479734795,5,94.3600456709538
shanghai,0014647,0014649,5.881783535744249,6,76.1892881903635
shanghai,0014649,0014650,6.383386556325389,5,98.95177914407961
shanghai,0014652,0014655,6.327651573292898,7,98.35158700518447
shanghai,0014652,0014653,5.9040144644215085,8,79.97780119514294
shanghai,0014653,0014654,6.419598172828139,5,88.84563088832094
shanghai,0014661,0014662,7.065779835714355,5,142.10410011734845
shanghai,0014668,0014669,7.0178271476863,5,142.1023186556694
shanghai,0014672,0014673,5.514469114311692,6,60.612111936097946
shanghai,0014672,0014682,5.043549489176969,9,53.52190783799227
shanghai,0014673,0014682,4.997862913942355,8,50.13097919895274
shanghai,0014676,0014677,7.216591884515146,5,142.10901495013889
shanghai,0014680,0014682,3.9635639263759472,5,21.560424106301074
shanghai,0014680,0014681,5.451617170511608,9,70.72739813894542
shanghai,0014680,0014683,5.3329629686463065,9,66.05781474936836
shanghai,0014681,0014682,4.645524172588847,6,36.73131386626926
shanghai,0014682,0014683,4.84362608924114,9,47.12380988306364
shanghai,0014686,0014695,5.269918599231712,5,52.95302063590781
shanghai,0014687,0014695,5.374919423473314,11,80.59272737280894
shanghai,0014689,0014695,5.279562487734138,6,55.03562326955816
shanghai,0014691,0014695,5.329544945062235,8,67.2159453039149
shanghai,0014694,0014695,5.290074036805378,6,57.398999201706204
shanghai,0014724,0014727,4.766863669224965,7,41.405523128726706
shanghai,0014724,0014731,4.081369403404289,7,23.089525120516214
shanghai,0014726,0014731,3.528423506169079,8,19.193281424576472
shanghai,0014726,0014732,4.3818486584756045,9,34.86571681584036
shanghai,0014726,0014728,4.177388663826709,7,28.409818323041858
shanghai,0014726,0014734,3.9940298411239166,6,25.1586111714383
shanghai,0014726,0014730,3.206152920781138,5,13.849854394450862
shanghai,0014727,0014729,4.659482748931906,15,53.91200039644681
shanghai,0014727,0014728,4.019716288007352,9,28.932321047423585
shanghai,0014727,0014734,3.495096382281873,7,18.148712590453844
shanghai,0014727,0014731,3.3615759382934245,9,19.338141029503674
shanghai,0014727,0014730,3.0968114282998096,8,14.780241236137732
shanghai,0014728,0014731,3.3969869230008634,8,17.123457677115052
shanghai,0014728,0014734,3.793087504950871,6,20.941393304530582
shanghai,0014728,0014730,3.619531259029965,11,21.449877671168178
shanghai,0014729,0014731,2.978304358467021,5,10.96591857226675
shanghai,0014729,0014730,3.7859330786710457,11,24.859757660346038
shanghai,0014729,0014732,3.826731155527221,6,19.91920629776631
shanghai,0014730,0014731,3.8544539192146994,17,35.32398393950297
shanghai,0014730,0014735,4.913820328632571,6,38.81758588915516
shanghai,0014730,0014733,4.901506014998204,5,36.951865526189735
shanghai,0014730,0014732,3.7430330709478508,10,24.282027141352604
shanghai,0014730,0014734,3.3692262715938197,8,17.730136190158504
shanghai,0014731,0014743,4.965609326891879,7,47.6778485314611
shanghai,0014731,0014734,3.6544727551604916,9,23.6561552304348
shanghai,0014731,0014732,3.3922205086304524,8,17.029742448787044
shanghai,0014732,0014734,4.030275563940392,7,26.573980470849726
shanghai,0014761,0014784,7.230356961720962,5,142.10941625651478
shanghai,0014786,0014795,6.678527410027326,6,106.0025397861026
shanghai,0014786,0014794,5.1741239070093,5,40.65700096687312
shanghai,0014787,0014796,6.250285632788999,11,117.60800847551789
shanghai,0014792,0014797,5.414363222336838,7,54.98371413562081
shanghai,0014792,0147416,5.165297365410019,7,45.07428829484849
shanghai,0014792,0147408,5.023769680508036,7,46.322618658136726
shanghai,0014792,0147419,4.594255584529785,6,32.42845953407542
shanghai,0014793,0014796,6.15293802453363,5,79.67586361018131
shanghai,0014794,0147418,5.95219081818976,7,79.7413963504433
shanghai,0014794,0147412,5.195746762902005,6,47.42221391385463
shanghai,0014794,0147419,4.65992107300818,5,33.956711870402565
shanghai,0014797,0147408,5.282252303880397,5,44.20029269131377
shanghai,0014803,0100416,6.621107828368477,6,100.6969290696329
shanghai,0014825,0014826,5.297168740444085,7,55.88143960766488
shanghai,0014826,0109245,5.334816218982454,9,64.96328152702023
shanghai,0014826,0078929,5.3101288569888005,8,58.85476286523055
shanghai,0014826,0078931,4.935235411060824,9,52.561055368206404
shanghai,0014826,0047507,4.525712422706619,5,31.57944145987007
shanghai,0014826,0078930,4.33397386381148,6,29.825442312713026
shanghai,0014829,0014831,4.462262539896726,5,28.37740214025659
shanghai,0014829,0014832,3.73537529025549,19,33.87364535588166
shanghai,0014829,0063583,3.505893171595061,17,27.375905256836894
shanghai,0014829,0063587,3.200000155160592,14,20.826574498217024
shanghai,0014829,0014837,2.711875143589137,5,10.291047106026955
shanghai,0014829,0100450,2.695689471036406,6,9.960963405966616
shanghai,0014829,0100446,2.5628437356051776,10,12.610590877104844
shanghai,0014829,0035198,2.5533447209535396,6,10.36876243909536
shanghai,0014829,0100453,2.5530254625234017,5,8.471018232223978
shanghai,0014829,0035200,2.5103877821055356,6,9.524124820611702
shanghai,0014829,0078936,2.4936253903600942,9,11.618555991260648
shanghai,0014829,0100452,2.338411565869558,8,9.589453918193561
shanghai,0014829,0014835,2.0023060645368584,6,6.365418065100409
shanghai,0014829,0035204,1.4419834651499304,5,4.2127312450092145
shanghai,0014830,0014835,5.065248199462819,15,73.09819177218039
shanghai,0014832,0014838,3.7014506266603213,8,22.639580061898428
shanghai,0014832,0015466,3.4765808415868564,6,18.1688831339371
shanghai,0014832,0100450,3.349135352212948,5,14.458786270028885
shanghai,0014832,0063587,3.272030464981669,8,16.706084172388625
shanghai,0014832,0100453,3.188963637629242,5,12.105884283911468
shanghai,0014832,0063581,2.171357179038168,8,7.72740277142441
shanghai,0014833,0014835,4.915451194111346,5,40.149725707878225
shanghai,0014835,0014837,3.530608340005582,7,19.735621472282208
shanghai,0014835,0063590,3.145120166185645,5,13.803152185831081
shanghai,0014835,0063583,3.0191222278269336,6,13.910782636313748
shanghai,0014835,0063581,2.679608873384436,12,14.650105282073774
shanghai,0014835,0035194,2.6042040902536776,5,8.99594841900919
shanghai,0014835,0035195,2.380972076071778,7,8.222638427414296
shanghai,0014835,0035191,2.2909590898142866,5,7.177797030128789
shanghai,0014837,0063590,4.52973048145477,10,42.918113640281696
shanghai,0014837,0063581,3.3653223935148544,12,22.746346603613745
shanghai,0014838,0063581,2.8815135943505723,9,14.988836781887306
shanghai,0014838,0100446,2.4738876000567744,5,7.97982008902066
shanghai,0014838,0100452,3.34610083955136,8,18.696538754602177
shanghai,0014838,0063588,5.343043173547218,5,49.995966959865896
shanghai,0014838,0063590,3.7388314333419386,6,20.906988400752276
shanghai,0014838,0063585,3.454085545240095,5,13.886467293373837
shanghai,0014843,0063581,3.4905864643406277,5,17.207368845633667
shanghai,0014843,0015006,3.5969885035016897,6,19.844823426963995
shanghai,0014851,0035198,4.594522569710706,5,36.281278655600566
shanghai,0014851,0035195,4.172940772727569,5,27.040637315825187
shanghai,0014855,0035204,2.9237284628025657,5,13.076341397171095
shanghai,0014855,0035191,3.5064383811178503,5,19.236340965966455
shanghai,0014855,0035192,4.279908462165466,6,31.654042180280765
shanghai,0014855,0014858,3.800716071366703,10,31.711544952047962
shanghai,0014858,0035204,2.324114026265484,7,11.095289325424778
shanghai,0014858,0035191,2.8577496791419836,8,15.712548684633523
shanghai,0014858,0035194,3.0379995107049744,7,17.109143597304552
shanghai,0014858,0035195,2.5398085967234163,7,11.811265697032773
shanghai,0014858,0015006,2.208320289197472,10,11.294384363347223
shanghai,0014858,0015011,4.517818026760151,7,40.40895237301872
shanghai,0014858,0015015,3.659969365336611,6,23.47249080659323
shanghai,0014858,0035197,3.579481859483333,9,24.374990108370483
shanghai,0014858,0035192,3.5595893714996736,8,24.248376572522204
shanghai,0014858,0195862,3.3224786101931345,5,16.98854381590988
shanghai,0014858,0035193,2.4730438573060907,6,11.210572214029714
shanghai,0014861,0014868,6.015701383129217,11,103.28783548066158
shanghai,0014862,0014873,5.446348242203858,8,64.7209342648989
shanghai,0014862,0014869,5.199704476073302,6,49.54663540726755
shanghai,0014863,0014869,5.920444842248636,6,69.02797410128066
shanghai,0014868,0014869,4.755863239299821,6,37.035803424773164
shanghai,0014868,0014873,4.498065401235659,5,29.179550813127683
shanghai,0014869,0014873,4.52187102148232,7,29.80301963384633
shanghai,0014873,0014878,5.102721364608165,6,43.808832780594564
shanghai,0014875,0014889,5.184925935303193,5,43.83764580372376
shanghai,0014878,0014894,4.480393335089251,8,35.644290012824136
shanghai,0014882,0014884,6.787743003049428,7,142.09199156810277
shanghai,0014889,0014890,4.3275122886891095,6,34.64561470733516
shanghai,0014889,0014894,4.173502343878242,13,43.498834328980436
shanghai,0014889,0014898,3.5105315018123573,10,25.567591608640708
shanghai,0014889,0014919,3.4070431864662467,5,16.449157794687213
shanghai,0014890,0014894,3.8055994104016744,5,23.264463084484873
shanghai,0014890,0014893,4.2284909847561,7,34.14643683785035
shanghai,0014892,0014898,4.4290356828867,12,49.178102700780435
shanghai,0014892,0014893,3.946151733291841,6,25.28688285954579
shanghai,0014893,0014894,3.587227053402616,9,26.216782167122407
shanghai,0014893,0014898,3.269047430405476,10,21.78242577259787
shanghai,0014893,0014899,4.132299740789624,6,29.631012336936585
shanghai,0014893,0014896,3.8588919836457354,5,23.792035645916872
shanghai,0014893,0014909,3.339421141837005,7,17.419367691571278
shanghai,0014894,0014896,3.76176634019565,5,22.496442235402263
shanghai,0014894,0014898,3.5542588178888996,14,30.332768402370544
shanghai,0014896,0014898,3.3893447284352005,5,17.714500125268824
shanghai,0014896,0014908,3.9975102609211595,5,24.219864781363885
shanghai,0014898,0014902,4.063209286908422,6,28.339266615635864
shanghai,0014898,0014905,3.778173954978837,8,26.946574043741737
shanghai,0014898,0014899,3.6651578054148866,6,22.145643649222684
shanghai,0014898,0014909,3.175433883402351,7,17.63745014051847
shanghai,0014899,0014902,5.285405162718138,5,54.86721219040943
shanghai,0014901,0014919,5.494617504070651,10,84.6402634211821
shanghai,0014904,0014921,5.375312040306324,6,63.62062561536361
shanghai,0014905,0014919,4.435074751670645,6,37.256075221592035
shanghai,0014905,0014908,4.338769802441891,6,35.04996808599549
shanghai,0014907,0014909,4.1489294984281475,5,29.467813102726623
shanghai,0014907,0014921,4.551187981267346,8,43.3868312201436
shanghai,0014907,0014922,4.931686635578686,7,52.74824482133086
shanghai,0014908,0014909,3.717442558708071,5,22.607334568586467
shanghai,0014908,0014914,4.553715841406038,5,37.11364167646472
shanghai,0014908,0014922,4.230226371537647,5,30.91819614798496
shanghai,0014908,0014921,3.863803252662156,6,25.755748955973466
shanghai,0014909,0014919,3.753743171245339,5,22.629853473513506
shanghai,0014909,0014922,4.361742451018839,6,35.4802104365855
shanghai,0014914,0014921,4.93417760670735,8,53.7209331404447
shanghai,0014919,0014921,3.5206461691850635,5,17.579249509687266
shanghai,0014936,0014975,6.924808663860721,5,142.09852067752954
shanghai,0014939,0014984,6.163265159475794,5,76.55704061428004
shanghai,0014941,0014985,6.793365476192681,7,142.09228351655804
shanghai,0014946,0014973,5.226258266194448,7,54.783579764120645
shanghai,0014946,0014949,4.992118308435098,7,47.75238125711975
shanghai,0014946,0014974,4.7016968896032365,5,29.64172741558086
shanghai,0014949,0014984,5.012632883190888,8,46.243462962914236
shanghai,0014949,0014974,5.202181455289474,9,55.82973212864985
shanghai,0014949,0014973,4.31478943190024,5,25.05356043853563
shanghai,0014952,0014989,6.31706294621084,6,102.0727814891003
shanghai,0014952,0014980,6.308945457480003,5,98.81171275905956
shanghai,0014953,0014962,6.657835891882144,9,142.08459903472595
shanghai,0014955,0014969,7.09295321922606,6,142.1050601937683
shanghai,0014973,0014976,5.951865355104975,5,65.96509161108257
shanghai,0014973,0014974,4.808783476741916,5,34.15508849145254
shanghai,0014978,0014984,6.1642392353786395,5,76.85591195674621
shanghai,0014979,0014994,6.40610825858379,7,105.86044616916301
shanghai,0014981,0109297,7.010449136635704,5,142.1020343074667
shanghai,0014988,0014994,6.378395188332964,5,94.75261098258561
shanghai,0015001,0035200,5.206224179067622,6,44.969034720385025
shanghai,0015003,0035198,3.9640329611674563,5,21.428317227916477
shanghai,0015003,0035191,3.9309121975549264,6,22.60112324404793
shanghai,0015003,0015009,6.175066717672047,5,90.45525720897908
shanghai,0015005,0035194,4.524639494024492,5,30.11349105824883
shanghai,0015005,0035201,5.884546320806906,5,66.15271645730877
shanghai,0015006,0035198,3.125555716764949,16,21.915021946084334
shanghai,0015006,0035200,2.9887141185349906,12,18.296429761089033
shanghai,0015006,0035204,1.7503239710453287,7,6.933668672683263
shanghai,0015006,0035191,2.947941826707835,15,19.92104393660583
shanghai,0015006,0035194,2.7967283589345673,11,15.447247029664567
shanghai,0015006,0035195,3.029208834794157,18,22.58714248584699
shanghai,0015006,0035190,4.093523144650676,5,23.776784410428345
shanghai,0015006,0035199,3.4539692367228847,6,18.708528534343213
shanghai,0015006,0035197,3.400857126123136,12,23.527128196704023
shanghai,0015006,0035192,3.038246450067164,8,16.51450556146637
shanghai,0015006,0015015,3.000571183127378,5,13.905172978189318
shanghai,0015006,0035193,2.8260677757592374,17,18.65605842968232
shanghai,0015006,0035203,2.5107375883303,8,11.124466245945696
shanghai,0015015,0035200,4.323814167499559,6,32.91346266786211
shanghai,0015030,0015033,6.108713229492295,7,92.63152838638034
shanghai,0015030,0015066,4.625708483097157,5,29.789334160804152
shanghai,0015031,0015033,6.397829347240056,5,84.75828129777899
shanghai,0015036,0015040,7.276363381254504,5,142.1107053137945
shanghai,0015049,0015066,4.7853073353678175,8,43.80458937407474
shanghai,0015049,0015059,5.919871739116323,5,70.7737704563807
shanghai,0015049,0078756,5.114832811776819,5,37.839625533223696
shanghai,0015049,0015069,4.651351402487687,5,32.04020091367037
shanghai,0015055,0015057,7.093479574966671,5,142.10507844943962
shanghai,0015065,0015066,5.620197896443579,5,62.52471439457335
shanghai,0015066,0078756,5.119717304478667,7,43.491158127694085
shanghai,0015066,0015069,4.8771316802936875,8,45.95374080291317
shanghai,0015067,0015069,6.050812844476696,7,83.90893539920062
shanghai,0015084,0015085,5.903135438492589,8,83.90229829667514
shanghai,0015084,0015088,5.83566885908061,5,64.05785688003053
shanghai,0015084,0015090,5.367856073206469,5,51.852249167336964
shanghai,0015084,0015087,4.888177648451684,8,38.15022309937619
shanghai,0015087,0063680,6.2520235531889226,7,89.47713121223104
shanghai,0015087,0015090,5.454132823541447,6,47.86628396737364
shanghai,0015099,0015127,6.435784754992336,6,97.65397227646672
shanghai,0015099,0015109,6.035077292571359,6,81.41240433635855
shanghai,0015104,0093972,6.989320260380809,7,142.10120435391983
shanghai,0015105,0015109,5.109153255321879,5,38.655476970750904
shanghai,0015105,0015135,5.593485443106271,8,67.6940422550005
shanghai,0015105,0015136,5.235594575011358,5,41.68553266697704
shanghai,0015105,0015138,4.972026636941545,5,37.82203875963381
shanghai,0015129,0084687,6.692048121766745,6,97.82340481548151
shanghai,0015135,0015136,5.889030185258461,6,67.7208994262042
shanghai,0015138,0084268,6.29454727913036,6,85.14601462343025
shanghai,0015138,0084687,5.719667529331977,5,58.651480947751885
shanghai,0015144,0047917,7.110595071682094,6,142.10566514057612
shanghai,0015156,0147693,4.202832216244594,7,24.228182645354966
shanghai,0015170,0015171,6.128154191872736,6,93.04741227087779
shanghai,0015170,0015262,3.460421044957287,5,15.791656010999596
shanghai,0015171,0147693,3.198324123297337,6,12.570639468852983
shanghai,0015178,0147577,7.558410045309807,5,142.11709208979732
shanghai,0015191,0015262,3.358513673663194,6,15.769380968774998
shanghai,0015191,0015216,5.417992946862264,5,50.75864935011202
shanghai,0015191,0147620,3.604570648897691,7,19.60456951715806
shanghai,0015216,0147598,4.100083908472412,9,27.288662662084185
shanghai,0015226,0147598,4.272637812287914,7,29.72479889674087
shanghai,0015226,0147573,4.254478111934916,5,20.100172876536053
shanghai,0015230,0015233,6.606737063313605,11,142.081321712558
shanghai,0015262,0147574,3.3868466349611905,5,16.24462241711489
shanghai,0015262,0147573,3.3388338921344944,12,21.431308546407447
shanghai,0015262,0147598,3.1572663239622285,23,25.82977634190829
shanghai,0015262,0147459,3.1292319229391845,16,21.895574534367075
shanghai,0015262,0147440,3.115173991927743,5,12.712606242955664
shanghai,0015262,0147535,3.0235205657525475,16,19.113141254739087
shanghai,0015262,0147656,2.8976575250569354,5,10.950686512311798
shanghai,0015262,0147484,2.7695513432012318,5,10.18898511373278
shanghai,0015262,0147620,2.754876867763251,20,17.913724209750733
shanghai,0015262,0147551,2.7079643303818015,5,8.814597564402312
shanghai,0015262,0147611,2.1706467159309595,5,6.995782884439832
shanghai,0015262,0147454,1.9853101643972917,8,6.60825433359813
shanghai,0015262,0147621,1.8246325331231354,5,4.812737285319787
shanghai,0015289,0147451,4.580270155703727,7,30.29471366431143
shanghai,0015295,0015301,5.860976147367263,5,60.640451439525364
shanghai,0015295,0015299,5.109414112489393,5,40.99295963406549
shanghai,0015297,0015299,5.702069520784092,6,62.70488042711873
shanghai,0015299,0015303,5.73156255463605,8,70.55633140381788
shanghai,0015299,0015300,5.679221346087956,5,57.228188536475955
shanghai,0015299,0015301,5.304987943017819,8,54.21070685444532
shanghai,0015336,0100767,6.289360982656857,6,93.08678526845895
shanghai,0015340,0015352,4.773251693319742,6,41.55496880692453
shanghai,0015340,0015353,4.095542444193715,5,24.217888082114555
shanghai,0015343,0015353,2.9837067387612306,6,13.232799059887641
shanghai,0015343,0015345,4.166642580799709,8,27.675771872279284
shanghai,0015343,0015348,3.7961645288122314,12,28.337240048031333
shanghai,0015343,0015349,3.7457797147189966,5,19.972120112087186
shanghai,0015343,0015351,3.716354347278929,8,22.621877174257904
shanghai,0015343,0100354,3.5327262863035083,11,21.900931759204273
shanghai,0015343,0015346,3.249942607924443,6,15.205372797842013
shanghai,0015344,0015353,4.152442627309674,16,40.810108092528345
shanghai,0015344,0015345,4.1753070353831765,7,26.3841651828847
shanghai,0015344,0015346,3.4824439224464045,9,18.18966131083439
shanghai,0015344,0100354,4.2196722813203555,15,41.374768348953424
shanghai,0015345,0015353,3.387456353475776,5,14.486274280656504
shanghai,0015345,0100355,5.220456396577103,5,46.35260916870043
shanghai,0015346,0015352,4.107023141696376,12,36.06271573788281
shanghai,0015346,0015353,2.8419712422138623,5,11.515763150415346
shanghai,0015346,0100358,5.221405463399409,6,53.69840341623354
shanghai,0015346,0015349,3.9018127345751488,6,23.511201633961953
shanghai,0015346,0015348,2.8790685406036047,6,11.242295962588615
shanghai,0015346,0100354,2.5758065477424736,6,8.305155568485747
shanghai,0015348,0015352,3.193704388601441,8,15.370300432547937
shanghai,0015348,0100360,4.808934212142597,10,52.64591283776082
shanghai,0015348,0015350,4.494602078973766,16,50.62123207784312
shanghai,0015348,0015351,3.9157715744637,10,29.843197655441067
shanghai,0015349,0015353,2.9967518819978807,6,10.737613859015715
shanghai,0015349,0100363,5.097157764679403,11,63.298738993978304
shanghai,0015350,0015352,3.3179331324338888,5,14.302955893605372
shanghai,0015350,0015351,3.700654562298433,5,19.70011326984818
shanghai,0015350,0100360,4.425003578212952,5,29.359762671953664
shanghai,0015350,0100363,3.79333305609455,5,18.902082998325902
shanghai,0015351,0100357,5.415352707597363,8,64.08427031613574
shanghai,0015351,0100363,3.992339597712385,6,24.37059258445672
shanghai,0015351,0100354,2.8375916127485112,5,10.08787616009485
shanghai,0015352,0100355,4.723584824820587,7,38.76469079253079
shanghai,0015352,0100354,3.3546725392302026,10,18.251263637764808
shanghai,0015352,0015353,2.920811113927553,6,12.384937104515897
shanghai,0015353,0100362,4.889544957507741,6,41.142293327891856
shanghai,0015353,0100354,3.9502248347559563,16,38.32954395001084
shanghai,0015353,0079279,3.817431262226356,5,16.73965992864194
shanghai,0015364,0015376,5.923752801350967,13,111.61878523368043
shanghai,0015370,0015376,5.269380870907892,7,53.29977149486807
shanghai,0015370,0015375,5.30952251292255,6,51.40086863412486
shanghai,0015375,0015376,4.028833871070792,5,18.533048933622474
shanghai,0015375,0039106,5.429551034994394,5,46.33567700332167
shanghai,0015375,0077235,5.1363328620356565,5,41.17881079385296
shanghai,0015375,0038886,4.265740600580471,5,22.89805034057595
shanghai,0015380,0077236,7.177090231658091,5,142.1078215692602
shanghai,0015393,0063386,5.325686980223465,5,44.34002404853921
shanghai,0015393,0063380,4.720907236439405,19,58.83801944595622
shanghai,0015393,0063381,4.310074549398727,10,33.92431558345539
shanghai,0015393,0015396,4.017336190016694,9,23.391097269797186
shanghai,0015393,0063384,3.489192492010054,8,18.303898185466835
shanghai,0015396,0063381,4.121793692170098,6,23.015759042969176
shanghai,0015396,0063380,4.064578824132682,8,24.947819179962124
shanghai,0015396,0077141,3.4923079900926686,5,15.712491187859223
shanghai,0015396,0086198,2.950522552156327,5,11.980747157960236
shanghai,0015397,0063384,4.73629212899166,10,46.35677525744477
shanghai,0015397,0063765,6.163946339399125,5,93.23588206552368
shanghai,0015401,0075342,4.987640310816401,7,44.250543947388195
shanghai,0015401,0015405,4.944356299383545,5,37.215733605366175
shanghai,0015401,0015403,4.33578637385662,17,46.47290589491636
shanghai,0015401,0015418,4.038123624134889,11,30.230444998514436
shanghai,0015401,0172533,4.018564718758736,11,35.04921201326601
shanghai,0015401,0015404,3.6635936106545524,8,20.834825142627565
shanghai,0015401,0172534,3.5563333343834165,7,21.221103933296128
shanghai,0015403,0172533,4.216896694481361,10,36.11968880756478
shanghai,0015403,0172534,4.0534627295945835,8,29.57637719485185
shanghai,0015403,0015418,3.713104281939086,6,18.393856533959553
shanghai,0015404,0015418,5.034616013695505,13,61.202403233849324
shanghai,0015404,0015422,4.352511432070563,5,23.071616263655645
shanghai,0015404,0015420,3.962488048777259,5,18.285330053914656
shanghai,0015404,0172534,3.5678277170559225,5,15.993479932148785
shanghai,0015411,0015414,7.402055416767078,5,142.11384936618907
shanghai,0015418,0015420,3.7844898926946984,5,15.205614987915947
shanghai,0015420,0015423,5.70074097098116,9,75.28699339844583
shanghai,0015420,0015422,5.329383998846485,9,53.5495869427983
shanghai,0015422,0015423,5.30212922063813,5,43.06107718582859
shanghai,0015435,0015438,6.44154767391315,5,79.0998738213742
shanghai,0015436,0015438,6.541594446093369,12,118.02522446986954
shanghai,0015450,0100774,5.164542897542691,6,47.72518627189923
shanghai,0015450,0016934,4.991063220164937,5,43.732239875352626
shanghai,0015450,0015451,4.860688092024721,5,34.174628257007335
shanghai,0015451,0015456,5.222375639059476,6,48.05768947091948
shanghai,0015451,0100772,4.3750839851093195,5,25.46180157504646
shanghai,0015451,0100773,4.176750376972058,5,23.388023259423964
shanghai,0015453,0100773,5.474943002480939,6,56.13996338892896
shanghai,0015456,0100773,5.140732618466701,10,57.97136735260444
shanghai,0015466,0063587,2.848737422553964,5,10.152542781427728
shanghai,0015466,0100446,3.2430249419095363,11,17.667038325658734
shanghai,0015466,0100450,3.232363596093271,5,12.011844698332526
shanghai,0015466,0100452,3.072233220425609,7,14.256918024074256
shanghai,0015466,0100453,4.124268815691045,9,29.10211927283379
shanghai,0015466,0100454,3.42855348342953,7,15.443665661530735
shanghai,0015466,0035194,3.0569064154417758,5,11.96823172430982
shanghai,0015493,0075335,5.770685623673076,20,118.78342664920567
shanghai,0015493,0146725,4.502663950772214,5,32.45455656763812
shanghai,0015493,0077128,4.18800698187257,5,22.107500372409724
shanghai,0015511,0015517,7.097474618563964,5,142.10521659323783
shanghai,0015513,0015529,6.592718476250726,5,100.54662195665139
shanghai,0015529,0015531,6.592336540972707,5,100.39313002642803
shanghai,0015559,0015561,7.417441746672972,5,142.11419928733105
shanghai,0015678,0063370,6.365470284118081,7,100.72707462531103
shanghai,0015684,0070164,7.201618354469528,5,142.10856996715614
shanghai,0015685,0086198,4.004064445434316,8,27.448733852416623
shanghai,0015685,0077139,4.3743612058587775,5,28.4020626062893
shanghai,0015686,0077141,4.263030490886052,5,26.491505879441732
shanghai,0015686,0086198,3.978303930676173,9,26.31892338387184
shanghai,0015758,0015760,6.286385433301341,6,89.51059071701604
shanghai,0015759,0015760,6.3386426326097824,8,110.32005671139451
shanghai,0015878,0086664,4.918321223129646,10,50.33510647063601
shanghai,0015883,0041499,4.543993266631287,5,30.499214083573655
shanghai,0015883,0015906,3.9237673380208484,7,22.074213349942536
shanghai,0015883,0015912,3.8347717267909376,6,19.975211051287143
shanghai,0015884,0015906,2.4096284494418443,5,9.064486577145798
shanghai,0015884,0015916,3.840270169894228,14,35.66348383091719
shanghai,0015884,0015898,3.4821139338045173,5,14.98231773441312
shanghai,0015884,0015925,3.4508897645532697,11,23.18423560239934
shanghai,0015884,0015900,3.4243145989838704,7,18.505154648670235
shanghai,0015884,0015923,2.7427640486628784,7,14.223247561206426
shanghai,0015884,0015902,2.426632951682712,7,10.64333025942106
shanghai,0015894,0015912,2.9116721466601776,19,23.08629404339829
shanghai,0015894,0015917,3.779426073966113,6,24.207882442539695
shanghai,0015894,0155465,3.7712530624451537,5,23.429273734904232
shanghai,0015894,0015905,3.7632560090560316,6,22.69167327813914
shanghai,0015894,0015935,3.7618552849061153,5,22.564889688430647
shanghai,0015894,0041500,3.7059560473927746,5,18.043728891906575
shanghai,0015894,0015932,3.680145965541663,5,16.273823019926446
shanghai,0015894,0015936,3.395418236825967,8,22.356867649218017
shanghai,0015894,0015915,3.1232699123032823,5,14.165568117092974
shanghai,0015894,0015924,2.9449712184585604,19,24.31944202011993
shanghai,0015894,0015900,2.941266878004435,9,17.377271950584838
shanghai,0015894,0015913,2.939352674196498,6,14.244505977960031
shanghai,0015894,0015928,2.93675232659423,17,23.196357093471157
shanghai,0015894,0015902,2.9072379146653464,23,26.799088816286623
shanghai,0015894,0015896,2.897232263189429,15,21.295351555352614
shanghai,0015896,0015906,3.0299243809927807,9,15.269883124399673
shanghai,0015896,0015902,3.131141356999003,8,19.549767471709934
shanghai,0015896,0015916,2.7761628964330356,5,10.763530053118787
shanghai,0015896,0015923,2.899087493853248,6,14.859052975288707
shanghai,0015896,0015925,3.299450715712662,6,17.68500741425769
shanghai,0015896,0015918,2.8575281396801575,5,8.529712742045003
shanghai,0015898,0015906,4.3458773531272294,8,34.329543499673306
shanghai,0015898,0015916,3.6235614594125805,5,15.15481380226648
shanghai,0015900,0015912,3.029076195398325,6,11.772648841028948
shanghai,0015900,0015913,4.1901316146362495,5,22.75641033633157
shanghai,0015900,0015928,3.349586165557711,5,15.962463848514346
shanghai,0015902,0015912,2.757999205700308,7,14.25416402312744
shanghai,0015902,0015928,3.107943549230982,10,19.972443515606113
shanghai,0015902,0015923,3.0807069625538412,12,22.29419600984941
shanghai,0015902,0015925,2.7811010349892946,5,12.98917376174324
shanghai,0015902,0015924,2.4492057259589908,6,10.544701664478895
shanghai,0015902,0015916,2.402080214035526,5,9.1096942408013
shanghai,0015906,0015910,4.833470415233501,6,37.79411478714647
shanghai,0015906,0015918,3.97870276467103,9,28.656368747403935
shanghai,0015906,0041499,3.5401273354212615,8,20.519589726521033
shanghai,0015906,0041493,3.2167610396509145,5,11.092168609584109
shanghai,0015906,0015912,2.9200875530292913,8,14.581021834724684
shanghai,0015906,0015928,2.7746682662585034,7,12.301102055534262
shanghai,0015906,0015924,2.6883662532401837,7,11.702462812453076
shanghai,0015906,0015916,2.4942865248014936,5,8.688250379611173
shanghai,0015912,0015921,4.286673909755359,6,24.792766642603045
shanghai,0015912,0015925,3.148623813319479,5,16.210174981646126
shanghai,0015912,0041499,2.9915907495813565,5,11.63985057946021
shanghai,0015912,0015923,2.7736858834237754,7,13.956216239968048
shanghai,0015913,0015923,3.8293652596532644,6,24.424192091542338
shanghai,0015915,0015928,4.310282183432111,6,28.416311491459766
shanghai,0015916,0015925,3.2792223474540227,6,17.084862157207013
shanghai,0015916,0015924,3.193368885566696,7,17.921760155291327
shanghai,0015918,0015924,3.2321887800140994,5,13.58326182681417
shanghai,0015918,0015928,2.9820397205304063,5,10.130623674923347
shanghai,0015918,0015938,5.816426106196989,7,73.11495983280552
shanghai,0015920,0015921,6.7754404744692325,5,96.40219044763481
shanghai,0015923,0015936,3.781400750384136,5,22.9603552863885
shanghai,0015923,0015924,2.816115180840323,7,14.840354524429245
shanghai,0015923,0015925,2.7512207652035245,5,12.135809828411446
shanghai,0015924,0041499,3.1921212895322517,5,14.532400106796594
shanghai,0015924,0041495,4.7811445030127375,5,32.599552230437894
shanghai,0015924,0041493,4.076805342324285,7,26.628905630048003
shanghai,0015928,0041499,3.602130721272383,8,21.171542637208532
shanghai,0015928,0041493,4.146050340530114,7,27.454148233667453
shanghai,0015947,0084676,5.264801181864761,7,57.65315522480321
shanghai,0015947,0015950,5.080979244863429,15,64.79326078126928
shanghai,0015948,0015950,4.811502373955018,8,39.885839031622346
shanghai,0015948,0109399,6.004980531403452,5,77.1086072918972
shanghai,0015950,0015951,5.374295040385903,6,51.62903755597065
shanghai,0015950,0109561,4.83504542088575,6,41.30536592625468
shanghai,0015950,0109399,4.514814950515697,5,27.2477322322241
shanghai,0015950,0084676,4.250744521701062,6,26.433326519942767
shanghai,0016074,0016076,6.983744820641967,6,142.10098142067272
shanghai,0016080,0235104,5.108412906313071,5,47.69384398277857
shanghai,0016080,0235102,4.896562443946952,8,48.79563230182212
shanghai,0016082,0235102,5.31999294518769,5,52.78605458015806
shanghai,0016097,0016107,5.358903542927466,7,47.86977747792
shanghai,0016098,0016101,6.128514393085955,8,99.92612478338961
shanghai,0016101,0016106,4.293317535638187,5,26.07997329997354
shanghai,0016101,0016103,3.947167383453242,5,21.46205101446601
shanghai,0016102,0016103,4.311222350051083,7,27.303514451616277
shanghai,0016102,0016106,5.153445756370063,7,54.51045710203835
shanghai,0016103,0016107,4.592973200816993,18,55.02235779575125
shanghai,0016103,0016104,4.666377099355942,7,36.691711683950565
shanghai,0016103,0016109,4.617534148771839,9,44.85434723358663
shanghai,0016103,0016106,3.8439655705916023,8,24.378585004381826
shanghai,0016104,0016108,5.91284202879011,5,68.20227744588864
shanghai,0016106,0016107,4.174932761337562,10,31.019842066735542
shanghai,0016106,0016109,4.408191979947601,6,31.189810065205712
shanghai,0016107,0016108,4.721785219226611,5,33.40861451625275
shanghai,0016107,0016109,4.118909585097409,6,24.787786968065323
shanghai,0016117,0016125,5.338822721107735,7,59.663338322240094
shanghai,0016117,0109531,5.22564988409732,6,37.94077477152238
shanghai,0016117,0090905,4.430350149116648,5,27.75550167375172
shanghai,0016117,0016120,4.154846105426776,9,32.76081551107907
shanghai,0016117,0016118,3.6064166704315452,5,15.382204904633861
shanghai,0016117,0016126,3.495701498490283,6,16.5761478063509
shanghai,0016117,0016121,3.4776363982056813,8,20.20271857398252
shanghai,0016118,0016120,4.338357933107789,6,30.228973131698467
shanghai,0016118,0016121,3.996802854575072,8,26.184140708007636
shanghai,0016118,0016126,4.247540836810877,6,27.132528414317168
shanghai,0016119,0016130,5.081083940926907,7,44.306232344779616
shanghai,0016119,0016120,4.249985145339851,6,27.254139423045615
shanghai,0016119,0016121,3.812419334769306,6,21.426780820934646
shanghai,0016120,0114871,5.39902924709765,5,46.52625632235975
shanghai,0016120,0016121,3.7114449689030957,11,24.073390653107143
shanghai,0016121,0075183,4.8624960702467215,5,26.944142609905494
shanghai,0016121,0016126,4.549653044756834,20,55.022541938022634
shanghai,0016121,0016130,4.2600084487771115,7,29.55127787427414
shanghai,0016126,0016128,5.446592484407936,5,49.17562662725097
shanghai,0016126,0016130,3.96729352347241,5,17.730350749765996
shanghai,0016135,0016139,4.9991518875972085,8,50.1757248928755
shanghai,0016135,0016143,4.872095548908022,9,46.6633485976095
shanghai,0016135,0016142,4.52469985225876,5,30.33568910844078
shanghai,0016139,0016143,4.888224581847306,11,50.718002273503856
shanghai,0016139,0016142,4.803216202947999,9,42.89741716722397
shanghai,0016142,0016143,5.1062071392571875,13,61.39105387274633
shanghai,0016145,0016157,6.402441495178407,7,110.86967500336476
shanghai,0016145,0016154,6.347054247884777,5,88.83728369176441
shanghai,0016167,0016208,6.730411027571745,6,109.55473633452847
shanghai,0016167,0016200,6.682608178006663,5,90.48760692752697
shanghai,0016205,0016213,6.275936090341649,5,82.6517547259675
shanghai,0016205,0016241,5.513627086124865,5,51.973829178165175
shanghai,0016205,0016215,5.294599944509192,7,47.47236497419139
shanghai,0016206,0016240,7.423667051229917,5,142.11433883807877
shanghai,0016215,0016235,6.202347949914285,6,73.15926529030054
shanghai,0016215,0016241,5.776597794079012,8,69.09634222101573
shanghai,0016336,0143434,6.240370986158074,6,99.1497013932791
shanghai,0016379,0070334,6.8183801803977095,6,142.09355620735948
shanghai,0016601,0016604,6.88326693208254,5,142.09666627429448
shanghai,0016755,0100830,7.330599323872717,5,142.11212680564108
shanghai,0016851,0096875,6.91032370512283,5,142.09788570587568
shanghai,0016904,0109565,5.758634463392842,5,58.34632972844509
shanghai,0016928,0103492,4.43764688477177,15,53.25614871955768
shanghai,0016929,0103492,4.434781552965322,14,52.64924716459169
shanghai,0016930,0103497,5.591536718309759,5,59.82859685316738
shanghai,0016931,0103492,4.464799543175465,18,59.36613229917741
shanghai,0016932,0103492,4.320796959376101,6,33.37187786580801
shanghai,0016933,0103492,4.434045451985025,14,52.49445451266982
shanghai,0016934,0070173,5.241137553119635,5,52.259113417136575
shanghai,0016934,0103506,4.804533667786469,8,51.69430776463705
shanghai,0016935,0070173,5.262716802704775,5,53.09268353756962
shanghai,0016935,0103506,5.216922191504264,12,77.70238309199702
shanghai,0016937,0103506,5.464105531521477,9,78.38430399569091
shanghai,0016961,0041631,6.4641268997638575,5,97.39442267884681
shanghai,0016961,0089367,5.545217041491333,5,60.619136514916505
shanghai,0016962,0089367,6.0624138149345255,5,71.5062351923485
shanghai,0016964,0152921,6.922010105521674,6,142.09839895208108
shanghai,0016968,0016973,6.707452188435998,5,88.93584356815593
shanghai,0016973,0016976,6.7624502938653235,5,110.82004535662382
shanghai,0016980,0133078,7.004736949222653,5,142.10181223079852
shanghai,0016983,0016993,6.834478809345874,6,142.09435310236051
shanghai,0017134,0017215,6.7989254516076105,7,142.0925700755167
shanghai,0017146,0017212,7.047866734304129,6,142.10344792858396
shanghai,0017148,0017183,7.16031042297388,5,142.10729530385083
shanghai,0017180,0017182,6.750201845870796,9,142.08998512005692
shanghai,0017184,0017193,7.386725176704124,5,142.11349350764203
shanghai,0017185,0017201,6.9935029364770225,5,142.10137051306484
shanghai,0017191,0017213,6.897066367218526,6,142.09729370203613
shanghai,0017239,0017270,6.416207462501558,7,109.73622088144067
shanghai,0017239,0017259,6.367293817587804,5,90.23568000898553
shanghai,0017378,0017406,6.361292613888381,6,94.80849090774808
shanghai,0017395,0017406,6.3887357299151155,6,105.80856130892862
shanghai,0017540,0017547,7.050770387560536,5,142.1035547068614
shanghai,0017577,0066220,6.928364887607224,7,142.09867470435094
shanghai,0017579,0066213,6.428756409794409,7,99.99900714242698
shanghai,0017659,0081999,2.7395069174493045,16,19.290199644809285
shanghai,0017659,0082017,2.5690047281725663,12,15.48713818169856
shanghai,0017659,0017691,2.4711432539849083,13,15.380916046723607
shanghai,0017659,0082018,2.0799186179316065,9,10.01733040194703
shanghai,0017661,0017689,2.4564390570941637,10,8.551957260104896
shanghai,0017661,0017690,2.6047475539824454,9,9.242904922179417
shanghai,0017661,0082018,3.362238157447302,6,19.401405336715477
shanghai,0017662,0017688,2.755478619071736,26,24.73897262535364
shanghai,0017662,0017689,2.378459597414966,39,15.948758373822223
shanghai,0017662,0017690,2.1307597693789306,29,11.3883611246591
shanghai,0017662,0017691,2.1462802770317646,10,11.404143473775347
shanghai,0017662,0081999,1.9790365005304722,9,9.059607152123473
shanghai,0017662,0082017,1.5146625106756344,5,5.223741292118487
shanghai,0017662,0082018,2.2293059893375915,13,12.250443207752562
shanghai,0017663,0017688,2.3487750569582238,13,14.173202400009401
shanghai,0017663,0017689,2.6556560054186074,37,18.641086755477954
shanghai,0017663,0017690,2.3755809093276907,22,12.91434647811899
shanghai,0017663,0017691,2.100817977899057,7,9.520260618017039
shanghai,0017663,0081999,2.3719572241108926,8,12.03024687287285
shanghai,0017663,0082018,2.0270125218390023,7,8.657620442928781
shanghai,0017664,0017689,2.766299718192654,5,8.406360545150523
shanghai,0017664,0017690,3.3819328631023255,7,14.574968822969515
shanghai,0017665,0017688,2.97885326002329,5,13.957458580804387
shanghai,0017665,0017689,2.449777752371067,6,7.737290912474893
shanghai,0017665,0017690,2.5254675629607224,8,7.758164585241069
shanghai,0017666,0017688,2.913663083264896,5,13.913646878535864
shanghai,0017666,0017689,2.664316104555388,8,10.285622947198865
shanghai,0017666,0017690,2.4823752905883323,7,7.904756551663374
shanghai,0017667,0017689,2.1801346677730304,18,9.73525357205543
shanghai,0017667,0017691,2.2747256992318166,7,9.8267445220667
shanghai,0017667,0082017,2.862357198626597,10,16.428204166381857
shanghai,0017667,0082018,2.3238173945858307,6,10.176537521843635
shanghai,0017668,0017689,2.3696606913778284,7,7.333207197639252
shanghai,0017668,0017690,2.364743608301578,6,6.765820981857341
shanghai,0017668,0081999,3.5488121888638506,7,21.203193415995347
shanghai,0017669,0017688,2.1904956855485045,14,12.527842993411344
shanghai,0017669,0017689,2.1164532489286376,28,11.061927874339515
shanghai,0017669,0017691,1.833759972617725,7,7.465090337435637
shanghai,0017669,0081999,2.15583422220437,9,10.011297246227802
shanghai,0017669,0082017,1.9327021256553547,6,7.562778994685613
shanghai,0017669,0082018,3.059011590692818,21,26.498317932169122
shanghai,0017670,0017688,2.3437435017127264,14,14.912283396990594
shanghai,0017670,0017691,1.8715517760017832,8,7.872892977058794
shanghai,0017670,0081999,2.217468983576257,9,10.818227551775857
shanghai,0017670,0082017,2.914387112025495,17,21.379672135066293
shanghai,0017670,0082018,2.653807828332882,14,17.68255045257964
shanghai,0017672,0017688,2.372139333288996,19,17.129589000808316
shanghai,0017672,0017690,2.0426333469593123,31,10.702507101416863
shanghai,0017672,0017691,2.2653784511395108,12,13.358920859559637
shanghai,0017672,0081999,2.194754732312175,11,11.77258484294694
shanghai,0017672,0082017,2.844959856174288,18,22.213632226753948
shanghai,0017672,0082018,2.291882137329994,13,13.513792485808944
shanghai,0017673,0017691,2.5820178950918518,11,14.948268536661317
shanghai,0017673,0081999,2.4728241011965313,8,12.66818749935014
shanghai,0017673,0082017,2.6437518452357027,9,14.488312911842753
shanghai,0017673,0082018,2.167883383965518,7,9.53339889134517
shanghai,0017674,0017688,2.3274152705004107,17,15.788897025561065
shanghai,0017674,0082017,2.8396591952767603,18,21.339936127896355
shanghai,0017674,0082018,2.74333695324329,18,20.904833207125918
shanghai,0017675,0017688,2.2650477820441886,14,14.111941783719702
shanghai,0017675,0017690,2.261648068118868,27,12.460805189532195
shanghai,0017675,0017691,2.1755822904873687,10,11.20598409860431
shanghai,0017675,0081999,2.1205757439071453,9,10.038463861183422
shanghai,0017675,0082017,2.658558294183046,13,16.8923476549688
shanghai,0017675,0082018,2.3801845002740354,12,13.67489872203118
shanghai,0017676,0017688,2.5583605588667337,21,19.51202951382432
shanghai,0017676,0017690,1.8908480896084712,18,8.524714343610022
shanghai,0017676,0017691,2.4115640988489204,13,14.602306410919889
shanghai,0017676,0081999,2.517587388482184,14,15.485353684521494
shanghai,0017676,0082017,2.525895447023042,13,14.96271734860236
shanghai,0017676,0082018,2.1630049075406728,9,11.055369712762301
shanghai,0017677,0017690,2.5877584369099287,16,12.78247361709839
shanghai,0017677,0017691,2.9033887194967773,9,17.422913469161482
shanghai,0017677,0081999,2.737670601518375,8,13.9477613328586
shanghai,0017678,0017688,2.4967758263917252,15,16.68394740614827
shanghai,0017678,0017690,2.644905347676847,32,17.234457174045655
shanghai,0017678,0017691,2.5743411772101643,13,15.775873568151942
shanghai,0017678,0081999,2.367466332451613,10,12.071706091958504
shanghai,0017678,0082018,1.733951185231038,5,6.360862503771004
shanghai,0017679,0017688,2.7226413688464586,11,16.464607237282426
shanghai,0017679,0017689,2.3364726314573865,17,10.52810162743168
shanghai,0017679,0017691,2.287156179293297,5,9.134018093068516
shanghai,0017679,0081999,2.670855059336871,7,12.916187236081777
shanghai,0017681,0017689,2.6092320149494803,9,9.59430347699869
shanghai,0017681,0017690,2.086525893386834,6,5.166143873491393
shanghai,0017681,0082017,3.63346758759711,7,22.586402363596076
shanghai,0017682,0017688,2.5299148253210637,7,12.135708194240411
shanghai,0017682,0017689,2.1163166085036,13,7.519486551243433
shanghai,0017682,0017691,3.0359150203481784,8,17.800108001160183
shanghai,0017682,0081999,2.6297424062450734,5,11.136717098749637
shanghai,0017683,0017688,2.8073303700751646,5,10.036982480861788
shanghai,0017683,0017689,2.2973013864965983,5,5.664744544458009
shanghai,0017683,0017690,2.7682549380260033,6,8.534439312004052
shanghai,0017684,0017689,3.585642120294927,7,13.652617718546376
shanghai,0017685,0017689,3.5447156296173867,5,11.590958039269104
shanghai,0017688,0017695,2.121698309752614,12,11.905426476888165
shanghai,0017691,0017695,2.0059359872361284,8,9.187878471911661
shanghai,0017695,0081999,2.6426994747320283,13,17.03827173942417
shanghai,0017695,0082017,2.342704393686822,9,11.941593888737307
shanghai,0017695,0082018,2.705478339671031,16,18.84044192243298
shanghai,0017830,0017852,6.57459835225459,5,99.56919423776701
shanghai,0017849,0017852,6.579057925511134,5,101.36127501148675
shanghai,0017990,0018270,7.095525833214581,5,142.1051492985114
shanghai,0018057,0150493,7.131907870946084,5,142.10637723825752
shanghai,0018065,0132771,6.91260998349703,5,142.09798674544408
shanghai,0018088,0035639,4.989985746596706,8,55.31515859568235
shanghai,0018115,0035639,4.93366793160694,5,44.15807134050966
shanghai,0018120,0035639,4.973566466180848,7,51.79894928344408
shanghai,0018163,0083409,5.512811272032862,5,52.306299435792106
shanghai,0018172,0018175,7.034751488300908,5,142.1029604474565
shanghai,0018188,0187236,5.518992223925799,13,87.84910518626381
shanghai,0018188,0187019,5.26435064239955,5,49.19176806379262
shanghai,0018193,0161247,6.899755682872549,6,142.09741464046215
shanghai,0018195,0157285,6.72040964722342,8,142.08831978725158
shanghai,0018201,0044625,7.158173875813245,5,142.10722744629086
shanghai,0018239,0018365,7.102801287860486,5,142.10539964212424
shanghai,0018242,0019849,6.963273900270317,5,142.10014853237695
shanghai,0018331,0162017,7.306438194492039,5,142.1115062353001
shanghai,0018420,0045438,6.846477141017608,6,142.094936002911
shanghai,0018435,0097064,6.94113136836694,5,142.09922166665945
shanghai,0018446,0227537,6.809137321635287,6,142.09309088914625
shanghai,0018449,0148149,6.823290260850578,6,142.09380107572082
shanghai,0018454,0035001,6.873361432592746,6,142.09620872372554
shanghai,0018539,0035499,6.694422742586128,7,142.0868121532923
shanghai,0018579,0018606,5.409734801747683,5,52.15080828432501
shanghai,0018586,0070167,6.02027166145923,5,76.27953154830281
shanghai,0018588,0018608,5.7869806463600595,7,75.40310759849734
shanghai,0018590,0018606,5.507857599528443,9,77.21786727742742
shanghai,0018591,0018606,5.443524788929165,6,59.69806628110045
shanghai,0018592,0018606,5.543108332377851,12,88.9108162806187
shanghai,0018594,0018608,5.7607249419767,5,67.88571784782911
shanghai,0018607,0018608,5.7281504118398985,5,59.59237030847065
shanghai,0018608,0018610,5.800237226894133,7,79.50936481477358
shanghai,0018714,0018717,7.004813098245891,6,142.10181520243427
shanghai,0018715,0059462,6.552710136580582,5,83.27814763270513
shanghai,0018724,0059462,5.683807272111982,8,66.8604138368793
shanghai,0018724,0066536,6.0384186143562815,7,78.16046345892298
shanghai,0018724,0066553,5.969600488882663,5,59.35233335458928
shanghai,0018724,0205108,3.8926674849384675,5,18.453217416193336
shanghai,0018725,0018728,6.368861763005153,5,89.14120612953316
shanghai,0018726,0089311,7.042234357424939,5,142.10323962245545
shanghai,0018728,0146713,6.354010382473276,7,83.99994768389024
shanghai,0018728,0040346,6.315436042132528,5,71.98939486814339
shanghai,0018735,0018741,7.097399993105721,5,142.10521401951786
shanghai,0018743,0083409,4.65468826896869,6,33.99740076936544
shanghai,0018743,0153920,4.748632186572156,6,31.690800457133903
shanghai,0018743,0089694,4.537952587771962,7,31.424245361180205
shanghai,0018779,0018784,6.9933540447011415,5,142.1013646141482
shanghai,0018821,0018849,6.262904631247117,9,114.58774459567186
shanghai,0018821,0018854,6.185168578729121,5,83.96471472454172
shanghai,0018867,0020549,5.621380841349873,9,68.21843137842562
shanghai,0018871,0020549,5.621961271748332,10,68.376999588044
shanghai,0018877,0020549,5.605590911456409,9,64.04302118710739
shanghai,0018880,0020549,5.564417849108167,7,54.318388400325006
shanghai,0018881,0020549,5.595350187099331,7,61.47263805589882
shanghai,0018882,0020548,7.385134839797966,5,142.11345617324753
shanghai,0019079,0019094,4.938549284081571,5,39.98993581898985
shanghai,0019081,0019094,4.928443926587447,5,38.4057192749245
shanghai,0019085,0019094,5.029794743006933,11,57.6050163680245
shanghai,0019086,0019094,4.929008272354946,5,38.492513622595105
shanghai,0019087,0019094,4.958349729113773,6,43.286014759118515
shanghai,0019088,0019094,4.949679874695343,7,41.81061189456212
shanghai,0019092,0019094,4.9749274700702335,8,46.25365842381667
shanghai,0019093,0019094,5.018044130965106,9,54.960085603069516
shanghai,0019094,0019095,4.9634094324237905,6,44.170997621254934
shanghai,0019094,0019097,4.9312487233240585,5,38.83902635080096
shanghai,0019270,0019271,6.372828571432794,5,102.35054131800658
shanghai,0019271,0019276,6.363319648628777,5,98.53067389173562
shanghai,0019273,0019275,6.368772551711021,5,97.95695201301149
shanghai,0019274,0036687,6.926012960260395,7,142.0985729197053
shanghai,0019275,0231967,6.3810812486368045,5,102.90054144631846
shanghai,0019284,0019300,6.310898032734971,5,81.46735898246531
shanghai,0019285,0019300,6.328639363627064,5,87.45879431316796
shanghai,0019300,0019313,6.296140162995504,5,76.79741323753477
shanghai,0019334,0019336,6.5524412810835475,7,123.2195008390323
shanghai,0019334,0118436,4.937520509924968,5,30.382233690555545
shanghai,0019358,0058473,7.223391463784018,5,142.10921410529713
shanghai,0019359,0118985,6.685181188304653,6,109.81243232629093
shanghai,0019359,0040421,6.635914333532234,6,90.17086140530608
shanghai,0019363,0019374,6.190936484920427,8,106.10935219471796
shanghai,0019365,0019374,6.1618213191876245,6,94.44423211018182
shanghai,0019850,0068252,7.2086431552189785,5,142.1087798364893
shanghai,0020081,0021588,6.365115559330108,5,96.51959767940099
shanghai,0020081,0125449,5.8169337839245925,5,75.35048395518997
shanghai,0020153,0143173,7.016111416148427,5,142.10225278084565
shanghai,0020219,0020223,5.806638272052754,9,97.73557144339676
shanghai,0020222,0035203,5.268840811156829,5,55.21092511426325
shanghai,0020223,0112097,5.819798015697262,11,103.01808505050884
shanghai,0020313,0078819,5.3471887684656965,6,49.69818182134589
shanghai,0020316,0112499,6.30328754657544,7,110.71640400491498
shanghai,0020319,0234894,6.657102397427124,5,93.891224664646
shanghai,0020320,0078820,5.766596927409277,5,53.38663046935817
shanghai,0020321,0087650,7.311453870571881,5,142.1116367106506
shanghai,0020325,0112499,5.798105634473619,5,68.7837793403882
shanghai,0020325,0087652,6.566792011372333,5,90.14448023115986
shanghai,0020394,0120060,6.143410437592115,11,124.53853330445145
shanghai,0020394,0086669,4.150375789907936,5,23.72380261350088
shanghai,0020482,0021496,7.25715540980192,5,142.11017672236542
shanghai,0020609,0035640,5.955024302069837,5,76.76309821665905
shanghai,0020844,0037220,6.60847382007178,5,105.17496683039859
shanghai,0020844,0041417,5.9830858234622575,5,67.73060666431364
shanghai,0020845,0069598,5.392086900713683,5,57.20427021603686
shanghai,0020845,0146724,5.387369684105495,5,56.13501006962602
shanghai,0020845,0041416,5.377536306290541,7,53.96988317680834
shanghai,0020845,0235088,4.316827802725254,8,32.311006509331875
shanghai,0020845,0235089,4.255975576691921,9,32.36950117304171
shanghai,0020845,0155458,4.109040513636466,5,27.063187574342177
shanghai,0020846,0155458,4.490436020392328,5,30.00445916865022
shanghai,0020846,0235088,5.082827415738071,8,52.649901302580645
shanghai,0020846,0235089,4.639659700820263,6,35.96008577115552
shanghai,0020847,0235089,5.621362811168296,5,58.77861980813091
shanghai,0020938,0020964,7.325637193791164,5,142.1120009811268
shanghai,0021014,0069707,7.009968359576633,6,142.10201568108366
shanghai,0021228,0082001,3.820330766576565,6,24.908907652214445
shanghai,0021228,0021275,3.219838681109789,9,21.364833301161855
shanghai,0021228,0021274,3.034876576262061,6,14.67885617703996
shanghai,0021229,0021273,3.0320075898397834,15,14.809391516853992
shanghai,0021229,0021275,3.459946868345283,5,18.964822055965097
shanghai,0021231,0021275,3.6150906530121008,7,22.25743884730914
shanghai,0021233,0021274,3.4228374543718614,5,18.29733516035989
shanghai,0021233,0082002,4.23618714300506,7,31.855258356158263
shanghai,0021234,0021273,3.053894660833439,18,17.091619114710127
shanghai,0021234,0021275,3.5191347606677805,7,22.732849738358567
shanghai,0021235,0082001,4.197422594230551,7,32.049714170710764
shanghai,0021235,0082002,3.8533758150834503,5,22.709737663989635
shanghai,0021238,0021275,3.655142602579926,7,22.732933281366748
shanghai,0021241,0021273,3.574595088943112,9,16.660817678974695
shanghai,0021244,0021273,3.6022233381577378,11,18.607648628213788
shanghai,0021246,0021273,3.6296062610565416,10,20.761585004729135
shanghai,0021247,0021274,3.216652866672775,6,17.5619787697978
shanghai,0021247,0021275,3.021638663767903,8,17.3571960567084
shanghai,0021247,0082001,3.9501964765215583,7,28.228754069131327
shanghai,0021249,0082002,4.581617945914115,5,33.051186193788894
shanghai,0021250,0021273,3.000199750599479,11,12.728883600286167
shanghai,0021250,0082000,4.123328696514499,5,24.23805828082166
shanghai,0021251,0021273,3.5933969681145497,10,17.96215837779378
shanghai,0021252,0021274,2.905055898967121,6,15.129736606941357
shanghai,0021252,0021275,3.169398751913099,13,23.88986118371127
shanghai,0021252,0082002,3.6862330468443956,8,25.668375173893942
shanghai,0021252,0082000,2.833090504330417,5,12.516524599904285
shanghai,0021253,0021273,3.2526276827539773,20,18.87626101559929
shanghai,0021253,0021274,3.627784260038454,5,18.971415870220362
shanghai,0021254,0021274,3.1602198051615176,9,20.76278185867916
shanghai,0021254,0021275,2.595328231421089,9,14.01184512517291
shanghai,0021254,0082001,3.075912654268498,6,14.597838051578986
shanghai,0021254,0082002,3.445377997830552,8,21.280994874381744
shanghai,0021254,0082000,3.358404067302664,10,22.611139404534555
shanghai,0021255,0021273,3.5525579815970056,9,15.255060537327836
shanghai,0021256,0021273,3.044092433428033,17,15.237344274321183
shanghai,0021256,0082000,4.17014877118482,6,29.100735228476637
shanghai,0021260,0021273,3.488581735201386,5,11.81070473233227
shanghai,0021261,0021273,3.6604658522940143,15,23.48924764232874
shanghai,0021263,0021274,3.684636286975773,5,21.918614434082368
shanghai,0021263,0021275,3.036909966662628,5,13.70814113813906
shanghai,0021265,0021274,3.2474166200587034,6,17.45626261543909
shanghai,0021265,0021275,3.3594500079669105,10,23.584586345743727
shanghai,0021266,0021274,2.9808672090567194,6,15.471215115732138
shanghai,0021266,0021275,3.3102666215777345,14,26.089684346287445
shanghai,0021266,0082001,3.3270119195413415,5,16.855196786372602
shanghai,0021269,0021274,2.440777705544269,6,11.180598705647133
shanghai,0021269,0021275,3.1078098371212084,19,26.781146074086955
shanghai,0021269,0082001,3.398992765632018,9,22.885924813882465
shanghai,0021269,0082002,2.99170217309052,6,15.148735964298218
shanghai,0021269,0082000,3.334354797321586,12,24.913446247445037
shanghai,0021270,0021274,3.2700464417137285,8,20.829431265354597
shanghai,0021270,0021275,2.7603945667014607,8,14.913793428157854
shanghai,0021270,0082002,3.4123545063504155,5,18.4611700979976
shanghai,0021270,0082000,3.147839587198578,6,16.377556421121348
shanghai,0021273,0021277,3.6307798207985273,14,20.859273954343085
shanghai,0021273,0021279,3.1525163228063047,17,16.548068024262594
shanghai,0021273,0021280,3.0190836584930834,17,15.67513097246667
shanghai,0021275,0021279,3.31208295503923,5,16.135605799185406
shanghai,0021275,0021278,3.22054646160716,7,17.91422157400485
shanghai,0021276,0082000,4.294275204608575,5,30.524276602898105
shanghai,0021278,0082000,4.012941490674225,7,29.44944401493122
shanghai,0021280,0082000,4.230531747970541,7,32.64109865612479
shanghai,0021390,0038910,6.184580309275202,5,78.91291467344055
shanghai,0021391,0117883,6.758620859225707,6,108.6436358032914
shanghai,0021394,0146739,7.191149060626768,5,142.10825352133924
shanghai,0021396,0117883,5.948285591803418,5,59.040471586908744
shanghai,0021396,0235087,4.738919275101077,5,34.147532403669565
shanghai,0021397,0235087,4.781923891384337,5,36.21220154922945
shanghai,0021397,0090432,6.678821347201379,5,89.1234010789618
shanghai,0021400,0117884,6.3997951376323545,5,74.63687756220716
shanghai,0021404,0235087,3.6849132544010894,7,21.21558312162616
shanghai,0021404,0117884,4.620236823710808,5,31.973545459499224
shanghai,0021404,0075453,5.413244773495458,6,53.45962024111036
shanghai,0021404,0041440,5.352226785042528,5,41.88193771781647
shanghai,0021404,0235085,4.554334140654008,10,36.65194382754711
shanghai,0021404,0117882,4.289593525135764,6,26.87149597434785
shanghai,0021404,0075000,4.221645119734251,7,28.83293587121454
shanghai,0021506,0031820,7.15827042460312,5,142.10723051688973
shanghai,0021508,0031817,6.453007650774983,8,111.72610609272597
shanghai,0021508,0031818,6.3926575579364595,6,87.76387974347932
shanghai,0021512,0235123,5.198183502893994,6,52.34833586346811
shanghai,0021513,0021514,5.274367987051341,7,56.856135798141395
shanghai,0021513,0115635,4.52240172083149,5,28.567521343800465
shanghai,0021514,0235123,4.205854132114524,9,33.71096884746312
shanghai,0021514,0166249,5.623439481120053,5,61.8041308171614
shanghai,0021514,0143450,4.8367865774259595,6,44.62634787572609
shanghai,0021517,0170906,7.068499276347379,5,142.1041977732049
shanghai,0021518,0075743,5.946873104078326,5,73.2505573608828
shanghai,0021763,0235394,5.552242470490744,8,64.29434786905531
shanghai,0021763,0235392,4.693922240320109,6,31.773763780182435
shanghai,0021763,0079670,4.683819333879211,8,41.4746496847451
shanghai,0021763,0035667,4.3452274188714695,9,37.89952702017255
shanghai,0021763,0050909,4.246700280740691,5,25.24860385803233
shanghai,0021764,0035667,4.174428756404363,7,30.904314712538778
shanghai,0021764,0050909,4.172973756268026,5,22.698610038713
shanghai,0021764,0079670,4.845130522482838,8,47.2017374537239
shanghai,0021764,0235392,5.1646229628708475,7,49.300968239752244
shanghai,0021764,0075020,5.565988151969836,7,52.40558640654339
shanghai,0021788,0021811,6.290664688151158,8,101.64487870650616
shanghai,0021797,0021811,6.284700361563702,7,99.24860368639698
shanghai,0021825,0021873,5.171433159770383,5,47.42862590584913
shanghai,0021831,0021873,4.339544204078703,11,40.820848970722466
shanghai,0021831,0021835,5.511937247720142,5,61.947237652959814
shanghai,0021831,0021876,5.182954552223339,9,61.92891222597032
shanghai,0021831,0021882,4.972799266939474,7,43.07850451977943
shanghai,0021837,0021873,4.869631726354833,10,52.05394961883323
shanghai,0021837,0021876,5.261376477294751,5,50.17277284489799
shanghai,0021848,0021873,4.936473679590037,11,55.119277573323295
shanghai,0021848,0021882,5.4703675601081665,5,52.58925367861332
shanghai,0021854,0021873,5.138973713991044,5,41.653616074503645
shanghai,0021857,0021873,5.196288479245291,7,52.38641208669828
shanghai,0021887,0021890,5.800049644097576,5,49.45273341093474
shanghai,0021890,0021900,5.873847006658592,5,66.4338544711293
shanghai,0021890,0021936,5.862545149867306,5,63.49742512586281
shanghai,0021890,0021895,5.850757381560925,6,60.57294145111281
shanghai,0021890,0021892,4.603085812910629,6,35.53609901461275
shanghai,0021892,0021904,5.7354029984253385,8,71.09203989323518
shanghai,0021892,0021920,5.69483852831129,5,60.44401070096467
shanghai,0021892,0021943,5.688544180468017,5,58.941186174023834
shanghai,0021892,0021913,5.686716725985194,5,58.51190771959297
shanghai,0021953,0022002,5.067798296229572,6,44.11189607671908
shanghai,0021956,0022002,5.1015832878784355,8,50.494754771611625
shanghai,0021957,0022002,5.041654325189198,6,39.73186911776834
shanghai,0021965,0022002,5.077853499304646,6,45.92227579059796
shanghai,0021970,0022002,5.056791383996904,5,42.21188639260077
shanghai,0021971,0022002,5.040393335440274,5,39.531967770032686
shanghai,0021972,0022002,5.056522985623091,6,42.16659230401731
shanghai,0021975,0022002,5.070228438554661,6,44.542779643463845
shanghai,0021978,0022002,5.040287554581128,5,39.51524440624791
shanghai,0021982,0022002,5.029326470707059,5,37.82015631274233
shanghai,0021991,0022002,5.061155868267309,5,42.95528910718071
shanghai,0022014,0022047,6.142561987705473,5,76.51394779625222
shanghai,0022046,0022047,6.254418241957018,8,119.68916198961445
shanghai,0022123,0022161,5.315596492098767,5,48.34737152509101
shanghai,0022129,0022161,5.3129727507693145,6,47.84262084113112
shanghai,0022132,0022161,5.331818362812378,7,51.588528907669506
shanghai,0022134,0022161,5.395910066717437,10,66.66407188535419
shanghai,0022142,0022161,5.301855187726727,5,45.76166076891378
shanghai,0022155,0022161,5.325264586521043,6,50.2537029422488
shanghai,0022156,0022161,5.290223560145781,5,43.681301582032404
shanghai,0022161,0022165,5.288806755349344,5,43.43445021274068
shanghai,0022167,0022225,7.120172727691542,5,142.10598765142058
shanghai,0022170,0022215,6.429549452340153,5,107.10741767656931
shanghai,0022172,0022215,6.395162026479265,5,93.34315405313355
shanghai,0022230,0022289,5.319692780976088,5,52.81550418584683
shanghai,0022245,0022289,5.316363434249442,5,52.11680244898008
shanghai,0022248,0022289,5.351240354639893,6,59.919085803829816
shanghai,0022256,0022289,5.301176251232879,6,49.04502081974465
shanghai,0022265,0022289,5.33646586616457,7,56.48059502337198
shanghai,0022269,0022289,5.326133718334542,6,54.193909805812005
shanghai,0022282,0022289,5.306809858226212,5,50.16276891683631
shanghai,0022293,0022311,7.102579112619648,5,142.1053920331134
shanghai,0022300,0022345,5.365962869854344,5,48.027044863049206
shanghai,0022307,0022345,5.415272488513479,6,58.49859644293856
shanghai,0022319,0022345,5.387746399331995,5,52.39957102751341
shanghai,0022321,0022345,5.477788104040179,10,75.11837657881792
shanghai,0022325,0022345,5.402083062771964,5,55.492343626231296
shanghai,0022327,0022345,5.396850779333983,5,54.34300621571779
shanghai,0022351,0022385,6.537983363924624,5,99.40627921451473
shanghai,0022351,0022383,5.430692352632932,5,53.711086382026444
shanghai,0022353,0022383,6.003583018138898,5,70.72021024966642
shanghai,0022359,0022384,6.586900829798679,6,110.41909361920034
shanghai,0022371,0022383,5.760411043666147,9,81.06364521841198
shanghai,0022371,0022384,5.506953194673466,6,49.680075378322236
shanghai,0022718,0022761,7.116754141121718,5,142.10587300886428
shanghai,0022909,0022937,5.585954611867845,5,55.18144264470545
shanghai,0022917,0022937,5.594607659361515,5,57.12483168418483
shanghai,0022921,0022937,5.629779860173087,6,65.75447345019629
shanghai,0022931,0022937,5.631086191298981,6,66.09896115774036
shanghai,0022937,0022956,5.651885461929191,9,71.8334405200611
shanghai,0022970,0022971,6.296221606764654,7,102.7923246994454
shanghai,0022970,0022991,6.284438970285914,7,98.06005938896662
shanghai,0023022,0023034,7.204834416816987,5,142.10866629257794
shanghai,0023211,0023229,7.321997848887933,5,142.11190816779794
shanghai,0023568,0023577,7.15498603025448,5,142.1071258390219
shanghai,0023679,0023680,6.896585857317585,6,142.09727204782308
shanghai,0024079,0024110,7.138714411928894,5,142.10660042635794
shanghai,0024269,0024289,5.920740241400235,8,88.12543408338105
shanghai,0024274,0024289,5.8568140288228525,5,68.24173559702832
shanghai,0024281,0024289,5.920450580261213,6,88.02338715840061
shanghai,0024314,0024330,5.982886913859791,7,83.67708247373629
shanghai,0024330,0024340,6.005220192215147,8,91.49627379081637
shanghai,0024330,0024338,5.935707359567775,5,69.28628072527712
shanghai,0024344,0024356,7.223638640881499,5,142.10922131099446
shanghai,0024355,0024385,6.715098186215324,5,109.78333249431788
shanghai,0024358,0024385,6.666002828258068,5,90.20882739295982
shanghai,0024511,0024523,7.039415873477632,6,142.10313479575507
shanghai,0024610,0024618,6.891361549686066,5,142.0970357164424
shanghai,0024672,0024717,5.628059060280859,5,58.35561675004526
shanghai,0024675,0024717,5.629628213201298,5,58.72304418925428
shanghai,0024678,0024689,6.738007402161583,9,142.08931145870187
shanghai,0024685,0024717,5.618011926307058,6,56.05689055626489
shanghai,0024707,0024717,5.61565590391494,5,55.531086900636794
shanghai,0024717,0024721,5.642460915740334,7,61.81604975864835
shanghai,0024717,0024720,5.622659548460956,6,57.10876265583136
shanghai,0024904,0024906,5.52335665411041,5,55.69344383961639
shanghai,0024904,0048291,5.055820158963669,5,35.87997818788214
shanghai,0024904,0147771,5.022155219222469,5,38.941052050531184
shanghai,0024904,0048283,3.969932576181784,5,20.255647216268816
shanghai,0024906,0048283,4.669350901051948,5,33.88804555023002
shanghai,0024913,0089615,6.355848231187729,5,84.06106476458959
shanghai,0024920,0068145,7.316408106841066,5,142.11176473397498
shanghai,0025046,0088359,7.178371791222669,6,142.1078612809448
shanghai,0025061,0025063,7.225749959680026,5,142.1092827634002
shanghai,0025067,0025115,4.128939171139375,8,29.820015703904435
shanghai,0025068,0035648,3.7224936332124887,5,18.705895440352705
shanghai,0025070,0025115,4.092994033508007,5,25.826453224702384
shanghai,0025072,0025115,4.126098656635635,8,29.483116513904438
shanghai,0025073,0025115,4.225726375632306,17,43.91819302475964
shanghai,0025076,0025115,4.144043704817297,8,31.677225071550858
shanghai,0025078,0025115,4.212129061180714,13,41.59331245808127
shanghai,0025079,0025123,5.811251239570725,11,100.18512695946228
shanghai,0025079,0025112,4.949843317531202,5,37.84089763498846
shanghai,0025080,0025115,4.181980164894235,11,36.86799427984525
shanghai,0025083,0025115,4.1880229102227675,11,37.76998699083888
shanghai,0025087,0025115,4.145275708682514,9,31.833716205120524
shanghai,0025088,0025115,4.139804884788194,8,31.144656530125957
shanghai,0025092,0025115,4.131990116331909,8,30.186162280147958
shanghai,0025093,0025115,4.118525549197654,7,28.603393029749856
shanghai,0025094,0025115,4.111372140265715,6,27.796544445944065
shanghai,0025100,0025115,4.139628825235556,10,31.12273099424933
shanghai,0025101,0025115,4.107988014470574,6,27.422811657965646
shanghai,0025173,0109565,4.592510501800592,6,33.467611824258725
shanghai,0025173,0035669,5.3885986880721175,12,83.83677564075968
shanghai,0025175,0109565,5.822887245456566,8,75.44527688926048
shanghai,0025176,0109565,4.816639537650912,7,45.27513542988824
shanghai,0025176,0035669,5.336802870097525,14,86.00742184132609
shanghai,0026132,0026160,7.2663593839700455,5,142.1104316995472
shanghai,0026717,0026732,5.261302490024641,10,69.32066761140878
shanghai,0026717,0026722,4.887613784105645,7,49.38931427876684
shanghai,0026717,0026725,4.123793930350037,11,37.856943714014044
shanghai,0026717,0026721,4.02962253407634,5,25.65846579433599
shanghai,0026717,0026731,3.911072310297567,8,29.045909234693397
shanghai,0026720,0026741,5.458283965308682,5,61.736386841252035
shanghai,0026721,0026747,5.014440157243786,6,51.96469072822246
shanghai,0026721,0026724,4.770625389338812,7,44.46933043805939
shanghai,0026722,0044250,6.301517940585405,5,80.35341108343677
shanghai,0026724,0026725,4.16969495512653,7,32.650740391250636
shanghai,0026724,0026731,3.9153606798499965,5,24.026852026360324
shanghai,0026724,0089042,5.165304248887487,5,50.74749719882889
shanghai,0026725,0026741,4.566166072639315,12,52.748114179589926
shanghai,0026725,0089042,4.384222801852261,5,28.159368387280004
shanghai,0026725,0026731,3.58408186689189,6,20.88050705163277
shanghai,0026731,0044244,4.618251677893054,5,33.31047269980011
shanghai,0026731,0026747,4.540796969760513,8,41.235114331808695
shanghai,0026731,0026741,3.7868575628264916,5,22.89569913713658
shanghai,0026741,0044249,5.466122928667155,6,63.702852935127375
shanghai,0026747,0044244,5.269936116928206,5,50.75140237679827
shanghai,0027963,0027972,7.152915177491027,5,142.1070596022609
shanghai,0028028,0028041,6.005510892610276,7,76.16298297123912
shanghai,0028028,0028067,5.179726516503828,6,43.969064579020085
shanghai,0028041,0028067,5.219262110093368,5,46.2771003709993
shanghai,0028052,0028067,5.869409604965948,5,65.61092106222821
shanghai,0028063,0028067,5.931437733057172,7,84.08722677612099
shanghai,0028463,0028484,7.316731865588273,5,142.11177307088232
shanghai,0028925,0064794,6.430279028620334,5,101.2749704042941
shanghai,0028926,0064793,6.4166681744217025,5,102.3139288784642
shanghai,0028994,0029029,7.399158583737875,5,142.11378267863657
shanghai,0029080,0029105,7.352393509528118,5,142.11266968771943
shanghai,0031636,0109518,6.192254039502932,5,82.0958230535438
shanghai,0031636,0031637,5.99735673087832,9,98.70795663698179
shanghai,0031637,0031638,6.23169172588699,5,74.47684896856909
shanghai,0032056,0032063,6.99966419877707,6,142.10161359097515
shanghai,0032447,0032448,6.981904246436925,5,142.1009074609436
shanghai,0032449,0032451,6.403731861005656,12,142.06585396885754
shanghai,0034088,0173234,6.333346934067754,6,105.18741794874771
shanghai,0034088,0044167,5.798153335267655,6,71.28289370993683
shanghai,0034089,0044167,6.464414894833725,5,94.4951604891864
shanghai,0034556,0089141,6.547106953381653,5,81.04153386434506
shanghai,0034642,0034643,6.427257796818185,12,142.0678682687571
shanghai,0035010,0035011,7.203867921568764,5,142.10863738813768
shanghai,0035078,0065478,4.493346437346003,5,29.480807591846112
shanghai,0035078,0065477,3.7543637041754323,6,20.925101672172143
shanghai,0035078,0115638,3.7148340408080696,6,18.827654754407078
shanghai,0035078,0065474,3.2213917978742783,6,14.481927681406098
shanghai,0035079,0062987,3.3158439148987666,5,15.233460821325323
shanghai,0035081,0132616,6.694133733933861,7,142.08679509097016
shanghai,0035083,0201446,6.267562486370822,5,90.8238825190403
shanghai,0035083,0044899,6.236720022160486,6,80.28256045828736
shanghai,0035083,0065881,6.21661791026663,5,74.07987996126774
shanghai,0035089,0166226,6.681625178861979,9,142.0860502822674
shanghai,0035092,0109519,6.28509103021043,9,120.47897240770848
shanghai,0035191,0035204,3.5317451668490865,15,31.34108016552817
shanghai,0035191,0063587,2.3603128713610992,5,7.305202269562103
shanghai,0035192,0078933,3.0259161909626515,5,13.151931646013708
shanghai,0035193,0035198,2.8877113976189,6,12.896452570762538
shanghai,0035193,0035204,2.911964554813979,10,17.69859784313578
shanghai,0035193,0063587,2.568592170554994,5,9.618121836660203
shanghai,0035193,0100446,2.3939985716952155,7,9.337120110993679
shanghai,0035193,0100452,2.1141465062717106,5,6.689860988465883
shanghai,0035193,0143767,4.798814224906885,5,39.573956791239524
shanghai,0035193,0195862,3.2355336577382845,5,13.487687140347017
shanghai,0035193,0078933,2.7012090566103373,9,13.23994787287064
shanghai,0035194,0035204,3.177878650543608,8,19.808401155216025
shanghai,0035194,0063585,3.659675027870832,6,18.56455973848599
shanghai,0035195,0035204,3.176628826561454,11,22.799373483478433
shanghai,0035195,0063581,2.1903112100614113,8,9.144733830281748
shanghai,0035195,0109248,4.095059112220794,5,25.941749754636078
shanghai,0035195,0035203,2.688155836473263,5,9.864230141761748
shanghai,0035195,0078933,2.3911221602244472,5,9.441049022684778
shanghai,0035197,0035204,3.3263556850157157,6,18.93715901055641
shanghai,0035198,0078933,2.766737637577731,6,12.245629485681757
shanghai,0035198,0063583,2.738054801989172,5,9.541373205274134
shanghai,0035198,0063581,2.1882416900093133,6,8.034474513260388
shanghai,0035199,0063587,3.798896868455576,5,17.76493331901101
shanghai,0035199,0100446,3.550006237492492,5,16.101439595402177
shanghai,0035200,0035204,3.3220253891846863,9,22.30987396862403
shanghai,0035200,0063581,2.4807951108817194,7,10.474291927968983
shanghai,0035201,0195862,5.3792326082226145,5,55.86793080349448
shanghai,0035203,0035204,2.7672943365228617,5,12.593940144760492
shanghai,0035203,0078936,2.7414238004256726,5,10.929599557471729
shanghai,0035203,0109250,4.464489177277859,7,38.45175633033428
shanghai,0035203,0078933,3.068265390007209,8,15.915442542104936
shanghai,0035344,0035375,5.66151978959138,5,53.29610348242688
shanghai,0035350,0035372,5.677531676673383,7,63.07716098175199
shanghai,0035351,0035375,5.706462746170812,7,63.79246305395503
shanghai,0035353,0035372,5.640072858093182,5,54.29995944827972
shanghai,0035360,0035375,5.696539172592208,5,61.30986470938433
shanghai,0035366,0035372,5.6540916140785775,5,57.43181993937054
shanghai,0035368,0035372,5.6878616517211515,7,65.73809924784683
shanghai,0035372,0035375,4.632749297095802,7,40.15866356527517
shanghai,0035373,0035375,5.693891457397032,5,60.663966812438005
shanghai,0035424,0039143,7.12776767211749,6,142.10624048608418
shanghai,0035512,0035516,5.385367440844383,14,85.70001407781803
shanghai,0035512,0035515,5.337927086884833,8,70.88731999517186
shanghai,0035512,0035517,5.275352204895562,5,55.19056672835734
shanghai,0035512,0045429,3.7566745356546543,7,20.38683738824081
shanghai,0035512,0054632,3.519028121810421,5,18.190941950249183
shanghai,0035562,0035568,7.130191416516824,5,142.10632063477996
shanghai,0035638,0109149,6.8086444071789165,7,142.09306591265974
shanghai,0035639,0234643,4.969934871996101,7,51.05193705786912
shanghai,0035639,0070142,4.961929752367419,6,49.44312453631734
shanghai,0035639,0109203,4.939620913124368,6,45.22217901801823
shanghai,0035639,0089734,4.7532783838875,15,61.20221514771687
shanghai,0035640,0054350,4.95887220322609,8,52.15570935505251
shanghai,0035640,0147702,2.8336050568099465,5,11.96527689141726
shanghai,0035642,0089316,5.761794621171762,7,80.43472179078434
shanghai,0035642,0102784,5.720457212390241,5,68.17625321600104
shanghai,0035642,0089697,5.717473765981157,6,67.3674878393038
shanghai,0035642,0213588,5.7166627911460735,5,67.14930855707966
shanghai,0035646,0077466,5.895942321792287,6,69.95352709089673
shanghai,0035646,0044629,5.318375600727027,5,55.949414562678335
shanghai,0035646,0126733,3.7228716501394645,6,20.014413445492927
shanghai,0035646,0084196,3.633660299303286,5,17.68408803617385
shanghai,0035647,0035658,5.789953206060184,8,81.41034332504636
shanghai,0035647,0076995,4.836773468676495,8,48.07521990899421
shanghai,0035648,0143685,4.629231553659365,5,32.58588112147376
shanghai,0035648,0036784,4.354635016545157,7,35.43959178507608
shanghai,0035648,0089332,4.256036675458248,14,45.42459125852194
shanghai,0035648,0073836,4.223242753673694,18,48.24605519707964
shanghai,0035648,0089712,4.106133088754699,10,36.14954157867805
shanghai,0035648,0042763,3.7421546252859317,7,20.603636454716995
shanghai,0035648,0114229,3.488124733494028,5,18.486281253480588
shanghai,0035648,0114231,3.3279769971314925,6,17.880092983663754
shanghai,0035651,0118962,5.856018815932045,6,73.4685963004389
shanghai,0035651,0234656,5.514459584309648,5,62.69317865065174
shanghai,0035651,0177556,5.2949231818375475,5,48.62539186013406
shanghai,0035651,0086196,3.8840554343809925,5,21.942328138242665
shanghai,0035653,0118959,6.060195560249347,5,68.77590464238688
shanghai,0035653,0073649,6.038609034986409,5,63.08653525172365
shanghai,0035653,0089120,4.552414219411896,6,30.617775671959798
shanghai,0035653,0084665,3.994911107563314,5,23.413317284847903
shanghai,0035660,0109086,7.0296718495467205,5,142.1027693400807
shanghai,0035664,0108366,5.218765086704043,7,59.675294751205506
shanghai,0035664,0108379,5.211900007710826,6,58.05888740211006
shanghai,0035664,0108355,5.202513846744842,6,55.9194997265304
shanghai,0035664,0108375,5.197788395208863,6,54.87244695124037
shanghai,0035664,0108361,5.183858346368249,5,51.89856550238047
shanghai,0035664,0108340,5.1794654959302315,5,50.994600184931535
shanghai,0035664,0235106,4.606246349259763,5,31.122030434146996
shanghai,0035665,0119046,7.2779371954205425,5,142.11074802711494
shanghai,0035667,0050909,4.882754027474349,8,52.18423352621609
shanghai,0035667,0089420,4.770305717287605,7,45.637488215458596
shanghai,0035667,0079670,4.067582697267823,5,24.38476872771729
shanghai,0035670,0089693,6.931825098982386,5,142.09882387329566
shanghai,0035671,0235102,3.3484256458648423,5,13.165867159293551
shanghai,0035671,0235104,5.0558475287204585,12,57.97599185669061
shanghai,0035671,0073572,5.625363080549401,5,54.84969853094188
shanghai,0035671,0077164,4.274450960266459,6,29.602623116638046
shanghai,0035671,0077167,4.19819713927214,6,24.673885881922786
shanghai,0035672,0105951,6.3341101929490575,5,100.95260910821743
shanghai,0035672,0143424,6.33163569477992,5,99.95830982373704
shanghai,0035701,0082377,6.786317431402376,6,142.09191719643724
shanghai,0035770,0074555,7.020696562496306,5,142.1024284894927
shanghai,0035860,0146945,6.299660346299052,5,99.24540589668375
shanghai,0035923,0082726,5.813445812607687,8,87.76244578205659
shanghai,0035923,0089195,5.808444602885353,9,86.02421665905621
shanghai,0035923,0082722,5.761030076428535,6,71.16283770736074
shanghai,0036176,0096262,6.5890726695804736,8,142.08013582923286
shanghai,0036554,0036558,6.821009298569688,6,142.09368752226536
shanghai,0036560,0036570,6.799578780683678,6,142.09260360857698
shanghai,0036609,0187053,5.022181375281325,8,53.08262706227224
shanghai,0036705,0234665,4.804517414070308,8,48.108543932552315
shanghai,0036705,0117119,4.347505244909713,6,33.85874947578679
shanghai,0036705,0165040,4.188899817912336,5,25.156108154496575
shanghai,0036705,0084108,4.163587707978334,5,25.586820292075483
shanghai,0036705,0146749,4.088679885047324,11,39.172655429971435
shanghai,0036705,0146748,4.085866220351064,6,28.726790873900814
shanghai,0036705,0234666,3.8436003326070685,7,23.40907646759759
shanghai,0036705,0064916,3.575605232567333,6,19.93898044420904
shanghai,0036705,0064913,3.1863642399041483,8,18.770597650605698
shanghai,0036705,0064915,2.3750783204117365,8,11.829367412266823
shanghai,0036714,0234663,4.445506909416225,6,35.437934268431455
shanghai,0036714,0162396,4.039242296503313,8,33.05116930484073
shanghai,0036714,0113292,3.6413547059967053,5,20.984784416376694
shanghai,0036714,0113293,3.542987271710219,7,22.716291488107682
shanghai,0036714,0133742,3.148470485052786,5,15.039186859367609
shanghai,0036714,0138981,3.144128532255632,7,17.35899413239781
shanghai,0036714,0138991,3.1050454075170117,6,15.656047442686482
shanghai,0036714,0138975,3.091979668776358,11,20.95943584146972
shanghai,0036714,0138978,3.0707417619640056,7,17.065686085045993
shanghai,0036714,0118576,2.9922595865158588,6,14.09645191202126
shanghai,0036714,0138988,2.9716530426201837,9,17.269051741561004
shanghai,0036714,0090355,2.949403298396187,6,14.133728946992747
shanghai,0036714,0138984,2.8554902125586175,6,13.412310822110294
shanghai,0036714,0138977,2.5580681757030987,10,14.020721657400799
shanghai,0036769,0070167,6.076353739799971,7,95.46244774854048
shanghai,0036772,0205108,4.904137931674312,6,47.59374672339632
shanghai,0036772,0205105,5.153186921649078,6,53.04132382193049
shanghai,0036780,0113063,6.257738568805007,7,108.85777294606046
shanghai,0036784,0083037,6.3414127162513925,5,81.12420307334384
shanghai,0036787,0045429,5.7551212605502355,9,90.00556753905784
shanghai,0037020,0164332,4.410947554498532,6,29.334086995887553
shanghai,0037293,0075336,6.6699642391130745,6,100.51255309721523
shanghai,0037643,0164332,4.359582879830663,5,23.885976271753627
shanghai,0037666,0037670,4.299388983247684,6,32.56398009251376
shanghai,0037666,0037671,4.451560352861018,5,30.93617424786212
shanghai,0037666,0037667,4.250002181728777,6,27.020174287194074
shanghai,0037667,0037670,4.278269047620982,10,37.22127774038206
shanghai,0037667,0037668,5.580086581909016,7,71.85380944865655
shanghai,0037669,0037670,5.258376986743393,7,59.44567792429948
shanghai,0037670,0037671,4.366371991674089,9,38.029146984401926
shanghai,0037680,0085994,6.603790615759896,5,106.44208715399715
shanghai,0037703,0037704,6.835766639238765,6,142.09441611512509
shanghai,0038324,0085876,5.214322893510311,11,67.65767910694129
shanghai,0038324,0085874,4.997480374332938,14,63.4188754021659
shanghai,0038324,0077095,4.431987591161852,5,27.251328505117776
shanghai,0038489,0164332,3.723449771065396,5,20.0850745280779
shanghai,0038489,0147768,5.186911216060175,6,50.6060046213393
shanghai,0038490,0186957,6.455392547495539,6,107.1382039990134
shanghai,0038492,0175674,6.500666258828504,6,104.38742408449959
shanghai,0038654,0055525,6.057396863503397,8,91.46560489994566
shanghai,0038885,0038886,5.427566973739842,7,63.758505392152934
shanghai,0038885,0039105,5.172826985317406,8,48.04883777795441
shanghai,0038886,0077237,5.808069294406239,5,56.79428691212534
shanghai,0038886,0039106,5.049593549384263,5,33.290850415976315
shanghai,0038886,0039105,4.558740653914628,5,31.413521088466766
shanghai,0038907,0235087,3.493503793918678,9,18.45219845586045
shanghai,0038907,0117884,4.215985538938614,5,22.490264724732786
shanghai,0038907,0075000,3.690066838450849,6,17.819603482568187
shanghai,0038907,0235085,3.849639424849973,5,19.050943529175388
shanghai,0038907,0058474,4.835530610553524,8,45.63039628402911
shanghai,0038907,0077088,4.590158768802278,7,35.85195171860755
shanghai,0038907,0077148,4.569775687414174,8,37.37321712078663
shanghai,0038907,0077145,4.246149073644269,6,25.354876752313928
shanghai,0038908,0235087,4.268354702437912,5,22.911161853366465
shanghai,0038908,0058474,5.900254285108424,6,75.31405615400797
shanghai,0038909,0038910,4.606612399984194,5,35.922291445520486
shanghai,0038909,0235087,3.4680425832054684,7,17.30898563051833
shanghai,0038909,0117882,3.982289666489244,5,20.041300231285295
shanghai,0038909,0235085,4.011211100049441,5,21.573806029930424
shanghai,0038909,0077088,4.196751370554696,5,23.245802239379014
shanghai,0038909,0077148,4.647123725883629,7,38.87087263990969
shanghai,0038909,0118138,5.336232545817482,5,44.52852902288931
shanghai,0038909,0109121,3.9252141981468744,5,22.124078044947197
shanghai,0038910,0077145,5.1364685591375245,5,41.893981100343396
shanghai,0038924,0086198,3.882169305406511,6,19.520389921198362
shanghai,0038924,0077139,4.371751948449322,5,22.77106825778267
shanghai,0038931,0072232,6.316975691479299,5,76.73532297707717
shanghai,0038931,0086387,5.27317066638605,11,61.73787159206209
shanghai,0038938,0077150,5.393513454258225,7,58.29717113856777
shanghai,0038939,0077150,5.4099782166517265,8,62.26581873319358
shanghai,0038941,0077150,4.8133733902207245,8,40.59619722460874
shanghai,0038941,0077152,5.2610348838880805,6,50.685734274512136
shanghai,0038961,0077162,5.886812380716402,10,91.55773449190704
shanghai,0039002,0085812,4.4907541584967925,6,30.38642947201831
shanghai,0039002,0085813,4.141800818834596,12,36.50046170553263
shanghai,0039002,0085811,4.034003150031531,8,27.79789234387621
shanghai,0039002,0114226,3.769438840534386,5,16.80209526484317
shanghai,0039004,0085811,4.741208731069364,7,41.585051650579906
shanghai,0039004,0077112,4.303048471820879,5,27.121645190758727
shanghai,0039006,0085813,4.753899264102373,5,35.33553910093648
shanghai,0039010,0064845,7.46631472651197,5,142.1152643329445
shanghai,0039013,0042366,6.06164320267244,6,63.52308540846516
shanghai,0039050,0077164,5.052509087681494,10,57.65477665493683
shanghai,0039050,0071940,5.87410860208485,5,59.58365153099011
shanghai,0039050,0048440,5.856494777122993,5,55.53013983421472
shanghai,0039050,0048345,3.672575780262041,5,17.051257516905586
shanghai,0039051,0077164,5.716983423089453,14,96.25425736610778
shanghai,0039052,0072636,7.208204278066137,5,142.1087667823109
shanghai,0039053,0235102,4.51586659028134,5,27.45192668270837
shanghai,0039053,0077167,5.351361696559224,6,50.44008471480686
shanghai,0039105,0077235,5.499418826441201,9,60.55856625023713
shanghai,0039105,0077232,5.888587507534344,6,62.757871882382375
shanghai,0039113,0115638,5.402799291310131,5,47.5037857925294
shanghai,0039114,0115638,5.42746866185401,6,52.430416523981435
shanghai,0039115,0065477,4.118152210028535,5,23.483366298073477
shanghai,0039115,0115638,4.748640954578634,8,41.404647329788666
shanghai,0039115,0063010,4.865168496463404,5,37.18394912877607
shanghai,0039116,0042037,5.32422529099947,6,43.711272621354595
shanghai,0039117,0115638,5.403061927334657,5,47.553716837121236
shanghai,0039140,0077112,4.484504083337227,6,28.12259528748699
shanghai,0039140,0100696,5.888867455584715,5,62.668216045279074
shanghai,0039182,0039186,7.283149071698369,5,142.11088883926058
shanghai,0039318,0039319,7.153686562304881,5,142.10708429658058
shanghai,0039418,0039419,6.804154029785699,8,142.09283762308243
shanghai,0039448,0039451,7.047622132639625,5,142.10343891476546
shanghai,0040237,0082844,5.1277668175030575,8,56.11328224750174
shanghai,0040237,0109187,4.563363472594088,6,33.1334542002569
shanghai,0040237,0077121,3.2757906818918636,5,12.130877500957475
shanghai,0040304,0164332,4.334741419084284,5,21.626635431848616
shanghai,0040367,0147702,3.7948264842213435,8,22.390290969313586
shanghai,0040367,0147705,3.608826116651369,5,12.257726901860023
shanghai,0040524,0109561,5.81250021633291,5,69.33296553416626
shanghai,0040524,0083410,5.313061859927855,5,51.962882798327136
shanghai,0040698,0155222,3.9054226209832006,12,24.09976980273555
shanghai,0040698,0155325,3.2502405222469877,6,12.688356384819782
shanghai,0040699,0155325,3.680929459317256,5,16.14979976945957
shanghai,0040699,0155217,4.255852989831919,5,19.655997681967744
shanghai,0040705,0155222,3.6425984121880175,5,14.477097666788945
shanghai,0040705,0155227,6.365990615295753,5,64.58377022517591
shanghai,0040763,0146987,6.705777388363498,7,142.0874773251163
shanghai,0040793,0074500,7.378795151294866,5,142.11330655482072
shanghai,0041024,0235243,7.3692830707644665,5,142.11307968127548
shanghai,0041309,0077148,6.026255335215599,5,56.9000834801184
shanghai,0041311,0063699,4.688465247991655,8,46.58724071171135
shanghai,0041417,0235089,4.989159558133262,5,38.13726659957351
shanghai,0041736,0212205,5.023032849160294,42,120.29419414076895
shanghai,0041736,0214779,4.900418217158057,6,49.67223551523992
shanghai,0041736,0212204,3.821159737615102,5,19.03119884931296
shanghai,0042037,0065474,3.8143142321221237,11,28.5758987437805
shanghai,0042037,0065477,3.230546577683776,5,13.344934975514018
shanghai,0042037,0065460,3.9663830221012457,7,24.68703969284017
shanghai,0042037,0065476,3.5295794138880625,5,16.82257312715428
shanghai,0042037,0065473,3.330713851082294,5,14.655853207372576
shanghai,0042037,0065475,3.224022650905048,5,13.321163512052506
shanghai,0042304,0050276,5.706546678945407,6,59.85911805101107
shanghai,0042304,0089269,4.370651134892813,5,21.62832964315449
shanghai,0042366,0089025,6.158240665132604,6,93.48427491384582
shanghai,0042366,0042367,6.137520813746977,5,86.04873603896067
shanghai,0042734,0044629,6.33919389607229,5,100.59339357739421
shanghai,0042750,0132681,7.209406099667043,5,142.10880251171076
shanghai,0042762,0079816,5.241783292117733,5,42.92277690675215
shanghai,0042763,0073836,4.377127127796234,5,28.897487549057555
shanghai,0042763,0089712,4.7064398222582176,5,33.89232611833535
shanghai,0042873,0042874,7.222837654355284,5,142.10919795204205
shanghai,0043438,0043440,7.090856967479861,5,142.10498736191911
shanghai,0043482,0043483,6.88583219252732,6,142.09678378585258
shanghai,0043880,0089104,6.186605019223653,5,88.1806563425118
shanghai,0044127,0084683,5.681738934366089,5,41.647185609100724
shanghai,0044142,0109187,5.5551712591675635,5,56.04838660008763
shanghai,0044162,0089725,5.884182545982877,7,88.99288729438427
shanghai,0044262,0044263,6.9330434457141985,5,142.09887623234727
shanghai,0044673,0090622,6.76923319899304,6,142.09101483112872
shanghai,0044887,0044888,5.477818942357941,6,68.79150531062979
shanghai,0044887,0044898,5.213966829402232,10,72.15522228156527
shanghai,0044887,0044895,5.029608503059337,10,66.22120601405642
shanghai,0044893,0075338,6.553324721206077,8,116.90722885089407
shanghai,0044895,0044912,5.726228623121164,5,64.55084078475329
shanghai,0044895,0044898,4.712082217716008,6,38.23262316127211
shanghai,0045172,0078911,7.114304584779659,5,142.10579054085127
shanghai,0045429,0045430,5.759071884896781,9,91.43917776256471
shanghai,0045436,0045439,6.805027048846823,6,142.09288211423697
shanghai,0045441,0045444,5.1470009855916325,11,71.07230884953105
shanghai,0045441,0045445,4.394737315830832,5,33.24183213943531
shanghai,0045444,0045451,4.814088533210621,6,46.064993675436256
shanghai,0045444,0045447,4.373282429859015,7,36.72563516039611
shanghai,0045444,0045445,4.014516081677559,6,28.586600039711605
shanghai,0045445,0045448,5.392639169656117,5,57.80469638416607
shanghai,0045445,0045446,5.37513090114395,5,53.89495911615736
shanghai,0045445,0045447,4.7112862327425145,9,51.28027353626936
shanghai,0045447,0045451,5.061203456085939,6,52.56293572694621
shanghai,0045591,0045600,5.727750034956638,7,80.65637871515678
shanghai,0045600,0045601,5.712126195160352,6,75.77000739800897
shanghai,0045600,0152949,5.673812909277467,5,65.00403793541474
shanghai,0045600,0152948,4.832772649620542,5,37.88171403824622
shanghai,0047507,0078928,6.452178017150125,6,107.06332737559063
shanghai,0047510,0078930,5.4206506861009,5,51.80531119158193
shanghai,0047510,0078931,5.658653117196553,6,63.378977208650184
shanghai,0047520,0047521,4.701033270680519,8,38.56213451510416
shanghai,0047520,0047522,4.684103365866284,21,59.48141307937873
shanghai,0047520,0156043,4.464485153809563,5,29.4418402813535
shanghai,0047521,0047526,5.244084998390369,5,44.91421390473835
shanghai,0047521,0047522,4.269111212454825,9,33.4334591424962
shanghai,0047522,0047524,4.995268090109328,9,49.0817422345597
shanghai,0047522,0047523,4.981272673153419,8,46.409558920881395
shanghai,0047522,0047525,4.919529121989411,5,36.25333019700365
shanghai,0047522,0156043,4.786591247350841,14,54.40608974746986
shanghai,0047522,0047526,4.468240219210378,8,32.379136451551766
shanghai,0047527,0156045,6.914521343805695,7,142.0980709798555
shanghai,0047651,0047653,6.506911649472011,5,91.88214950172694
shanghai,0047651,0047652,6.058827889364763,5,81.91635926291312
shanghai,0047652,0047655,6.496690280145676,5,92.99194261611731
shanghai,0047829,0047851,7.230653795490796,5,142.10942482952382
shanghai,0047944,0125554,7.0322904667492905,5,142.10286801995028
shanghai,0047953,0047954,7.2139538425953456,6,142.1089371961965
shanghai,0048052,0048101,6.41906202892238,6,107.49048621546913
shanghai,0048055,0048101,6.382593505903074,7,92.90042784571989
shanghai,0048056,0048103,6.722578721339841,5,90.21267700279509
shanghai,0048103,0109153,6.100040241307758,5,74.77103425176028
shanghai,0048136,0048137,6.89002811780745,7,142.09697513197108
shanghai,0048149,0048168,7.270857831812697,5,142.11055518599082
shanghai,0048150,0048169,7.466897392278294,5,142.11527661647443
shanghai,0048253,0048257,6.689630872693454,5,100.99958176949895
shanghai,0048254,0048288,6.54861982712708,6,91.35949844682082
shanghai,0048257,0048264,5.972574278811256,5,66.42148558286179
shanghai,0048259,0048264,6.1183317683709335,7,79.78261350812394
shanghai,0048259,0048270,6.595938755296333,5,93.68204881934282
shanghai,0048272,0048283,4.115864460254942,6,26.151870812429358
shanghai,0048272,0048294,5.8931455991872665,7,74.8609568405238
shanghai,0048272,0048274,5.410728640641214,10,70.74474217204019
shanghai,0048274,0048283,4.138027285512325,6,25.343238318621346
shanghai,0048274,0048290,4.751765290629921,5,31.50012353366758
shanghai,0048283,0084680,5.295627271302348,6,50.68190943190953
shanghai,0048283,0109158,5.288154765645211,6,49.1894420679857
shanghai,0048283,0048291,5.005015024051116,7,48.8154932732243
shanghai,0048283,0048290,4.394643513110732,7,29.823008651569822
shanghai,0048288,0048290,5.7664018100961565,7,67.84359904706123
shanghai,0048345,0072484,5.195589183827017,5,45.94313536847846
shanghai,0048345,0072486,4.848092711426569,8,45.908598471205245
shanghai,0048345,0048474,4.6477587110452525,5,30.795680891705196
shanghai,0048345,0086824,4.521115566057028,13,45.39326683119663
shanghai,0048345,0048404,4.252996542245477,12,37.254032032533715
shanghai,0048345,0048349,3.8508941382720794,6,19.144866218579306
shanghai,0048349,0048404,4.841396087079404,8,46.42537238035476
shanghai,0048349,0086824,4.615944443278235,5,34.466688797323634
shanghai,0048359,0235102,5.308318991138246,5,50.37783123326055
shanghai,0048404,0086824,4.763222718857022,10,51.89117474571255
shanghai,0048404,0072486,4.5744808957525604,6,31.283857191918543
shanghai,0048411,0235102,4.432858583638674,5,30.94205334206086
shanghai,0048411,0109357,6.207760673389537,5,83.68858510425538
shanghai,0048411,0048416,6.184071188634359,5,76.12255828879191
shanghai,0048474,0084104,5.638947293687518,6,49.87132208012081
shanghai,0048489,0059093,7.165161305852739,5,142.10744865395895
shanghai,0048495,0048498,3.5979796683088034,6,17.23003346443896
shanghai,0048495,0048499,3.0517650558325533,11,17.07206941141476
shanghai,0048495,0143641,2.9385983047138984,7,12.113254479163006
shanghai,0048495,0048497,2.7846824678145055,14,16.09218329899755
shanghai,0048495,0048500,2.58105103353304,7,10.308899841936988
shanghai,0048495,0048503,2.5596067950986567,9,11.691619013898682
shanghai,0048495,0048496,2.1893945361739107,8,7.663966034015726
shanghai,0048496,0048501,3.365519465054093,28,33.224148099547264
shanghai,0048496,0048498,3.087369225217347,10,15.710757753545948
shanghai,0048496,0048497,3.0728969299664586,52,33.039839046287774
shanghai,0048496,0048500,2.969976546715288,28,23.483998905214335
shanghai,0048496,0143641,2.7456559869154047,15,15.183333135074987
shanghai,0048496,0048503,2.5970404685536774,30,18.53536476812613
shanghai,0048496,0138588,2.1284231475432973,6,7.487721986217443
shanghai,0048496,0048499,1.9610117876924964,11,8.358879751447429
shanghai,0048497,0089551,3.9026166524395256,6,20.709102293591847
shanghai,0048497,0153925,3.8681395699224446,5,18.041325686469076
shanghai,0048497,0048500,3.2273204130858817,48,34.591372624344885
shanghai,0048497,0048503,2.890692923943628,40,28.419192727453915
shanghai,0048497,0048499,2.8518252465838954,33,24.05308230373813
shanghai,0048497,0143641,2.8010142113256498,18,18.19225851717076
shanghai,0048497,0048501,2.706425026606728,25,19.14837791998939
shanghai,0048497,0048498,2.3923510457329504,7,8.70311982421846
shanghai,0048497,0138588,1.6787716595650146,6,5.222392409295996
shanghai,0048498,0048501,3.3642156930353266,6,17.575574832628586
shanghai,0048498,0048503,2.52265709785539,5,9.131515388791259
shanghai,0048499,0138588,3.4695128860533346,15,27.210410155141677
shanghai,0048499,0048503,3.281787921384521,31,34.229721834175095
shanghai,0048499,0143641,2.581801335390603,10,11.715606598105936
shanghai,0048499,0048501,2.3852808120966467,11,11.080618629300767
shanghai,0048499,0048500,2.0473801015942668,11,8.210034195572113
shanghai,0048500,0048501,3.0019230201017058,19,20.499789824011884
shanghai,0048500,0143641,2.5589580439626394,10,11.199426166853849
shanghai,0048500,0138588,2.3486109631197154,5,8.440874934221899
shanghai,0048500,0048503,2.282788330815361,18,11.941340080311754
shanghai,0048501,0048503,2.3111175329061107,12,11.630189647896222
shanghai,0048501,0143641,2.597756366278026,10,11.017186738328656
shanghai,0048503,0138588,3.6223492545157496,21,36.08540747784282
shanghai,0048503,0143641,2.811376855940261,18,16.84991306052696
shanghai,0048511,0048512,6.56387853025928,5,104.81448933463099
shanghai,0048512,0078961,5.757000885147192,6,61.2319662728067
shanghai,0048845,0055085,6.824776564687283,6,142.09387488296977
shanghai,0048978,0090832,6.668696249040659,7,142.08526727566183
shanghai,0049070,0049087,5.959715693140604,7,81.47914847380662
shanghai,0049070,0049076,5.922757898970274,5,70.28201710465629
shanghai,0049070,0049083,5.908758360023689,5,66.45452027799179
shanghai,0049070,0049074,5.901850968140933,5,64.6435440726583
shanghai,0049108,0049109,6.203768018637258,5,78.2145338445282
shanghai,0049109,0049114,6.234813986759266,6,88.55637523894043
shanghai,0049109,0049118,6.2058782346784085,5,78.87752627853338
shanghai,0049211,0146723,7.080079643334577,5,142.10460968562884
shanghai,0049251,0049271,6.387824509376419,6,102.20248180042606
shanghai,0049251,0049262,6.379071344831373,6,98.68602078811728
shanghai,0049432,0049449,7.252579846390895,5,142.1100487965962
shanghai,0049469,0049508,7.181812759667262,5,142.10796757114375
shanghai,0049564,0188293,6.877485329703233,6,142.09639994749588
shanghai,0049933,0143116,6.830034511360721,7,142.0941348125792
shanghai,0050040,0050041,6.340747250833516,6,108.08315042583374
shanghai,0050040,0050045,6.301012536501232,5,92.20017097151795
shanghai,0050102,0050177,6.6831817609031665,5,102.05596560073977
shanghai,0050102,0050144,6.675241495043494,6,98.86549418405279
shanghai,0050105,0201707,7.2298714235693415,6,142.10940222612095
shanghai,0050251,0069221,6.295361482142542,5,97.29396529295803
shanghai,0050276,0069221,5.598241696432807,6,68.85173899267349
shanghai,0050276,0155452,4.595196219192904,6,31.85725180610282
shanghai,0050305,0050342,7.1716933137886825,5,142.10765358839095
shanghai,0050516,0172918,7.210260686615608,6,142.1088278832349
shanghai,0050946,0050959,7.047393359528573,5,142.10343048158418
shanghai,0051205,0051222,6.572452578339141,6,99.2031279176883
shanghai,0051205,0051256,5.604990729257951,6,58.27308365037637
shanghai,0051208,0051256,6.199965680397018,5,84.79932968435486
shanghai,0051256,0051261,6.184574759615876,5,79.73622145199907
shanghai,0051428,0051454,6.396285385150379,6,112.48578714668866
shanghai,0051428,0051453,5.668175519385475,5,59.37641261670517
shanghai,0051433,0051453,5.982497439699062,5,75.0135078491355
shanghai,0051433,0051449,5.969285285369829,5,71.34004955703963
shanghai,0051435,0051449,6.604936513553818,5,97.3136491886765
shanghai,0051818,0232160,7.102403673614957,5,142.10538602312246
shanghai,0051994,0052001,5.394804569042135,8,70.88325267805287
shanghai,0051995,0052001,5.092451623293944,11,67.74840917758124
shanghai,0051995,0051998,4.925194662869381,5,44.72332986810991
shanghai,0051996,0052001,4.895566314023823,8,53.6232338289484
shanghai,0051996,0051998,5.217182916437005,6,57.77515314722556
shanghai,0051998,0052001,4.3172094907388905,5,31.60140871552815
shanghai,0054278,0054315,4.992063435035891,6,49.330901178263765
shanghai,0054279,0054362,4.184090174477896,5,28.933486247838935
shanghai,0054281,0054362,3.4980774910966,9,25.34168780518448
shanghai,0054281,0054309,4.369949722045948,6,35.49123513958755
shanghai,0054281,0054371,3.7555458669661315,7,25.60713868495038
shanghai,0054282,0054362,3.7751189936171645,8,26.1921822671699
shanghai,0054282,0054288,5.274122266508088,5,52.36127704380371
shanghai,0054288,0054362,3.2809714088849438,5,16.924082185463554
shanghai,0054288,0054300,3.5171524650565944,5,18.12224214449518
shanghai,0054293,0054382,6.089024463859741,9,115.54809794728158
shanghai,0054300,0054362,2.7568475081461807,13,18.73402726577278
shanghai,0054300,0054309,3.450199390336012,7,22.167837190226688
shanghai,0054300,0054371,2.9060666069957923,8,17.036914765110875
shanghai,0054300,0054390,4.144835292057621,13,41.79803773315305
shanghai,0054300,0054359,3.8618630986676727,5,22.14204744115423
shanghai,0054300,0054387,3.396941817473908,5,18.568813615001766
shanghai,0054300,0054365,3.309406951626948,7,20.308245454173484
shanghai,0054300,0054344,3.253717379321384,9,21.86300506315794
shanghai,0054300,0054303,3.244684366551259,6,16.317765536327585
shanghai,0054303,0054362,3.137465114603538,7,17.353985254398147
shanghai,0054303,0054374,4.05182866751572,7,29.476610747077256
shanghai,0054303,0054344,3.5892077908509155,5,19.23328315901356
shanghai,0054309,0054362,2.648735812051364,5,11.60019380851309
shanghai,0054309,0054371,3.915708129507278,9,32.78560805307221
shanghai,0054313,0054364,5.372277459000128,7,67.96600145745481
shanghai,0054315,0054350,3.6407329949619074,5,21.220614096298362
shanghai,0054315,0054374,3.9267330881963938,11,35.19463257717598
shanghai,0054315,0054324,3.8730328665700178,7,28.31601057596011
shanghai,0054315,0054390,3.7273851240495617,6,23.255028404684968
shanghai,0054315,0054344,2.9712273251723493,5,13.899833424160308
shanghai,0054315,0054362,2.7673504314691755,9,16.065992392748743
shanghai,0054316,0054362,3.3722761121940374,7,20.76919954182492
shanghai,0054316,0054374,4.30952528710847,7,36.00236909893969
shanghai,0054316,0054364,4.061152705955817,5,25.598502801948747
shanghai,0054317,0054382,6.005119761952442,5,82.60482295373313
shanghai,0054320,0054364,5.324916277360554,5,56.23632357175991
shanghai,0054321,0054364,5.384394995343227,8,71.34146726629234
shanghai,0054324,0054390,4.2206091140275515,6,30.60748338381279
shanghai,0054324,0054374,3.5644916395196553,5,19.562440782015464
shanghai,0054324,0054391,4.580484171344763,10,47.86250577944879
shanghai,0054325,0054364,4.892707985712383,7,51.1689994458429
shanghai,0054325,0054333,6.159018517172123,5,92.0873346761598
shanghai,0054339,0054362,3.5425748979204696,5,19.846015281744222
shanghai,0054339,0054344,4.450520772803611,5,34.68029271184081
shanghai,0054344,0054362,2.9630123049665364,10,19.27149018799444
shanghai,0054344,0054387,3.8215961574731594,5,23.710095572771984
shanghai,0054344,0054365,3.7266677554718166,7,25.759087894986642
shanghai,0054350,0054367,4.276454289598271,6,32.68762073920773
shanghai,0054350,0054374,3.8210182133242823,5,24.00865602045709
shanghai,0054355,0054367,5.529277888967869,9,79.76490159611298
shanghai,0054359,0054371,4.247413132530884,7,30.155325615828573
shanghai,0054362,0054366,4.213363167113715,6,32.5276855112228
shanghai,0054362,0054387,3.644003883141827,10,28.285141090801076
shanghai,0054362,0054371,2.9628865130201962,13,21.407247533435818
shanghai,0054362,0054367,2.5837657438934194,5,10.814701228657762
shanghai,0054365,0054371,4.42504686605917,17,57.84534953277554
shanghai,0054367,0054391,4.452325095508636,9,42.66569232340153
shanghai,0054374,0054391,3.906152511992417,7,28.61274862256205
shanghai,0054545,0054654,6.63768076171913,8,142.08333294713216
shanghai,0054595,0054632,5.4368560976586275,7,69.22086025159956
shanghai,0054599,0054632,5.443960907928603,7,71.21628448897688
shanghai,0054607,0054632,5.42023019364755,6,64.76715773975951
shanghai,0054632,0054688,5.390023551288164,5,57.39585455594296
shanghai,0054770,0054823,5.784077915725458,5,72.39836785679995
shanghai,0054774,0054834,4.759052818504976,5,40.02960438778953
shanghai,0054774,0054796,4.55648290319703,6,38.22796676872525
shanghai,0054775,0054796,4.312128212807431,10,41.5388954040863
shanghai,0054775,0054785,5.535264764644347,5,65.1684187132733
shanghai,0054775,0054809,4.525214425174853,6,38.036896198974986
shanghai,0054775,0054806,4.12823682846352,5,26.983637556767153
shanghai,0054796,0054823,4.376140953163593,8,39.63967853686821
shanghai,0054796,0054806,4.049513733714158,7,30.214160642622733
shanghai,0054796,0054809,3.951491422646174,5,25.89975778305643
shanghai,0054796,0143449,3.7896941956821566,8,27.445581524098987
shanghai,0054797,0054834,5.472353777049425,6,67.22207910000542
shanghai,0054804,0054813,6.722231633252488,7,142.0884235432669
shanghai,0054806,0054807,5.01621971833377,5,46.567163380830884
shanghai,0054806,0143449,4.1594054054771386,7,31.128421214579628
shanghai,0054807,0054834,4.8700807927253065,5,43.993383526276716
shanghai,0054809,0143449,4.551628279681821,8,43.67110078461434
shanghai,0054823,0054834,4.4707899690278365,6,37.255192107350545
shanghai,0054834,0143449,3.866200498648216,6,25.342080630345514
shanghai,0055138,0157379,6.974628018617783,5,142.10061329699425
shanghai,0055149,0055152,6.9887261982073605,5,142.10118067922605
shanghai,0055156,0055192,6.919039980999824,5,142.09826926643422
shanghai,0055169,0055172,6.921406402766315,5,142.0983726339533
shanghai,0055177,0055203,6.905083322585196,5,142.0976529475248
shanghai,0055185,0055199,6.963091032457172,5,142.10014098922136
shanghai,0055200,0055216,6.948093285775069,5,142.0995160406474
shanghai,0055232,0055239,6.300804027417317,6,103.61428139152208
shanghai,0055232,0055237,5.205924793465831,5,52.40626221396965
shanghai,0055233,0055255,5.42816587776185,5,60.4767105990941
shanghai,0055237,0055255,5.23317527316918,12,77.88467122446755
shanghai,0055242,0055255,5.421795600467113,5,58.95516459917646
shanghai,0055249,0055255,5.452605027815389,6,66.68732749979193
shanghai,0055456,0055457,6.353762957671254,5,79.16652329061174
shanghai,0055456,0109711,5.41999768905015,8,65.29898108018301
shanghai,0055524,0055525,6.012187888131728,6,76.334660209543
shanghai,0055525,0232424,6.0154888357965275,6,77.34925056202908
shanghai,0058601,0205281,6.617197689743903,11,142.0820109222462
shanghai,0058708,0058711,6.518894273047283,11,142.07513861293697
shanghai,0058801,0058803,7.088865826182029,5,142.1049179932461
shanghai,0058810,0090982,7.225345712246573,5,142.10927101069183
shanghai,0059141,0059142,7.191014552068222,6,142.10824942686185
shanghai,0059163,0059166,6.590809708737063,11,142.08025368594872
shanghai,0059181,0059182,6.919957035935954,7,142.0983093629629
shanghai,0059233,0059237,6.913335635127994,8,142.09801875048265
shanghai,0060241,0235104,5.873932018861146,7,73.72183962859337
shanghai,0061174,0061175,6.297665341450435,7,102.31199599390197
shanghai,0061175,0061177,6.288328664053789,6,98.56145077480066
shanghai,0061185,0147702,3.4291030117797314,7,19.605408588824996
shanghai,0061185,0061190,5.344099032109489,7,60.498933544268624
shanghai,0061186,0147702,3.2774096384706217,7,16.860248819742576
shanghai,0061186,0061190,5.4714718341491695,8,68.93166027090226
shanghai,0061187,0147702,3.6793010937115964,11,24.669273271250933
shanghai,0061187,0061190,5.007770103488657,5,42.19951929354737
shanghai,0061197,0061203,6.795685263084784,6,142.09240333578646
shanghai,0061219,0061224,6.910708417045069,5,142.09790272935845
shanghai,0061249,0061251,6.886259245199207,5,142.09680330963658
shanghai,0061265,0061274,6.028639114460613,12,116.0815413719
shanghai,0061270,0061321,7.1034984740618645,5,142.10542350458115
shanghai,0061271,0061274,5.941256660417246,6,81.83975032308268
shanghai,0061283,0090905,6.503862099235277,6,111.50605250158661
shanghai,0061312,0061313,6.431877194562457,11,142.06825641604325
shanghai,0062904,0062906,6.972095084443496,6,142.10051022382987
shanghai,0062978,0065474,3.268739800996266,5,17.046528454578265
shanghai,0062978,0065473,3.4160102042836646,5,16.55113844654083
shanghai,0062978,0065475,3.6610211274849194,6,21.473787882294378
shanghai,0062978,0063008,4.317177720477828,8,36.519961126098224
shanghai,0062978,0065471,3.890127050341734,6,26.05517807197551
shanghai,0062987,0065472,3.5307976272001627,21,35.99245119416827
shanghai,0062987,0065462,3.5194631180466365,20,34.39706327434503
shanghai,0062987,0065470,3.4748748891295618,14,28.778203426466224
shanghai,0062987,0065463,3.4595701932738097,13,27.069279625067512
shanghai,0062987,0065469,3.4405384735424365,10,25.08506408850132
shanghai,0062987,0065476,3.4341886649582127,23,36.46281942932428
shanghai,0062987,0065466,3.392715285996837,8,20.717522972882815
shanghai,0062987,0065464,3.344527650670348,27,33.51203707196726
shanghai,0062987,0065460,3.328866691103033,21,30.952774220180483
shanghai,0062987,0065461,3.287085799672492,17,27.86524236526381
shanghai,0062987,0065473,3.2100833287154957,22,30.920620340213038
shanghai,0062987,0065477,3.207244355828748,22,31.073853323708956
shanghai,0062987,0065478,3.0958666510394224,8,18.622535498441383
shanghai,0062987,0065465,2.9300521352677587,10,17.631683293633493
shanghai,0062989,0065475,4.397380219606116,5,26.38788940946861
shanghai,0062989,0062998,5.165957512628302,6,50.2208469251583
shanghai,0062998,0065474,3.260980808666811,6,14.999530111736934
shanghai,0062998,0065471,3.7672746726753052,5,20.410834328594074
shanghai,0062998,0084130,5.558582533785468,6,56.44001269747223
shanghai,0062998,0065461,4.224660654312037,6,27.608117791670832
shanghai,0063001,0063010,5.990273770430224,5,82.68515666985762
shanghai,0063002,0065473,4.615586594400118,5,30.274884499043605
shanghai,0063002,0065475,4.6874301936993765,5,32.95391734709369
shanghai,0063003,0063010,5.720509910129874,6,78.0634713491101
shanghai,0063003,0065464,4.2918009121359795,5,23.36653211123309
shanghai,0063008,0065474,3.124030034826415,5,13.015814303386623
shanghai,0063008,0065475,3.303010782190465,5,13.221139119971685
shanghai,0063008,0065465,4.384903809084899,5,29.44456232674469
shanghai,0063016,0063055,6.959789367462611,6,142.10000448124617
shanghai,0063017,0063034,7.228611762898809,6,142.10936578385275
shanghai,0063019,0063020,6.576263000931459,6,110.78495569419175
shanghai,0063020,0063037,5.70911390206609,5,55.898061203606495
shanghai,0063027,0063028,6.899022983563436,7,142.0973817339691
shanghai,0063036,0063037,6.1334220866119,7,85.51016279516747
shanghai,0063036,0063041,6.5231920001433075,5,89.95733024241805
shanghai,0063057,0063067,4.869341666246382,6,42.40227712396389
shanghai,0063060,0063082,4.230948249190889,12,37.677757806071654
shanghai,0063060,0063067,3.8563542529695605,9,26.743238894516267
shanghai,0063077,0063084,5.721676062195178,5,61.67842449643963
shanghai,0063101,0063124,3.4110348958519543,6,19.744767250714226
shanghai,0063101,0063190,3.0039663237659218,15,21.74490182099437
shanghai,0063101,0063189,2.985869852233331,20,25.385667717938386
shanghai,0063101,0063191,2.8773707682737584,18,22.418645413136428
shanghai,0063101,0063192,2.6795943687781474,10,15.877770927488012
shanghai,0063101,0063200,1.9708530271427673,5,7.796959245845301
shanghai,0063102,0063207,3.8673744006006894,7,26.98694537017355
shanghai,0063102,0063210,3.8265599047422443,7,26.341232617064023
shanghai,0063105,0063207,3.2570326626325707,9,20.85020340980934
shanghai,0063105,0063210,3.6264387706558407,13,30.837608302280525
shanghai,0063105,0092350,4.29278010739161,5,27.3726374882425
shanghai,0063105,0063204,3.518415038187336,7,20.33892619266174
shanghai,0063105,0063123,3.2353034487563255,5,15.642042344961773
shanghai,0063108,0063207,3.472233017301215,9,22.422036844429563
shanghai,0063108,0063210,3.507151391204876,10,23.624747132324014
shanghai,0063108,0063204,3.4102309023658677,5,15.757722148973155
shanghai,0063108,0063109,4.112978252066305,5,26.773602200349938
shanghai,0063109,0063207,3.4148715709024424,8,21.92886242664537
shanghai,0063109,0063210,2.8695257955761093,5,12.800333676007073
shanghai,0063109,0091963,4.94629138213651,5,40.31764547383157
shanghai,0063109,0063211,4.227203652668105,6,29.685095081923734
shanghai,0063110,0063207,3.5719396908172003,8,23.628461513639472
shanghai,0063110,0063210,3.2560053595501683,6,17.448262034963854
shanghai,0063110,0063204,3.4853874079155114,5,16.197746579811902
shanghai,0063110,0063211,4.294163684019353,5,29.17642645068658
shanghai,0063111,0063202,2.078782953808485,31,17.548192977467345
shanghai,0063111,0063151,2.054006751566819,69,24.346827029869115
shanghai,0063111,0063135,1.973346435119779,68,22.849424983288174
shanghai,0063111,0063164,1.9177951091697658,22,13.806467803396723
shanghai,0063111,0063196,1.9015741035292166,18,12.35129996847068
shanghai,0063111,0063193,1.8869312301647703,11,9.690716097319518
shanghai,0063111,0063199,1.7957940451814347,21,12.309073539110118
shanghai,0063111,0063198,1.7855107157331231,26,13.240262837058765
shanghai,0063111,0063201,1.7606032889910062,17,10.908340713853102
shanghai,0063111,0063155,1.7537617935888952,29,13.694587321453168
shanghai,0063111,0063197,1.7208347088130227,24,12.402616006362868
shanghai,0063111,0063137,1.6232934064964495,7,6.903167551907433
shanghai,0063111,0063149,0.887410519093446,23,5.962389012517253
shanghai,0063111,0063152,0.0374780735793514,5,1.058583806261106
shanghai,0063120,0063124,3.0341882220324905,8,17.257939617579453
shanghai,0063120,0063189,3.03689159266166,39,34.27000858732543
shanghai,0063120,0063190,2.9988938099672096,25,27.716503224498606
shanghai,0063120,0063191,2.989660618238747,36,32.229837659959856
shanghai,0063120,0063192,3.0133185822031168,27,28.669954763698417
shanghai,0063120,0063200,1.4228916629525117,5,5.428619023595396
shanghai,0063120,0063195,2.7390246479042624,6,13.27301064462585
shanghai,0063123,0063207,3.1768125561985503,11,21.08211383048304
shanghai,0063123,0063210,3.440566045982063,13,28.03134356590567
shanghai,0063123,0063206,4.369960502755622,5,31.780613301723367
shanghai,0063123,0091963,4.361941315674631,5,27.49518935264541
shanghai,0063123,0064537,3.939614720658442,6,24.823991402742102
shanghai,0063123,0064536,3.9078970659627688,6,22.479691418561213
shanghai,0063124,0063189,2.906221031408708,8,15.981588505615658
shanghai,0063124,0063191,2.5076972164545914,5,10.466086256130955
shanghai,0063126,0063162,4.836090086944876,9,48.527202458201394
shanghai,0063126,0063127,4.448976194776544,7,35.36218508651215
shanghai,0063127,0074760,5.103808640623081,5,42.98719313720913
shanghai,0063127,0063167,4.59577706149509,7,42.828752522223304
shanghai,0063127,0063178,4.277096562627194,7,33.861910543201965
shanghai,0063127,0063145,4.216370635604446,5,27.200171956958602
shanghai,0063127,0063144,3.8297344832703804,5,21.9293546488868
shanghai,0063127,0063150,3.524670559852301,7,18.867142134776884
shanghai,0063127,0063162,3.3294743767859796,5,16.416827625823487
shanghai,0063128,0063182,5.171302550806987,8,62.531488060944085
shanghai,0063128,0073504,5.000699862518755,7,49.471048116564056
shanghai,0063128,0063179,4.596587432257867,5,34.57278563800486
shanghai,0063135,0063202,2.127850911195158,36,19.22564913550198
shanghai,0063135,0063149,2.021870424178079,71,24.29108199864523
shanghai,0063135,0063139,2.0213024795335164,36,18.03623056437533
shanghai,0063135,0063199,1.9583801136769254,27,15.290740178715522
shanghai,0063135,0063137,1.949123875612272,11,10.248676822176705
shanghai,0063135,0063197,1.9371434128833018,33,16.37589793247887
shanghai,0063135,0063198,1.9120954321282275,32,15.82050464913884
shanghai,0063135,0063193,1.7748941370634104,10,8.907714146978725
shanghai,0063135,0063201,1.5959134021124675,16,9.418711572765508
shanghai,0063135,0063152,1.51197550482189,21,9.966250484364654
shanghai,0063135,0063196,1.439897914533075,12,7.64134750164627
shanghai,0063135,0063151,0.9458933541128303,26,6.718835398970632
shanghai,0063135,0063155,0.6368544784172032,11,3.4830462137980644
shanghai,0063137,0063152,2.1801297214652093,6,9.202630663942983
shanghai,0063137,0063139,2.033803567581952,5,8.068666670405843
shanghai,0063137,0063151,1.8547811963428809,9,9.020386400650633
shanghai,0063137,0063149,1.5794535698506034,7,6.624050582389891
shanghai,0063139,0063149,0.2238639908811979,6,1.6131490955020562
shanghai,0063139,0063151,1.6297651281128858,23,11.38481626562074
shanghai,0063139,0063152,1.158291773837376,7,4.777339715777334
shanghai,0063139,0063155,1.8843491994596178,17,11.861825672424931
shanghai,0063139,0063164,1.8385718245022098,10,9.478627825943482
shanghai,0063139,0063193,2.3155874171094055,8,11.425967413773785
shanghai,0063139,0063196,2.299695085627098,14,14.136403500447972
shanghai,0063139,0063197,1.8711998072302605,15,10.981063420243437
shanghai,0063139,0063198,1.559810849940743,10,7.7170640933958765
shanghai,0063139,0063199,1.249109843162968,6,4.9617047254278885
shanghai,0063139,0063201,1.3923996358386115,6,5.410135465054628
shanghai,0063139,0063202,1.2665679271752384,7,5.291152312922426
shanghai,0063140,0063162,5.3220819387872424,6,57.89590064707454
shanghai,0063141,0063173,5.525843217474798,5,62.675348821017174
shanghai,0063144,0063162,4.134109838983393,7,27.72669939350881
shanghai,0063144,0063167,4.813599282995537,5,39.93685340311397
shanghai,0063144,0063161,4.3696211210613685,6,31.84285254165529
shanghai,0063145,0063150,4.726767393709359,5,39.84606832061263
shanghai,0063145,0063167,4.576892828368521,5,26.472448871567277
shanghai,0063149,0063197,2.119109760620746,38,19.361972271523644
shanghai,0063149,0063151,2.0518515392006655,69,24.47765871989948
shanghai,0063149,0063201,2.024406527415647,22,14.674721866978727
shanghai,0063149,0089443,1.9473084168334742,5,6.7197669808859954
shanghai,0063149,0063198,1.8368339079660763,28,14.124768499496522
shanghai,0063149,0063155,1.8365018015035723,32,15.134207487512382
shanghai,0063149,0063199,1.739938246990335,20,11.656835796331137
shanghai,0063149,0063164,1.6245106938665852,17,10.042778664318751
shanghai,0063149,0063202,1.4961247782506641,19,9.241143379936528
shanghai,0063149,0063196,1.40376553429811,11,7.113086316935931
shanghai,0063149,0063193,1.3251410567848094,6,5.20481779279783
shanghai,0063150,0063162,3.8657136480582848,6,24.776075022841937
shanghai,0063150,0074808,5.451913872685997,5,60.84615454803795
shanghai,0063150,0075402,5.400442108310414,5,49.524206207506055
shanghai,0063150,0063161,3.949996331147185,6,24.449513774056506
shanghai,0063151,0063198,1.9609866426389824,32,16.275763829407847
shanghai,0063151,0063197,1.9330317417975873,31,15.895612832055058
shanghai,0063151,0063152,1.9023223124102986,28,15.08300288994218
shanghai,0063151,0063202,1.8298599692144581,25,13.540275106173258
shanghai,0063151,0063199,1.6624264640960609,19,10.741077803620687
shanghai,0063151,0063201,1.529727164376489,14,8.520547128785713
shanghai,0063151,0063196,1.4733894057926726,12,7.7481587142882
shanghai,0063151,0063193,1.4068186968446497,7,5.748654335024607
shanghai,0063151,0063164,0.7259205161465123,7,3.324982681742587
shanghai,0063151,0063155,0.6705133262625587,10,3.5822477651324673
shanghai,0063152,0063201,2.1053417923898,12,11.593281508401297
shanghai,0063152,0063196,2.0471226386176413,10,10.558557299449367
shanghai,0063152,0063199,1.9599536029990798,12,10.773973436173163
shanghai,0063152,0063193,1.9356996466505232,5,7.459621247994465
shanghai,0063152,0063155,1.8382320037521904,15,11.017451454242543
shanghai,0063152,0063164,1.834190989368418,10,9.21566345138934
shanghai,0063152,0063202,1.5750825999349718,9,7.376026545870776
shanghai,0063152,0063198,1.4527474169449264,9,6.67647353389543
shanghai,0063152,0063197,1.2275703689728845,7,5.168343110683088
shanghai,0063155,0063194,3.7608007437289173,5,22.609502819250558
shanghai,0063155,0063201,1.9630851255626152,12,10.803166945480546
shanghai,0063155,0063196,1.7915336158417363,9,8.689906011367388
shanghai,0063155,0063193,1.7837238902920654,6,6.870255839137546
shanghai,0063155,0063202,1.7474292603986703,13,9.693393121316035
shanghai,0063155,0063199,1.7253448877084783,12,9.04471818666244
shanghai,0063155,0063198,1.628024272894016,13,8.827342105022346
shanghai,0063155,0063197,1.2749217341594632,9,5.91629910402859
shanghai,0063155,0063164,1.2370206480940145,7,5.077706657395045
shanghai,0063161,0063178,4.490017067533322,6,35.375272695722316
shanghai,0063161,0063179,4.3919179861885045,7,31.857549629330624
shanghai,0063161,0063186,5.559130689123504,6,68.0348569693395
shanghai,0063162,0063178,4.396066494750535,6,35.51494997964677
shanghai,0063164,0063196,2.219812545968538,9,11.552616526888269
shanghai,0063164,0063197,1.8461129586212028,11,9.513445146513364
shanghai,0063164,0063201,1.7735486334295294,7,7.383912415584435
shanghai,0063164,0063198,1.6932385734540978,9,7.986031312126095
shanghai,0063164,0063202,1.652477345174186,8,7.336502821595515
shanghai,0063164,0063199,1.495590870916866,6,5.885665437374272
shanghai,0063168,0063182,5.255024944941284,5,51.26846000776332
shanghai,0063168,0063173,4.844883369254235,7,38.71482053844002
shanghai,0063173,0063179,4.945739417828011,9,55.88084289785981
shanghai,0063173,0073504,4.378046500213842,5,30.171641223718044
shanghai,0063173,0063180,4.360337187834429,6,29.410702565623716
shanghai,0063180,0063182,4.989969196927155,6,48.56338265479686
shanghai,0063180,0073504,5.069926190467457,6,49.384784456687605
shanghai,0063188,0063189,2.755464043047077,7,14.531135013162585
shanghai,0063188,0063190,2.7090288232148643,5,11.651384877118533
shanghai,0063188,0063191,2.7679028891248363,7,14.530073932790502
shanghai,0063188,0063192,3.520718003457434,11,27.16591359938799
shanghai,0063189,0063200,3.0166627016064984,33,31.37487290557814
shanghai,0063189,0063192,2.6773189207908024,20,21.398972253375575
shanghai,0063189,0063190,2.4314086736968887,15,16.252060770823512
shanghai,0063189,0063195,2.2565784773810327,5,8.490327453350384
shanghai,0063189,0063191,2.2534536640970044,19,15.793948181284579
shanghai,0063190,0063200,3.01331696943626,21,26.292697380606644
shanghai,0063190,0063195,2.821914871397068,5,12.827368995540832
shanghai,0063190,0063191,2.332613394742201,14,14.465060851283328
shanghai,0063190,0063192,1.7045838842172165,5,6.418303393884294
shanghai,0063191,0063200,3.1086187761540636,34,34.03465939559304
shanghai,0063191,0063195,2.9636532454385174,8,17.413045015779257
shanghai,0063191,0063192,2.621434491756384,19,19.935758030777293
shanghai,0063192,0063200,2.708943952464259,16,19.589999892669002
shanghai,0063195,0063200,2.693274707389241,5,11.836825073645421
shanghai,0063198,0063199,1.358841394602097,6,5.577797968945077
shanghai,0063204,0063207,3.0820581423103084,9,18.682730263417398
shanghai,0063204,0063210,3.041369838249058,9,18.227432816235517
shanghai,0063204,0064537,4.092161350220009,7,28.246740882180518
shanghai,0063204,0092350,4.076715620188035,6,23.596270521027385
shanghai,0063204,0064536,3.8712179070631416,5,21.143349087235045
shanghai,0063205,0063207,3.7862970317801095,9,29.920423112681657
shanghai,0063205,0063210,3.175089191498854,5,16.387939981289623
shanghai,0063205,0063209,5.281479475222741,7,62.30528193895415
shanghai,0063206,0063207,3.927266969121118,6,26.574131955896373
shanghai,0063207,0063208,3.8920553996449145,5,24.276356189674168
shanghai,0063207,0063211,3.113491741770753,5,15.399169027925565
shanghai,0063207,0063210,2.5800719829322807,11,15.133322522088156
shanghai,0063208,0063210,3.709400919510286,5,20.538480798791632
shanghai,0063209,0063210,3.588741866590177,5,19.745468257114652
shanghai,0063210,0063211,3.566419547386844,9,24.796099380313436
shanghai,0063210,0064536,3.1154897699195647,5,13.381769936714635
shanghai,0063217,0063223,4.885774353985701,22,79.99993498986531
shanghai,0063217,0063219,3.931027643848979,5,22.868062999113842
shanghai,0063217,0063218,3.748260728049998,6,21.913416882670205
shanghai,0063218,0063224,5.372163528949275,6,58.28139596125164
shanghai,0063218,0063225,4.614901739658021,8,42.95935737507267
shanghai,0063218,0063223,4.443744737064037,14,52.0936903097375
shanghai,0063219,0063225,4.72611942530766,7,41.68232557970554
shanghai,0063219,0063223,4.578424674526443,12,51.75837068977965
shanghai,0063225,0063312,5.859305385058275,5,74.26462274072483
shanghai,0063368,0063372,6.250068878395938,7,87.93565494389513
shanghai,0063370,0063372,4.968253176948347,5,33.52735395907171
shanghai,0063370,0084196,3.7641763129620847,5,16.70309491842663
shanghai,0063372,0084197,4.127050498189984,7,26.294001442306644
shanghai,0063380,0063382,5.318527002557695,5,49.33840331913061
shanghai,0063380,0114467,5.289192799180885,5,43.87593255130164
shanghai,0063380,0063381,3.7857770858743907,8,20.358621353379853
shanghai,0063380,0063384,3.3359761437573203,5,15.940474445144565
shanghai,0063381,0063384,4.4458355255234645,13,42.5001491637541
shanghai,0063384,0114389,5.14741025778456,5,44.32666010767294
shanghai,0063384,0147768,4.356862778196743,12,38.1443587009734
shanghai,0063384,0077139,2.8187858273021416,5,9.960125466272197
shanghai,0063436,0063522,4.440089601286119,8,34.70689434722953
shanghai,0063436,0075348,3.9434038028184792,10,28.62430037769279
shanghai,0063443,0063518,4.057042223314765,7,23.655196175265196
shanghai,0063443,0063499,3.9944484068891324,7,23.449802331417153
shanghai,0063446,0063522,3.3591836431334583,5,16.982483278368196
shanghai,0063446,0075348,3.4954444824841078,15,26.47337249940222
shanghai,0063446,0063499,2.588321275866832,8,9.707563987894146
shanghai,0063446,0063518,3.1090568792947204,9,15.679987958114578
shanghai,0063446,0138740,5.24954182443358,5,43.97267785459428
shanghai,0063446,0063543,5.232353736945826,5,41.05103846912696
shanghai,0063446,0063534,3.8713253381657777,7,21.31305699781107
shanghai,0063466,0075348,4.4456840023172095,8,36.574374750723784
shanghai,0063479,0063522,3.9059260126514923,10,22.932320316645672
shanghai,0063479,0075348,3.113107361388301,8,13.967357467823579
shanghai,0063479,0063499,3.1094659449093056,8,12.880739948297338
shanghai,0063479,0063518,3.2015991078123873,6,13.400365613380863
shanghai,0063479,0063546,5.8001596685589325,5,52.77237555922728
shanghai,0063499,0063506,4.591981335617191,8,35.28389079509045
shanghai,0063499,0063574,4.502551249550458,5,24.67291699429573
shanghai,0063499,0074302,4.499604898648809,6,24.38384347930448
shanghai,0063499,0074305,4.485860256753038,5,23.079440346071163
shanghai,0063499,0063518,3.5054280325907436,28,31.655191228805577
shanghai,0063499,0063531,3.305306941364303,8,17.577726531396696
shanghai,0063499,0063539,3.1417663888719405,10,16.774557582596522
shanghai,0063499,0063534,3.039837635330942,7,12.405800407624938
shanghai,0063499,0063537,3.0072254388720188,6,11.827042660565287
shanghai,0063499,0063562,2.9995915970781946,7,11.975959274210268
shanghai,0063499,0089295,2.9616675035617854,9,13.630314452581654
shanghai,0063499,0063505,2.9237327910710578,6,9.611143187250287
shanghai,0063501,0075348,3.7553726293538148,7,21.22840591887352
shanghai,0063501,0063539,4.779474330403237,6,39.88489191983582
shanghai,0063505,0063522,3.749566743560351,5,17.654318242771364
shanghai,0063505,0075348,3.5425134398282223,7,19.458535912236897
shanghai,0063505,0063518,3.432207850733321,6,15.25854698248643
shanghai,0063518,0075348,2.326200534323662,12,10.189340860687677
shanghai,0063518,0088159,4.606996249856983,6,24.26485843723025
shanghai,0063518,0063531,3.620751798633764,8,22.91571274692015
shanghai,0063518,0063537,3.5164233302255887,9,18.7837918117429
shanghai,0063518,0063534,3.4374421872758996,8,17.596157861537208
shanghai,0063518,0063562,3.10376535421753,6,12.61559936300799
shanghai,0063518,0089295,3.0389500664779083,8,13.973326809155452
shanghai,0063518,0063539,2.683750679441782,6,9.950042468397461
shanghai,0063522,0063531,3.8376846547733274,7,23.952805217527597
shanghai,0063522,0063539,3.471739859828083,7,18.657701026738994
shanghai,0063522,0075348,3.232733691991581,12,21.78253919190757
shanghai,0063531,0063562,4.018068071817173,5,21.608113301376797
shanghai,0063531,0089295,3.6106777089881303,5,16.969163185874113
shanghai,0063534,0075348,2.6584263257860625,5,9.071509457111581
shanghai,0063534,0089678,4.578423249895574,5,25.311594042227647
shanghai,0063534,0089295,3.4864625892237964,5,13.834086505735263
shanghai,0063537,0075348,3.84598667954086,11,29.886786454874276
shanghai,0063537,0074304,5.7131482433183045,5,43.32439402919279
shanghai,0063539,0075348,2.9707137773827874,10,15.220612533501754
shanghai,0063539,0063562,4.01298103159808,7,24.234085809251418
shanghai,0063539,0089295,3.2577914750760577,5,13.383068956763326
shanghai,0063562,0075348,3.284322488181437,8,17.283620680369907
shanghai,0063581,0100449,4.179186608179097,5,25.287890409036198
shanghai,0063581,0100461,4.138218253244632,6,21.46561218570807
shanghai,0063581,0063585,3.7700520270941427,14,31.36196737725209
shanghai,0063581,0063583,3.3890129032919196,17,27.6015826042579
shanghai,0063581,0063590,2.679764729301917,6,11.674688205869556
shanghai,0063581,0078933,2.150723898392931,12,9.580930714146852
shanghai,0063581,0100452,1.9967865323322191,7,7.577401518985228
shanghai,0063583,0063590,3.280476640546829,5,14.441775506861923
shanghai,0063583,0078933,2.7153321008808264,8,11.588311735374472
shanghai,0063585,0100452,3.1153625094865642,6,12.550796416080939
shanghai,0063587,0100453,3.8109328982401314,9,24.020522901348983
shanghai,0063587,0100454,3.0301731664524603,5,11.660064485601936
shanghai,0063587,0078936,2.849195385403556,7,13.235275538904368
shanghai,0063587,0100446,2.830223625066118,7,13.113272229870471
shanghai,0063590,0078936,2.841487898988322,6,11.047635949493797
shanghai,0063605,0195862,5.875331751498639,7,75.21596780628248
shanghai,0063615,0063637,5.123165057290039,5,36.94226475970926
shanghai,0063615,0063624,4.573201186670027,12,47.23157460052721
shanghai,0063615,0063635,4.4735205839892105,6,27.33631019140534
shanghai,0063615,0063617,4.134214300394961,5,21.49707575778814
shanghai,0063615,0063639,4.068086194453865,18,36.5586563799272
shanghai,0063615,0086415,3.938362991452748,10,28.513283049002183
shanghai,0063615,0063619,3.397967597907005,7,14.083657549085594
shanghai,0063617,0063619,4.67316581739331,5,29.10507683643878
shanghai,0063617,0063639,4.1724454047584905,5,23.256184001004712
shanghai,0063619,0063635,5.171107525502549,5,43.353735082350035
shanghai,0063619,0063639,4.30384894557339,11,36.53161038463052
shanghai,0063619,0063624,4.155957230285792,7,24.48474316800038
shanghai,0063624,0063639,4.3550690236622795,14,39.498912379273875
shanghai,0063631,0063639,5.093022872750116,6,45.19534112559462
shanghai,0063639,0077156,3.689542563230501,8,21.726666138394553
shanghai,0063639,0086415,3.129267144570603,5,13.095429560630286
shanghai,0063686,0063699,3.5511560580958674,11,26.559974574220917
shanghai,0063686,0070176,4.557470973396383,21,67.95243206368689
shanghai,0063686,0089744,4.177944850087585,8,28.179581477749053
shanghai,0063699,0105131,4.7616935144495764,15,62.442102349921704
shanghai,0063699,0070176,4.46372737246676,34,79.38572750716277
shanghai,0063699,0089744,3.386898342585983,5,16.28549978384608
shanghai,0063738,0077130,6.2884052593762325,5,77.02413394383683
shanghai,0064206,0154904,7.292239872898768,5,142.11113212066516
shanghai,0064535,0091987,6.365281973103218,12,142.06242276995744
shanghai,0064536,0064537,4.535516492641684,5,29.960391553470444
shanghai,0064537,0092350,4.902409400005818,6,39.275620389600356
shanghai,0064542,0074826,6.9258663147307535,5,142.09856656273138
shanghai,0064581,0155460,6.393013517978849,5,95.13338289571746
shanghai,0064582,0155460,5.676126043079778,5,68.98583391125996
shanghai,0064582,0064585,6.232964013042088,7,107.44924706811055
shanghai,0064793,0064794,5.786519874304261,5,69.10464197371839
shanghai,0064827,0064835,7.128935891485393,5,142.10627914924981
shanghai,0064871,0064884,4.713379483931891,11,53.86762213368287
shanghai,0064871,0064885,4.643659450186893,5,37.282586203616084
shanghai,0064873,0064884,5.034959625126629,9,62.08443039045769
shanghai,0064874,0064884,4.360475020134262,6,34.711627193359796
shanghai,0064874,0064885,5.082718324801423,6,53.165181398452816
shanghai,0064879,0064884,5.001827681723667,7,54.378424435087766
shanghai,0064880,0064884,4.597438854386334,9,48.42578298625435
shanghai,0064880,0064885,4.863462993146338,6,46.935562341380766
shanghai,0064882,0064884,4.990903846445759,7,52.05350461167627
shanghai,0064885,0064886,5.652578593793821,5,67.56897185563037
shanghai,0064894,0064902,5.837495174215753,5,76.88649589962719
shanghai,0064896,0064900,5.597998588928171,8,81.3567384603293
shanghai,0064897,0064901,5.089837116742162,7,57.75763003025515
shanghai,0064897,0064899,4.760704701738186,5,40.753962212087764
shanghai,0064899,0064900,4.37519045697548,6,36.10587715921534
shanghai,0064899,0064901,5.086453100760454,13,74.80039241700379
shanghai,0064900,0064902,4.442391546992325,5,34.16424858583021
shanghai,0064900,0064901,4.1608736550247025,5,29.66240664046074
shanghai,0064902,0064904,5.8827957173923995,7,92.16057423816234
shanghai,0064906,0064926,5.012596835566366,5,41.221051232771636
shanghai,0064907,0064915,4.239707482499841,10,39.52482578037641
shanghai,0064908,0064915,3.8306648008288198,9,29.73918404158763
shanghai,0064908,0064926,4.160439473805091,6,28.324743385032747
shanghai,0064909,0064915,4.16641533742266,5,29.481424732733615
shanghai,0064910,0064913,3.5980010445882984,6,20.598477235444584
shanghai,0064910,0064915,3.1522089723963944,9,19.07713791024936
shanghai,0064910,0064926,4.579416293697043,13,55.062488481875626
shanghai,0064911,0064915,4.260131896227633,12,42.88948239093082
shanghai,0064912,0064915,4.286159208182203,14,47.59538858041618
shanghai,0064913,0064914,5.045319499403772,5,48.740681525521865
shanghai,0064913,0064917,4.4775174765117,9,45.00093760225276
shanghai,0064913,0064926,3.6862129394334335,12,27.5487094912954
shanghai,0064913,0064915,2.866323876029914,10,17.490306901251323
shanghai,0064915,0064921,4.1951971906944445,7,33.07864169279711
shanghai,0064915,0064918,4.159304780459127,5,28.654719729270035
shanghai,0064915,0235059,4.126043167253632,5,25.085041549101533
shanghai,0064915,0064927,3.947511582349228,8,31.1259232708442
shanghai,0064915,0064917,3.672416110449844,10,29.14532427137938
shanghai,0064915,0064916,3.6176543816330993,9,26.908107759761034
shanghai,0064915,0064926,2.4855232556865188,10,11.751714919399229
shanghai,0064916,0064926,3.804940404231285,6,22.221232498975255
shanghai,0064926,0064927,3.8281141295083962,5,18.8606602805303
shanghai,0065464,0115638,3.447801664432818,5,15.15008784767152
shanghai,0065465,0156024,4.196358832966278,5,22.383214681182526
shanghai,0065471,0089121,4.226015799901063,5,26.465265532523603
shanghai,0065471,0156024,3.5870209170800456,5,15.591939838900842
shanghai,0065474,0165035,4.812194677134429,5,29.915898147881105
shanghai,0065474,0156024,3.316871759344285,5,14.54686352435528
shanghai,0065475,0156024,3.8875391437720754,5,21.920651741357926
shanghai,0065499,0065505,7.185324677609747,6,142.10807555127198
shanghai,0065550,0065578,6.151611456546669,5,74.43412483282215
shanghai,0065565,0065578,6.14810897680505,5,73.39857966533957
shanghai,0065573,0065578,6.215714483546421,8,96.19011635397142
shanghai,0065721,0065722,5.882760461695957,5,76.25900354381935
shanghai,0065721,0089416,5.273605477493963,6,50.466101963379785
shanghai,0065722,0075371,5.45175399999421,7,55.954161569938485
shanghai,0065723,0065725,5.70678051455499,6,72.96662709707029
shanghai,0065723,0065734,4.795023510833695,6,43.66283051217645
shanghai,0065724,0089416,4.916873460672119,6,41.10362233983692
shanghai,0065724,0075371,5.139476896176892,6,47.63302282619939
shanghai,0065724,0065734,4.506503410696318,6,35.118021299252206
shanghai,0065725,0065734,4.704726728201895,5,38.759246633016836
shanghai,0065729,0075371,6.11704697671142,6,79.74437641266175
shanghai,0065730,0065734,5.405268945025537,7,64.8087378104823
shanghai,0065734,0083876,5.440816318744818,8,74.71119386872945
shanghai,0065735,0065739,6.143007172375117,6,100.60126779418728
shanghai,0065736,0065739,6.142221938059053,6,100.28578124444012
shanghai,0065914,0109573,6.387909595346402,5,99.20714851222274
shanghai,0065928,0109573,6.39410784725352,5,101.69753664059807
shanghai,0066213,0066263,6.431056323310333,5,100.92320806102069
shanghai,0066358,0089176,6.8487492421857565,6,142.0950453393912
shanghai,0066468,0066475,3.948045056435247,10,30.404129689331512
shanghai,0066468,0066473,3.891066255525322,7,22.455503058216706
shanghai,0066470,0066473,3.9775918288655427,7,24.992208464643618
shanghai,0066470,0066475,3.9094726657060574,10,29.833205097613337
shanghai,0066473,0066507,4.7843349468181975,5,33.62743982784358
shanghai,0066473,0066491,4.157158262073241,8,29.847890208246334
shanghai,0066473,0066501,4.076710985694672,11,30.069489704867575
shanghai,0066473,0066510,3.9943558003780595,9,27.36959898377925
shanghai,0066473,0066495,3.918891101422777,5,19.2860350523422
shanghai,0066473,0066500,3.887257923230848,9,26.089656161885003
shanghai,0066473,0066516,3.8385600175307557,7,21.679009494554872
shanghai,0066473,0066476,3.729170527064812,5,17.03585234138772
shanghai,0066473,0066506,3.6984885626767676,5,18.868207239957673
shanghai,0066473,0066524,3.5786005799644496,5,17.695400546678634
shanghai,0066473,0066512,3.5172844974202535,8,18.33943962090616
shanghai,0066474,0066475,4.253375348587429,5,28.765437381516083
shanghai,0066475,0066487,4.30062769527727,9,34.750152562743004
shanghai,0066475,0066478,4.260343496977733,6,29.57848293439546
shanghai,0066475,0066524,4.115749679840499,15,38.87549276335254
shanghai,0066475,0066516,3.983689931862373,11,32.078386916968086
shanghai,0066475,0066512,3.982884141804047,16,37.50261000554793
shanghai,0066475,0066476,3.970466665997985,8,27.77265613547928
shanghai,0066475,0066501,3.892807080223343,12,31.94389143754352
shanghai,0066475,0066495,3.8376871634856133,6,22.720395659755834
shanghai,0066475,0066491,3.781419127472587,9,26.138920770836084
shanghai,0066475,0066500,3.6816417427457404,11,27.103113275213893
shanghai,0066475,0066506,3.546450553672302,7,20.684415440323683
shanghai,0066475,0066510,3.3587730886733507,7,18.41379093901899
shanghai,0066500,0066509,4.7846663532208495,6,35.12380598428283
shanghai,0066506,0066509,5.100225932132051,5,42.143254931137484
shanghai,0066509,0066510,5.104885718314923,7,45.59122415697519
shanghai,0066512,0075344,4.247927966672163,5,22.64400906485501
shanghai,0066660,0066678,6.596525611996353,6,103.38932567460407
shanghai,0066675,0066678,5.9607592341362325,5,68.325197253805
shanghai,0066675,0066676,6.624549235594828,5,101.29367976624238
shanghai,0066713,0066719,4.9524185609782565,13,62.35964389506283
shanghai,0066716,0066719,4.9083182497973175,9,52.27493955258996
shanghai,0066719,0066741,4.91662025993035,9,54.04003331130381
shanghai,0066719,0066742,4.8832504524676965,7,47.287495730006825
shanghai,0066719,0066723,4.830385567242176,5,38.27459494603805
shanghai,0066719,0066737,4.821335719509512,5,36.91385547985954
shanghai,0066719,0066727,4.590128537401168,10,45.29531878079827
shanghai,0066719,0066722,4.440422991342079,9,38.456093055331166
shanghai,0066722,0066751,5.702539631610747,6,67.49706801488276
shanghai,0066727,0066751,5.448238123819973,6,53.034423485857104
shanghai,0067016,0067046,5.828499296363835,5,67.8077886454126
shanghai,0067017,0067046,5.8624804014109815,8,77.68028441263745
shanghai,0067023,0067046,5.852277280195628,6,74.57378220398724
shanghai,0067039,0067046,5.810355350226412,5,63.060922351180885
shanghai,0067079,0067103,6.983584146387032,7,142.100974971533
shanghai,0067279,0067286,7.326408505994871,5,142.112020593941
shanghai,0067432,0067456,7.217690873731063,5,142.10904726125727
shanghai,0067540,0067581,6.203307626003361,6,89.1354165175687
shanghai,0067548,0067581,6.1753337714580185,5,79.69934194372398
shanghai,0067560,0067581,6.165754820315205,5,76.70336077246068
shanghai,0067959,0067971,6.9932530595491675,6,142.10136061256895
shanghai,0068482,0097427,6.907727646879146,6,142.09777060187054
shanghai,0068977,0187053,5.123847723403711,15,79.71956934505397
shanghai,0069451,0109231,7.113549888918556,5,142.10576507855205
shanghai,0069477,0080089,7.078441864123785,5,142.10455181542386
shanghai,0069870,0143434,6.246807649178824,6,101.73562079598861
shanghai,0070109,0238840,6.18504782594943,5,91.2179204385761
shanghai,0070139,0070140,6.745823348918979,10,142.08974449681293
shanghai,0070144,0112486,7.001045655419623,5,142.1016678195329
shanghai,0070146,0089335,6.146227137698514,8,105.98485236879084
shanghai,0070151,0089481,6.396978588033997,5,103.50200669574126
shanghai,0070152,0220044,7.049373839891293,5,142.1035034021367
shanghai,0070153,0074776,6.814118701168889,6,142.0933423817642
shanghai,0070159,0117787,4.544111112870075,5,36.53977060979801
shanghai,0070159,0236760,4.418655910283065,6,34.29707731980193
shanghai,0070159,0236764,4.40074586570297,8,36.917450564565726
shanghai,0070159,0089110,4.336955805355687,6,30.37744579441981
shanghai,0070161,0089407,6.404250902788617,6,113.19654126938079
shanghai,0070161,0075021,6.335126529176451,5,85.85227757514332
shanghai,0070167,0119032,6.007286834095969,5,72.41875624861464
shanghai,0070169,0076995,4.991155347497563,8,54.43240718616366
shanghai,0070170,0094061,6.900095760398636,6,142.09742990287282
shanghai,0070322,0238840,6.2293416373190835,8,108.89962858130401
shanghai,0071819,0146818,6.384981539732145,8,114.98139607063149
shanghai,0071918,0117101,7.13913155377224,5,142.10661403877899
shanghai,0071996,0109585,6.082800981182102,6,88.54471337039524
shanghai,0072016,0082079,6.056704154804911,7,79.9130313282916
shanghai,0072028,0109522,6.88448184374944,7,142.09672197806904
shanghai,0072049,0109513,6.933549601434453,6,142.09889795964344
shanghai,0072068,0109557,7.10280898497984,5,142.10539990569316
shanghai,0072503,0083409,5.525643854916813,5,55.061301839826314
shanghai,0072621,0072622,7.1301218609881785,5,142.1063183383167
shanghai,0072763,0086664,4.295365450723392,6,27.837163692920853
shanghai,0072763,0109214,5.930592715486004,5,67.50111527031964
shanghai,0073065,0097837,7.2954732754025935,5,142.11121794214117
shanghai,0073148,0084132,6.582368653994107,6,109.4433560086962
shanghai,0073190,0073192,7.131077520412949,5,142.106349871983
shanghai,0073224,0073226,7.262127539276475,5,142.1103148535287
shanghai,0073568,0089309,7.204159613179322,6,142.10864611552253
shanghai,0073597,0073605,7.980804563253781,5,142.12311617122728
shanghai,0073617,0076555,5.866159510421729,6,75.615398801179
shanghai,0073836,0089332,3.852605486707165,5,22.411406783034504
shanghai,0073836,0114231,3.5706438494953145,6,16.934727648044532
shanghai,0074239,0109526,7.300385908712557,5,142.11134762795717
shanghai,0074474,0074475,6.5511931803316275,14,142.0774966732326
shanghai,0074497,0170856,5.255750500758954,9,61.667450518582974
shanghai,0074497,0170855,4.8525768157584634,7,37.134633479586384
shanghai,0074497,0170861,4.797640742844263,5,34.707792714484604
shanghai,0074580,0086669,5.405874708665009,5,44.70148224773797
shanghai,0074588,0077121,4.89810680214657,6,42.03331527040435
shanghai,0074708,0075397,7.2987276988299685,5,142.11130394875576
shanghai,0074742,0089443,6.017056698366077,8,87.02786534703682
shanghai,0074744,0074747,6.381605140398626,5,104.91392915158276
shanghai,0074747,0074759,6.358877760203229,5,95.796942675817
shanghai,0074782,0075045,7.024859687977359,5,142.10258709798288
shanghai,0074995,0077121,3.8667915340980974,6,19.07928661356843
shanghai,0074995,0082844,5.356036442083615,7,61.04845637116625
shanghai,0074996,0089310,6.127346794659735,5,74.11239560704598
shanghai,0075000,0235087,3.7207934968023375,5,18.85675335612521
shanghai,0075000,0075001,5.851784404344991,10,89.77936537127479
shanghai,0075006,0075007,7.053581394434086,7,142.1036576851059
shanghai,0075009,0089110,4.237589518928282,5,23.746453199715813
shanghai,0075009,0236760,4.50499491435097,5,32.30543470343756
shanghai,0075009,0236764,4.373707375707755,8,31.033326624391787
shanghai,0075009,0236762,4.392191119285116,5,26.640136080424135
shanghai,0075015,0089310,6.179424300973797,5,91.27645111726308
shanghai,0075030,0075031,6.671095930112403,10,142.08541362801546
shanghai,0075032,0075034,6.844165693956275,10,142.0948244326487
shanghai,0075041,0075043,7.025049396496496,7,142.10259430462463
shanghai,0075195,0082844,5.684498616169329,6,68.81773922386793
shanghai,0075336,0075340,6.669767542091658,5,100.43350212023991
shanghai,0075338,0143646,6.460802763475798,5,80.74474427027316
shanghai,0075344,0201716,6.170930431273488,14,128.0850716949532
shanghai,0075348,0088158,4.291733426303083,6,19.75774463129463
shanghai,0075348,0089295,3.3805748514893352,13,22.551984417069367
shanghai,0075348,0089678,3.0243404500047406,5,9.595427352311114
shanghai,0075554,0086664,4.853360686908558,5,38.81709065850899
shanghai,0075556,0086224,6.2087055110387634,7,94.81771240855383
shanghai,0075561,0114345,5.796117648861017,5,57.76181006479503
shanghai,0075728,0084694,7.205099064858312,5,142.10867420076704
shanghai,0075740,0075879,6.8921117559281715,7,142.09706975474137
shanghai,0075743,0235123,4.316067751263756,6,32.730255524932375
shanghai,0075743,0075750,5.989364659103214,6,86.8213081370938
shanghai,0075747,0075787,6.959404806916356,5,142.0999885424076
shanghai,0075756,0075882,6.680358063820485,8,142.085974138015
shanghai,0075803,0075804,7.062953217246906,6,142.10399823670704
shanghai,0075858,0086198,4.420484564789503,5,31.989200725257923
shanghai,0075877,0109214,6.601700091951819,5,102.35201927131489
shanghai,0076019,0120139,7.019382165561127,5,142.1023782299109
shanghai,0076555,0076557,5.8977339852097055,8,85.79475288540702
shanghai,0076555,0089703,4.95604751125108,6,49.22745751310808
shanghai,0076773,0089057,5.9625156862016295,8,87.01062788681588
shanghai,0076962,0076963,6.61528829765531,9,142.08188583599969
shanghai,0076995,0203913,5.757864071522733,9,78.11423286470185
shanghai,0076997,0235046,6.08521401733488,9,106.68619491671873
shanghai,0077085,0235110,7.197876730654319,7,142.1084573794022
shanghai,0077086,0086198,3.374238061572208,5,14.134370658763277
shanghai,0077086,0086196,4.897708767816263,9,46.675649930346175
shanghai,0077088,0109121,4.613155332497084,5,30.321104535332996
shanghai,0077093,0085874,5.2070555113805606,10,56.48842947651259
shanghai,0077093,0085876,5.012287428755721,5,39.89806573165914
shanghai,0077094,0085874,5.506450323147207,5,47.792684132203014
shanghai,0077095,0085876,4.848856726147566,8,36.38546803750601
shanghai,0077095,0085874,4.8344579975893245,8,41.77490367969609
shanghai,0077105,0085811,4.167922345384311,5,24.426143717930866
shanghai,0077105,0085813,4.475440060517135,10,39.194715844733224
shanghai,0077111,0085811,3.4007913222274935,7,18.168309864345122
shanghai,0077111,0085812,4.1864950755510515,7,27.731045335312487
shanghai,0077111,0085813,3.717089921167376,16,29.464308242470562
shanghai,0077111,0114226,3.9068939822370146,7,23.899891539521523
shanghai,0077111,0077112,3.4947196433339522,7,20.227189945859905
shanghai,0077111,0109274,5.181585391561325,5,46.516478069173196
shanghai,0077111,0114227,4.717940891954918,7,34.10824352145601
shanghai,0077112,0085811,2.8895522857603897,6,11.103672915091831
shanghai,0077112,0085812,4.42483076017295,10,36.22028076558653
shanghai,0077112,0085813,3.103229404002545,10,16.25505034181466
shanghai,0077112,0114226,3.362085600480575,5,14.174490550640538
shanghai,0077112,0109272,4.321252868334245,5,23.811400093440334
shanghai,0077112,0114337,4.284608173583277,8,29.69579488716238
shanghai,0077112,0114227,4.258632711406179,5,22.115677382709187
shanghai,0077113,0085811,4.385109296860304,5,25.73150230787064
shanghai,0077113,0085813,4.2491070623653195,6,26.44704398836442
shanghai,0077116,0114234,5.5368372570402995,7,64.1287737935906
shanghai,0077116,0114237,5.042393962634155,5,34.75641762224354
shanghai,0077116,0077117,4.9372136944601595,5,42.894648268365515
shanghai,0077116,0084090,3.8343736777149386,6,19.802426989202424
shanghai,0077117,0114237,5.5644365033294365,6,57.36904338499392
shanghai,0077117,0114234,5.1575555683849865,5,42.926049278367984
shanghai,0077117,0084090,3.719463888901841,5,17.260602403928786
shanghai,0077121,0232364,4.8407617204589055,5,33.41758297441347
shanghai,0077121,0084117,4.804672113691411,17,60.37111766736965
shanghai,0077121,0084675,4.226099786919495,14,38.01899984402559
shanghai,0077121,0109188,4.16840371722233,7,29.912869351252706
shanghai,0077121,0147737,3.6737016311921478,11,21.912297906935944
shanghai,0077121,0082844,3.3905058283025005,5,16.458591747157616
shanghai,0077121,0109187,3.2693022251160606,5,15.132543652740384
shanghai,0077125,0086155,6.2550849650244755,7,85.19274746690135
shanghai,0077128,0084120,6.0918434811563715,5,68.860306592956
shanghai,0077128,0086155,5.808847700461796,9,84.50781464292155
shanghai,0077129,0086664,4.312567458709911,10,33.4569906055962
shanghai,0077129,0084656,4.8810746025527125,9,45.57096816432171
shanghai,0077130,0084710,5.072023120515461,5,39.615041472892344
shanghai,0077130,0084656,4.6348667976487645,5,33.70119631386248
shanghai,0077132,0086664,3.9551734539846475,11,29.892665253564335
shanghai,0077132,0147702,2.4164854210162785,5,8.903627557544167
shanghai,0077132,0084656,3.979245311315963,6,23.587603720114725
shanghai,0077132,0177578,5.563194830863479,5,47.49072683211097
shanghai,0077132,0086663,4.346692145456982,9,31.147861573970264
shanghai,0077133,0114220,7.470610248227747,5,142.11535466568915
shanghai,0077139,0077141,2.8278787533814205,5,10.488083472146036
shanghai,0077139,0086198,3.756578875520918,23,35.60108443399984
shanghai,0077139,0086201,4.011554646368537,5,23.322291272808695
shanghai,0077139,0086196,3.7603335400698406,12,25.496444526880115
shanghai,0077140,0086198,4.024759117478597,11,29.75037107368009
shanghai,0077140,0086196,4.393213491109362,6,30.72589618725595
shanghai,0077141,0084662,4.408293374949605,9,29.61554408493174
shanghai,0077141,0089613,4.2192323114956185,5,24.03273302752993
shanghai,0077141,0234656,4.033724372621727,5,19.825319759069366
shanghai,0077141,0086198,3.797780563629791,25,39.336849136631365
shanghai,0077141,0086196,3.544254451610616,9,21.72503781899522
shanghai,0077144,0114475,6.03724937709216,16,119.01184934504298
shanghai,0077144,0114476,5.9300690483636584,6,77.51734730989565
shanghai,0077145,0109121,4.8955683914379655,6,40.20209752928343
shanghai,0077150,0114531,4.9827058890513145,14,57.32920684958983
shanghai,0077150,0114529,4.973901749896862,8,49.31728034989548
shanghai,0077152,0114531,5.183583370043167,10,55.897140821962964
shanghai,0077152,0114529,5.080323652735321,6,43.74327462160867
shanghai,0077152,0086152,4.606599182540287,5,25.050704923277973
shanghai,0077155,0086415,5.34223996151568,5,47.59685309519233
shanghai,0077156,0086415,4.088571641411085,9,28.86572526835428
shanghai,0077156,0086421,5.459728735872793,6,46.63546803242889
shanghai,0077156,0086419,5.289196372768456,13,67.39497410129674
shanghai,0077156,0077158,3.9420682106265383,6,22.706747298952358
shanghai,0077158,0086415,4.825215937932046,17,58.61496035108044
shanghai,0077158,0086417,5.590434768638684,7,61.176330374046366
shanghai,0077158,0077159,5.58562505317589,5,60.010616861639335
shanghai,0077162,0235106,5.065504447728279,5,37.25706977774954
shanghai,0077162,0109082,5.836828448690801,6,74.96595095976193
shanghai,0077162,0085975,5.7618483577621324,5,55.54056526991418
shanghai,0077166,0235102,5.3332837441394085,8,55.66826488434976
shanghai,0077167,0077169,5.824446044788719,5,63.54510743773744
shanghai,0077167,0084104,5.626001451582097,9,75.12057102205769
shanghai,0077175,0084108,6.578562347203797,5,97.95665861175074
shanghai,0077181,0164332,4.3985186395008755,6,27.91138188573893
shanghai,0077188,0164332,4.396376920318024,5,27.67328982653841
shanghai,0077189,0086715,6.072317491706934,5,60.40420185724101
shanghai,0077190,0084136,5.793319323276456,5,59.391833984204936
shanghai,0077191,0235668,6.011301225094953,6,72.22294294018121
shanghai,0077191,0114348,4.843999942504972,7,40.22909086672484
shanghai,0077191,0086688,4.818740199943166,7,36.22361839304976
shanghai,0077191,0084699,3.865497087748664,6,17.71851194212095
shanghai,0077194,0084699,5.460158731930339,7,54.11463213614993
shanghai,0077196,0115587,6.233779482902153,6,88.22878566951026
shanghai,0077197,0115587,6.211562211596706,6,80.72628160311174
shanghai,0077202,0086697,5.84281534223448,13,84.62377652965436
shanghai,0077205,0084143,6.038269658314405,11,101.9891111935974
shanghai,0077205,0084698,5.641529849617766,6,55.61791220920847
shanghai,0077210,0113761,5.724292897148675,12,81.2719249721879
shanghai,0077210,0113762,5.715793676260115,10,78.55537161832734
shanghai,0077210,0113763,5.6953717384174185,7,72.39346230752044
shanghai,0077210,0165045,5.583779576565911,6,46.32803791322987
shanghai,0077223,0082471,7.090813729281323,7,142.104985857514
shanghai,0077270,0077271,6.723487958643131,5,111.48150608487423
shanghai,0077271,0077273,6.664646960143506,5,88.10195456359935
shanghai,0078693,0078704,6.614104111590669,5,106.72036320870339
shanghai,0078693,0078699,6.581854240063502,5,93.80446905931015
shanghai,0078706,0078707,6.172302302396678,6,92.19041114702982
shanghai,0078706,0078711,6.127767994847024,5,77.14747843757361
shanghai,0078706,0078710,6.1229913339386846,5,75.68744167783224
shanghai,0078818,0078819,4.969572280004221,7,49.836322368823616
shanghai,0078819,0078820,5.012140728947766,13,63.83247334371843
shanghai,0078843,0078844,7.047168448295387,5,142.10342218825397
shanghai,0078865,0078883,7.263147325070146,5,142.11034307129282
shanghai,0078879,0078880,7.331741064807567,5,142.11215563909627
shanghai,0078927,0078930,6.127858664051804,7,86.4903071587918
shanghai,0078933,0078936,3.4919672950454475,16,30.60551494342658
shanghai,0078933,0100446,2.5004789036585873,9,11.206745587443349
shanghai,0078933,0100452,2.5568113869063867,11,11.40917858528266
shanghai,0078933,0100448,3.4692399466710464,5,15.70212894090786
shanghai,0078933,0100454,2.723299236265839,5,10.23522455421425
shanghai,0078934,0078936,4.840382884879509,12,59.8629239539243
shanghai,0078936,0109250,3.6149154541303092,6,20.456257196381728
shanghai,0078936,0100454,3.08008899203831,5,14.14058680720797
shanghai,0078936,0100446,2.7276607652239697,9,13.59770165568288
shanghai,0078950,0078952,5.7532086876760165,15,105.2914776937341
shanghai,0078950,0078951,5.044394817586476,5,39.571204763496894
shanghai,0078951,0078952,5.445130598545894,6,62.09736503279055
shanghai,0078957,0100793,5.872752525726823,8,91.00917641338133
shanghai,0078957,0100786,5.863396707517384,7,87.66625680780615
shanghai,0078957,0100788,4.052916581566271,5,23.9280281437337
shanghai,0078959,0078961,6.411156388499363,5,79.41284588787701
shanghai,0078961,0078962,5.56647578931521,5,46.713200255617494
shanghai,0078962,0078969,6.738720871238079,6,111.25852995929252
shanghai,0079037,0115635,5.390386988457721,5,41.081486827060594
shanghai,0079061,0079068,6.021813395534353,5,75.25058916768128
shanghai,0079061,0079062,5.4839545382886685,5,48.93356032153365
shanghai,0079062,0079069,6.269144874598903,6,89.38868697678157
shanghai,0079062,0079064,5.452922438597223,5,51.63403044213254
shanghai,0079064,0079066,6.478934309904751,7,109.65697899530086
shanghai,0079065,0079068,6.516379325419703,5,101.31416172418623
shanghai,0079165,0079170,5.72552955587773,7,67.80342194594502
shanghai,0079170,0079172,5.761290189581064,10,78.23015598828786
shanghai,0079170,0079174,5.262555294788757,7,54.30200110483025
shanghai,0079170,0109587,5.184912464305644,6,48.64842034979281
shanghai,0079174,0109587,5.742005044247903,6,62.154760352689266
shanghai,0079277,0079279,6.24751397159781,7,92.84772070238186
shanghai,0079277,0079315,6.521478495935488,5,86.35758898300416
shanghai,0079310,0079312,7.084868733269771,5,142.104778182772
shanghai,0079477,0079489,7.007933496441006,5,142.10193671356768
shanghai,0079604,0079617,7.023969706041163,7,142.10255326502894
shanghai,0079784,0079803,4.85063185002108,6,40.62840208731039
shanghai,0079784,0079802,4.439840586813236,6,33.77983384107822
shanghai,0079785,0079791,4.7620261340023164,5,27.40694264438895
shanghai,0079786,0079806,5.863655021073179,7,72.47265918560957
shanghai,0079787,0079810,4.511362291236421,21,57.49474279573559
shanghai,0079787,0079795,4.312375313017031,6,29.87386684800719
shanghai,0079787,0079808,4.30807121700266,10,33.60487440166923
shanghai,0079787,0079807,3.522644168694356,13,26.077855426600483
shanghai,0079787,0079792,3.111406894277131,7,15.48272254485228
shanghai,0079787,0079793,3.0390438972369465,7,14.696439701880884
shanghai,0079787,0079804,2.545327777576383,6,8.970182768812993
shanghai,0079787,0079798,2.2865490996483313,6,9.279425109575298
shanghai,0079788,0079793,3.774795079911619,5,17.146275403588625
shanghai,0079788,0079798,3.456485258486736,5,17.10191904097398
shanghai,0079788,0079799,6.2526236151622845,6,91.59715406918693
shanghai,0079789,0079802,4.07746782784976,14,39.24211548821732
shanghai,0079789,0079791,2.9710975605311196,7,13.463340610307151
shanghai,0079789,0079800,3.951997702427014,7,23.78862970531697
shanghai,0079789,0079805,3.9312617488759622,20,39.59336640908864
shanghai,0079790,0079806,5.821849574807387,6,61.312736278290856
shanghai,0079791,0079816,2.7124117482146195,6,9.834427304566473
shanghai,0079791,0079802,3.5604972013385074,12,26.62844948646812
shanghai,0079791,0079803,3.204242912162308,6,14.793644146597623
shanghai,0079791,0079800,3.4275061312471555,7,16.019790583292284
shanghai,0079791,0079805,3.414237427814368,19,26.835146978515503
shanghai,0079791,0079813,3.199194928378984,8,16.068648152954776
shanghai,0079791,0079801,3.0680908175405177,7,14.815512935448655
shanghai,0079791,0079806,3.02236839060647,5,10.57977332227632
shanghai,0079792,0079793,4.424284515172865,19,52.07470490089291
shanghai,0079792,0109290,4.2588460723746815,5,22.40975097539774
shanghai,0079792,0079804,3.532593140535014,9,21.477867168661238
shanghai,0079792,0079807,3.1977896966688357,7,16.399450443518337
shanghai,0079792,0079798,2.588758796245548,7,11.121625886414057
shanghai,0079793,0079804,3.794801326399214,11,28.60381836354816
shanghai,0079793,0079810,3.419171402010634,7,17.08614176722604
shanghai,0079793,0079798,2.7317573361469982,9,13.168632204234166
shanghai,0079795,0079798,3.7050788512758466,7,19.923271911324555
shanghai,0079797,0079814,6.3279304059949695,8,109.33825489759283
shanghai,0079797,0079812,5.787083582740721,5,68.3679855748659
shanghai,0079798,0079816,2.5943540804549787,7,10.671263447562042
shanghai,0079798,0079803,3.2675196961863175,12,19.34864226655361
shanghai,0079798,0109290,3.952015956097358,6,23.147712747348205
shanghai,0079798,0079804,3.0689749471822507,11,18.839520960271255
shanghai,0079798,0079808,3.0313298012756817,5,11.371405512463234
shanghai,0079798,0079801,3.031274818920715,11,17.496247126412907
shanghai,0079798,0079807,2.8935830507858418,12,16.877816868253923
shanghai,0079798,0079810,2.810934171961696,8,12.639904660993464
shanghai,0079798,0079805,2.7157749564341627,13,16.113850034138935
shanghai,0079798,0079813,2.581567531731439,6,10.467879420021683
shanghai,0079800,0079802,3.5710188319666623,5,17.610645970847283
shanghai,0079800,0079805,3.716443500060943,10,23.84129080555068
shanghai,0079801,0079802,2.7189673707211606,5,9.859853137092708
shanghai,0079801,0079805,3.3767083551394164,11,22.528857652095628
shanghai,0079801,0079813,4.5802737206093305,18,56.41439385983889
shanghai,0079802,0079813,3.1418004860153586,6,14.414076424802097
shanghai,0079802,0079805,3.0190070760687524,13,17.068210351874477
shanghai,0079803,0079807,3.2428486601418482,6,14.905641581661232
shanghai,0079803,0079804,3.145525321780063,5,12.595181183584547
shanghai,0079803,0079805,2.914087454730984,6,12.231023263340811
shanghai,0079804,0079807,4.0260158086904925,19,39.2164973535421
shanghai,0079805,0079806,3.3033325912013165,6,15.6395204301935
shanghai,0079805,0079811,3.8215614556161954,6,19.664076938914274
shanghai,0079805,0079813,2.5265939046242982,5,8.965415011846515
shanghai,0079806,0079812,5.089506582402602,6,40.73826251789623
shanghai,0079807,0079816,2.8968706233393506,7,11.510577822572557
shanghai,0079807,0079808,3.7199482799206027,5,18.035909760253034
shanghai,0079807,0079810,3.1646494103200107,6,14.331267349703856
shanghai,0079809,0079816,4.457009098182557,7,33.5636085389735
shanghai,0079809,0079815,6.192306362310277,9,111.76827679775688
shanghai,0079811,0079816,4.811876414651771,5,39.81150655386682
shanghai,0079813,0079816,2.946247594325543,5,10.34563045951452
shanghai,0079816,0109291,5.292033329609867,5,52.47845819175854
shanghai,0079816,0107248,5.24224669398964,5,43.002412671339584
shanghai,0079878,0079884,7.270922662475781,5,142.1105569602424
shanghai,0080437,0146793,7.085745963476941,5,142.1048089304162
shanghai,0080572,0080573,6.880063547431389,8,142.09651896555175
shanghai,0080733,0080734,6.603986995651713,8,142.08113891993247
shanghai,0081927,0081952,5.963415693453082,10,89.77345269997132
shanghai,0081927,0081935,5.887174104268406,5,66.17633673532735
shanghai,0081927,0081940,5.873555017213655,5,62.66772734239338
shanghai,0081927,0081936,5.869661641188855,5,61.699331464658435
shanghai,0082003,0146657,3.386136308752783,14,27.260342632960956
shanghai,0082003,0146651,3.112772178141319,8,18.56684169471758
shanghai,0082003,0146653,3.0368266600724363,10,19.048374270296815
shanghai,0082003,0146655,3.0335980174412143,13,21.065322300971904
shanghai,0082003,0146654,2.7731683337236657,8,14.856846555714439
shanghai,0082003,0146656,2.703162309355913,7,13.797263869538522
shanghai,0082003,0146674,1.3630570976652294,5,3.5671247577665826
shanghai,0082004,0146651,3.637850622488889,13,30.7580433128969
shanghai,0082004,0146653,3.2814053151084313,12,23.763339404366334
shanghai,0082004,0146654,2.9919985375169107,9,18.08059732246541
shanghai,0082004,0146655,2.5139358999357304,8,11.997886698259478
shanghai,0082004,0146656,3.1098038013986207,11,20.352620360845414
shanghai,0082004,0146658,3.3701866625898704,6,19.196732949246734
shanghai,0082005,0146653,3.4004930033106078,13,27.09432688904321
shanghai,0082005,0146654,2.8083364294827273,8,15.132164785475998
shanghai,0082005,0146655,3.3119470348232314,16,27.482452570240703
shanghai,0082005,0146656,2.816771699172362,8,15.234482746504053
shanghai,0082005,0146657,3.4406344291661286,14,28.300110282727857
shanghai,0082047,0089729,5.873510437416345,5,70.56989315145682
shanghai,0082048,0089729,5.877859871958344,5,71.80839197513251
shanghai,0082050,0089729,5.832746389303511,5,59.952190433639366
shanghai,0082076,0084660,5.529810122716579,6,54.65522790335963
shanghai,0082079,0143455,6.031555504429328,5,72.26531908995236
shanghai,0082079,0146788,5.29141863808759,5,46.231220396230285
shanghai,0082079,0155085,4.578484609236107,6,26.853804239626104
shanghai,0082081,0084660,5.485178547103696,5,45.719210432145736
shanghai,0082175,0082186,6.882066002027741,6,142.09661112282447
shanghai,0082181,0109572,7.203237133769904,6,142.10861850341686
shanghai,0082190,0082195,4.66814240408159,7,43.27451854913216
shanghai,0082193,0082195,4.654531184433142,6,40.981432448754255
shanghai,0082194,0082195,3.175839420614106,6,16.295963700173328
shanghai,0082194,0082199,4.883351864873607,11,62.51137455328298
shanghai,0082194,0082196,4.7546490595348985,5,40.75678169947846
shanghai,0082194,0082198,4.158357839824739,5,29.09868721134096
shanghai,0082195,0082202,4.763057299991887,15,63.258123823708324
shanghai,0082195,0082198,4.576716825062193,20,63.48116044013961
shanghai,0082195,0082199,4.2392609932698955,16,46.92223746492259
shanghai,0082195,0082196,4.162865898183136,7,32.24242635302801
shanghai,0082350,0089056,6.429477603245384,5,92.47760957739135
shanghai,0082388,0089533,6.494036598722502,6,98.3245586335441
shanghai,0082405,0082407,6.270374982327512,5,96.53383403526074
shanghai,0082405,0082408,5.597146234166177,6,70.1280249391904
shanghai,0082408,0132696,6.162579794869477,7,105.03506188708263
shanghai,0082430,0082431,6.908552900692908,6,142.0978072351711
shanghai,0082446,0171386,7.040165411388348,5,142.1031627114689
shanghai,0082462,0193567,6.3059618390445324,6,101.11791441009386
shanghai,0082493,0143169,6.890733225962663,6,142.09700718197624
shanghai,0082579,0188810,5.975518311009205,5,77.62771101682637
shanghai,0082580,0188811,5.927465261653064,6,75.56613026944238
shanghai,0082581,0188811,5.463832170272627,7,67.26373611388999
shanghai,0082581,0188809,6.233526203939726,6,94.21658585765002
shanghai,0082582,0188810,5.995941478578058,6,84.23555785768917
shanghai,0082583,0188810,5.408407137303191,7,60.0182805338794
shanghai,0082583,0188811,5.314573466897425,6,55.776041473567005
shanghai,0082792,0082793,6.667917512895675,7,142.08521968118046
shanghai,0082794,0082804,5.262061529266867,10,73.30164363987168
shanghai,0082794,0082803,4.364164386562227,6,35.625721297755135
shanghai,0082798,0082803,5.266698358024464,10,73.76656602392706
shanghai,0082803,0112115,5.236112976230572,8,65.27205957684306
shanghai,0082803,0082804,4.804867771777084,13,63.39063187501782
shanghai,0082810,0089605,6.218587407644571,5,79.03476466732967
shanghai,0082815,0096452,6.795852765544358,6,142.09241197311223
shanghai,0082896,0082900,6.299150838765246,6,100.73028385158295
shanghai,0082899,0082900,6.2977766061983305,6,100.17809556607976
shanghai,0083014,0086387,5.483925024605134,5,50.98826153587239
shanghai,0083025,0084090,5.215546847889113,6,48.39231665271831
shanghai,0083366,0083410,5.989629299277056,8,96.51517772298676
shanghai,0083409,0117378,5.560316497239632,6,63.25269356746627
shanghai,0083409,0089694,4.647661201209497,11,48.282151658283965
shanghai,0083410,0143442,5.922275473440105,5,73.7207992715207
shanghai,0083569,0105299,6.655518678384622,7,142.08445519902497
shanghai,0083950,0083951,6.7541352022524785,7,142.09020008576033
shanghai,0083990,0083991,6.900482877678709,6,142.09744726797004
shanghai,0084079,0084667,6.776006719366035,9,142.09137506015526
shanghai,0084080,0084660,4.9572337371279085,14,59.39494558535603
shanghai,0084080,0155085,4.9887519463237195,8,47.40177952771923
shanghai,0084080,0097844,5.6515141257513575,5,55.50611632839338
shanghai,0084080,0117103,5.638381235038547,5,52.665556021878245
shanghai,0084090,0114345,4.45357949183042,13,38.61123636783532
shanghai,0084090,0109179,5.26894684207958,8,59.915847198319575
shanghai,0084090,0109180,5.253031980387385,7,56.22050703871684
shanghai,0084090,0114344,4.3171312329024945,5,25.94706828496101
shanghai,0084090,0232289,4.168234284805375,6,24.468216272582243
shanghai,0084117,0109188,4.7371838816425305,5,33.58098795772564
shanghai,0084129,0115423,7.36660424683924,5,142.11301526739592
shanghai,0084132,0084665,4.225403241186466,6,24.103866885206475
shanghai,0084134,0114231,4.388782799612922,5,25.351143890935106
shanghai,0084134,0109286,6.321039517713662,5,88.08749140747399
shanghai,0084134,0084658,4.765534424467797,5,34.15323470956385
shanghai,0084136,0097849,5.841348664363924,5,71.9717806127117
shanghai,0084136,0114348,4.871477955866443,7,44.998405945444446
shanghai,0084136,0084699,4.280241667857195,6,29.256460445392342
shanghai,0084143,0084698,5.565466126961304,5,50.993748054849796
shanghai,0084144,0084708,6.692244922873355,5,94.890069117094
shanghai,0084179,0084180,6.869316783312663,7,142.09602015053883
shanghai,0084189,0084197,4.886870102018864,5,33.45122355395006
shanghai,0084194,0084196,4.55706264781446,13,45.01625780470067
shanghai,0084194,0084197,4.392454654485069,10,40.03108901008547
shanghai,0084196,0084197,4.830399008669714,40,88.94086840020438
shanghai,0084197,0126733,2.1157676537421297,5,5.814156486235685
shanghai,0084197,0084201,4.898082489980902,5,34.98564786344053
shanghai,0084224,0232392,6.553038348083841,12,142.07762834229996
shanghai,0084614,0084725,6.642481466100256,5,75.8732450146905
shanghai,0084622,0086419,6.1771517222358385,5,77.22336796460272
shanghai,0084656,0086664,3.0575683981728643,6,12.899837012110838
shanghai,0084656,0084710,5.325508142075187,14,73.94282831893575
shanghai,0084658,0114229,3.855142921568963,5,16.751082571616262
shanghai,0084658,0114231,4.002586689201199,7,22.109022099527266
shanghai,0084658,0091111,5.75203050970293,5,67.69842991594618
shanghai,0084658,0201701,4.911480099795532,6,39.60769354342754
shanghai,0084658,0115208,4.725252876230119,5,28.084018029342943
shanghai,0084660,0164310,5.552338067729589,5,59.809029924744706
shanghai,0084660,0155085,4.673059490253675,7,36.6373621746315
shanghai,0084661,0084729,6.574548674988791,5,105.24894079142453
shanghai,0084661,0114233,6.042902218968111,5,71.4143103774067
shanghai,0084662,0086198,3.842050996786564,7,22.168957964879628
shanghai,0084665,0114215,4.159301918787394,7,26.95896533903173
shanghai,0084665,0114216,4.468615930006507,9,37.49095922570836
shanghai,0084665,0147752,5.040813991571558,5,42.4190276122649
shanghai,0084665,0147754,5.027278221225207,5,40.18339877873614
shanghai,0084665,0084727,4.891617661543217,13,60.089062084781055
shanghai,0084665,0114601,4.5494080233834575,5,33.04654110061037
shanghai,0084665,0089120,3.49157227205545,5,16.48539661754046
shanghai,0084670,0164332,3.896679306785539,7,22.170006173401244
shanghai,0084670,0085994,5.8695739206360225,5,62.94068683219084
shanghai,0084671,0164332,4.34087766497166,5,22.164029021761554
shanghai,0084675,0109187,4.810121029028427,11,51.01248741535939
shanghai,0084675,0109188,4.674185886116583,5,35.49270542474292
shanghai,0084676,0109398,6.069543707867785,6,74.96914669082993
shanghai,0084677,0235102,5.2562527254895555,5,40.9063848323037
shanghai,0084681,0235123,4.358473859238486,5,29.127748317820615
shanghai,0084681,0115635,5.073540741407356,9,52.58907919398898
shanghai,0084683,0109126,5.89361649271055,11,97.19740633334312
shanghai,0084683,0085529,5.8062347433117125,5,68.52626001590103
shanghai,0084683,0114700,5.794974388416233,5,65.5082186354205
shanghai,0084689,0147717,5.204045135366539,9,60.15656171462483
shanghai,0084689,0147715,5.118526185115663,7,49.77823759111165
shanghai,0084689,0147721,4.912296829053827,5,42.88127730943201
shanghai,0084689,0147710,4.3282667732374875,8,34.13593639514335
shanghai,0084689,0147707,3.9669689535974797,5,19.020820539697105
shanghai,0084690,0115638,5.482320239447138,9,65.29354639510082
shanghai,0084692,0084693,5.982132046346073,8,91.5231484403374
shanghai,0084693,0100828,5.966893772477891,8,86.11114393791605
shanghai,0084693,0219975,5.90112853766614,5,66.19321028316648
shanghai,0084696,0115587,6.198717715797428,6,76.68347301591116
shanghai,0084699,0097848,5.529826281114421,8,71.5055315214323
shanghai,0084699,0114157,5.432152991169429,5,48.37976514865493
shanghai,0084699,0114348,4.2002842049887965,6,26.785531113996488
shanghai,0084699,0086688,3.6507603308248653,5,14.228891043378459
shanghai,0084701,0089092,7.02008536599947,5,142.10240512966965
shanghai,0084702,0086697,5.743440032347528,5,56.866933237670814
shanghai,0084705,0091074,7.076173628656705,5,142.10447145933506
shanghai,0084708,0146818,5.788120057714527,5,62.087983947662465
shanghai,0084717,0100662,7.394998377853331,5,142.11368645546935
shanghai,0084718,0086224,5.457737561729458,5,47.992415846103846
shanghai,0084718,0086228,5.623035574504301,5,56.41848868308966
shanghai,0084724,0084725,6.757379310408367,5,120.13973172382637
shanghai,0084727,0114215,5.004545085461712,6,41.91085623501484
shanghai,0085537,0085775,7.1516681745603945,6,142.10701962823688
shanghai,0085762,0085763,7.073360650705413,5,142.1043714666496
shanghai,0085792,0085795,6.970272218831419,6,142.10043582991875
shanghai,0085811,0109272,4.643985305137421,5,32.5156569233549
shanghai,0085811,0114226,3.9475798830296984,8,25.28399966209498
shanghai,0085811,0085813,2.899391638738333,6,13.041410471450199
shanghai,0085813,0235084,4.699221075666089,5,28.393960870083017
shanghai,0085813,0235081,4.220221275901463,7,26.772325171055584
shanghai,0085813,0100696,3.708166265436417,5,16.40749874017772
shanghai,0085813,0114226,3.639565961955519,8,21.832108280518888
shanghai,0085813,0114337,3.061641056869542,5,10.0542656421423
shanghai,0086148,0086152,6.086002722041639,7,92.9055304237098
shanghai,0086148,0235092,5.142266026877363,5,37.57950691472251
shanghai,0086196,0086198,2.9275832761129523,9,15.338439070154044
shanghai,0086196,0086199,4.426511799229345,5,27.985608841392814
shanghai,0086198,0086199,3.929519346784593,8,23.81313825036242
shanghai,0086198,0086201,3.8108640178172815,9,26.712125257860787
shanghai,0086198,0177556,3.6895647040118797,6,17.917614066495585
shanghai,0086198,0089230,3.146366230379434,5,10.009460131896576
shanghai,0086200,0086201,5.991614427375329,5,73.63619578533876
shanghai,0086220,0086228,6.201896532300993,6,89.5669376525809
shanghai,0086224,0086228,5.136140926500488,5,43.7161686272255
shanghai,0086238,0235092,6.388523637740757,5,80.47572453380835
shanghai,0086266,0089242,6.4281462841959955,5,84.69641982177528
shanghai,0086385,0086388,5.877233626940074,5,62.4675820953799
shanghai,0086387,0086391,5.13249357489395,9,58.49952103625753
shanghai,0086387,0086388,4.99809532157634,11,56.90470125551484
shanghai,0086388,0086391,5.136274930852617,7,49.48087523390969
shanghai,0086527,0164332,4.386264253709469,5,26.576224900204476
shanghai,0086603,0164114,7.085046345228117,5,142.10478441112198
shanghai,0086663,0086664,3.4384074614467464,5,17.33400303753817
shanghai,0086663,0118436,4.3378369634814735,5,23.67161482390258
shanghai,0086663,0147702,2.3048954436641287,6,7.746239770701142
shanghai,0086663,0232402,5.637628249151107,5,53.052849193932715
shanghai,0086663,0147701,4.3507954491051075,7,27.424928709411194
shanghai,0086664,0113528,4.877511173409839,7,42.75399223089081
shanghai,0086664,0089352,4.196664890938256,6,25.409392386152977
shanghai,0086664,0147702,1.9617352602778293,8,7.625484450726937
shanghai,0086664,0147704,1.7412614080251838,5,4.828241457394316
shanghai,0086664,0147706,1.7183795441223462,5,4.7124019366491
shanghai,0086669,0143645,5.5394418774039735,10,76.26966897016416
shanghai,0086669,0164764,5.537725144909723,10,75.7477246226305
shanghai,0086669,0089060,5.497164462100941,6,64.40335156675307
shanghai,0086672,0164332,3.694053928118403,7,20.379468605427135
shanghai,0086672,0086715,5.1536435092707675,5,42.12548986917489
shanghai,0086672,0086787,5.194531151409755,5,37.26198381528558
shanghai,0086673,0164332,4.37474855602156,5,25.379816308537418
shanghai,0086687,0086688,6.062672358461929,5,86.61542947289628
shanghai,0086688,0114348,4.540294070650767,7,29.578799619084183
shanghai,0086689,0086690,6.011838500736832,6,82.2813626139501
shanghai,0086690,0086691,6.040590232084427,7,92.30991440379469
shanghai,0086690,0235666,5.971013372696278,6,69.88451634457925
shanghai,0086695,0086697,5.793000913558665,5,69.33553593851579
shanghai,0086697,0234906,5.312743118290697,7,53.400323420689055
shanghai,0086704,0164332,4.4077916817757865,7,28.966115842565454
shanghai,0086711,0164332,3.8888507596478705,8,23.341506759260916
shanghai,0086711,0086715,5.467669196845275,5,54.28814389217632
shanghai,0086714,0164332,4.359289753297886,5,23.85798623058166
shanghai,0086733,0147768,5.685561989241321,5,60.93312952583916
shanghai,0086787,0164332,4.156567272915711,9,29.928820773358414
shanghai,0087004,0087006,6.756181684009831,8,142.0903114849554
shanghai,0087870,0089057,5.861900625994473,5,58.181650992432296
shanghai,0087936,0118416,6.1996556675949845,6,87.38759714411265
shanghai,0088483,0165162,6.951571056312559,5,142.09966207254183
shanghai,0088661,0088837,6.385269053371527,5,96.00482022684338
shanghai,0088662,0088838,7.087890580628415,5,142.10488394975843
shanghai,0088704,0091558,6.338415444052476,11,142.0599186848823
shanghai,0088709,0091563,7.010957932198463,5,142.1020540063497
shanghai,0088715,0091569,6.901598732749945,5,142.09749727226776
shanghai,0088794,0091648,6.998872013121136,5,142.10158244893486
shanghai,0088826,0091680,6.90553200043709,5,142.0976729398532
shanghai,0088832,0091686,6.876632151857349,5,142.09636047213297
shanghai,0088834,0091688,6.896449699662915,5,142.09726590934562
shanghai,0088835,0091689,6.920270102670114,5,142.09832304000446
shanghai,0088837,0091691,6.407007569839272,5,104.72652899003394
shanghai,0088865,0091719,6.944311757230325,5,142.09935648358515
shanghai,0088880,0091734,6.9840070574102695,5,142.10099194335922
shanghai,0088947,0091801,7.082281182425622,5,142.10468727719913
shanghai,0089017,0089399,7.103048072236793,5,142.10540809130163
shanghai,0089018,0089400,7.085571428219821,6,142.10480281567663
shanghai,0089026,0091879,6.759714354792774,7,142.09050307029733
shanghai,0089029,0091882,6.977484738125251,5,142.1007291290856
shanghai,0089046,0091899,7.014625883553541,5,142.10219562256532
shanghai,0089047,0091900,6.946389833602349,5,142.09944426509205
shanghai,0089053,0091906,6.74957860002255,6,142.0899509548497
shanghai,0089056,0091909,6.467942689237913,5,107.85922456011166
shanghai,0089057,0091910,5.987107923199099,8,96.0048987490787
shanghai,0089058,0091911,6.7924736588527646,6,142.0922373546185
shanghai,0089063,0091916,6.902621124110229,5,142.0975430229547
shanghai,0089065,0091918,6.864615574204247,6,142.09579968484965
shanghai,0089066,0091919,7.0070887247212505,5,142.10190386728178
shanghai,0089080,0091933,6.878721674449877,5,142.09645707183608
shanghai,0089088,0091941,6.592087634166982,8,142.08034021805454
shanghai,0089093,0091946,6.776706343094706,6,142.0914120824758
shanghai,0089098,0091951,6.890106937811981,5,142.09697871615373
shanghai,0089104,0091957,6.2449828623046555,7,111.37456671288953
shanghai,0089105,0091958,6.8612840726206255,6,142.09564261355644
shanghai,0089106,0091959,6.557215280813563,8,142.07792520952947
shanghai,0089107,0091960,6.824719791029046,6,142.09387206637524
shanghai,0089108,0089491,7.178942414545651,5,142.10787894102728
shanghai,0089110,0227624,5.049655851235992,5,46.28581746509001
shanghai,0089110,0117787,4.328278313596145,5,28.761262998162945
shanghai,0089110,0236764,4.042214770932898,5,25.169531875072916
shanghai,0089114,0091968,6.566658913626296,8,142.07859033353273
shanghai,0089120,0091974,5.83323825111484,9,97.54639596708616
shanghai,0089120,0144076,5.712610307939379,7,60.2086691758988
shanghai,0089121,0091975,6.153457331179912,10,120.8593250589516
shanghai,0089126,0091980,6.87185008809893,7,142.09613837947293
shanghai,0089127,0091981,6.535384168448,8,142.07635518360786
shanghai,0089129,0089512,7.281110042736361,5,142.11083386618444
shanghai,0089134,0091989,6.7407002046521916,7,142.08946116173442
shanghai,0089138,0091993,6.823472061991687,6,142.09381011150074
shanghai,0089141,0091996,6.6382858077802664,5,116.7082469334463
shanghai,0089148,0092004,6.976042645477922,5,142.10067071135418
shanghai,0089153,0109585,6.041456944992667,6,75.04827067367249
shanghai,0089170,0108520,6.395687123941372,11,142.0651505500104
shanghai,0089171,0155222,4.2194166691558666,6,23.01698790732693
shanghai,0089178,0092034,6.776732382835441,6,142.0914134597666
shanghai,0089187,0092043,6.252984694692356,12,142.05133296590782
shanghai,0089191,0092047,6.78126241381441,6,142.0916523353187
shanghai,0089196,0092052,6.757420068231092,7,142.09037874829616
shanghai,0089197,0092053,6.927971731756917,5,142.0986577119082
shanghai,0089199,0092055,6.91154431548386,5,142.09793968773616
shanghai,0089222,0089605,6.196387625403762,5,72.31912997411015
shanghai,0089228,0090355,4.600759349991725,5,29.71572034282995
shanghai,0089228,0138981,4.993457241623735,5,44.360438916259746
shanghai,0089230,0089613,6.293835445417639,9,94.26013866157065
shanghai,0089235,0089618,7.045020494381103,5,142.1033428596279
shanghai,0089242,0092099,5.940929021722046,5,82.72769597796399
shanghai,0089245,0089628,6.962802424862137,5,142.1001290806392
shanghai,0089255,0092112,7.066091183538618,5,142.10411131589152
shanghai,0089258,0092115,6.376658075549831,11,142.06345633920412
shanghai,0089269,0092126,5.518629706667494,14,97.50877358015106
shanghai,0089269,0146967,4.897400893138142,6,42.67107937868134
shanghai,0089269,0155452,4.786305817710813,10,53.16269191895681
shanghai,0089273,0092130,6.8639400483756505,6,142.09576789200204
shanghai,0089295,0089678,4.757264386726248,6,36.06963533084753
shanghai,0089300,0089683,5.70616523813556,6,61.28799347244661
shanghai,0089300,0118696,5.384620327200149,8,59.43744538178646
shanghai,0089310,0092167,6.145588226094913,5,79.72223465103465
shanghai,0089322,0089703,5.837858057722694,8,72.92278776664563
shanghai,0089329,0092186,6.744624052406478,6,142.089678343216
shanghai,0089332,0092189,5.62491338380154,7,74.62552541559316
shanghai,0089335,0092192,6.117755932556424,6,94.57672039466017
shanghai,0089336,0092193,6.888003373196626,5,142.09688293150697
shanghai,0089337,0089717,7.18909337648062,5,142.10819086553357
shanghai,0089341,0092198,5.925327963935545,8,100.15353469919208
shanghai,0089341,0089721,5.860389865461232,7,77.24266514129448
shanghai,0089341,0146721,4.8431448312086856,5,36.997725114447206
shanghai,0089345,0089725,5.818102550611754,6,68.32231728515893
shanghai,0089352,0147705,4.413039984914058,5,29.818143068376145
shanghai,0089353,0092210,6.800677412633874,6,142.09265993163254
shanghai,0089361,0119634,6.368212268899774,5,102.1519334287336
shanghai,0089361,0092218,6.35970956955314,5,98.73608189844448
shanghai,0089367,0092224,6.120314511712954,5,90.14211121497156
shanghai,0089370,0092227,6.878585395937718,5,142.09645077981102
shanghai,0089372,0092229,6.95571405213859,5,142.09983515578182
shanghai,0089373,0089753,7.30996528668062,5,142.11159807836793
shanghai,0089375,0092232,6.920926688084614,5,142.09835170591498
shanghai,0089383,0092240,6.191262418919419,7,103.68728260170052
shanghai,0089383,0165161,6.174847935172526,7,97.0980736517484
shanghai,0089402,0092259,6.886034655029376,5,142.09679304331956
shanghai,0089406,0092263,6.526603995383018,5,104.82803898987585
shanghai,0089406,0234771,6.504367789554744,5,95.90675912760847
shanghai,0089409,0092266,6.089507695955912,10,115.78781836594104
shanghai,0089409,0143446,6.004064807252868,5,82.2684605908533
shanghai,0089413,0092270,6.959662380307418,5,142.09999921892734
shanghai,0089416,0092273,6.0113303114123395,7,95.68893158574036
shanghai,0089420,0092277,6.1460661156896785,6,100.51653510674971
shanghai,0089426,0173086,7.326419889359747,5,142.1120208832445
shanghai,0089443,0092300,6.015849873667169,5,86.6087682048705
shanghai,0089454,0092311,6.990267452787946,5,142.1012420628713
shanghai,0089455,0112419,6.817582097812058,7,142.0935162548716
shanghai,0089459,0092316,6.55008965919475,8,142.07741777228446
shanghai,0089481,0092338,6.381589427468087,5,97.32290414056158
shanghai,0089503,0092361,6.8618299836673495,6,142.09566839960766
shanghai,0089508,0092366,6.46531179458706,9,142.07099562297677
shanghai,0089529,0092387,7.00164580599736,5,142.10169134711188
shanghai,0089533,0092391,6.504585301929198,5,102.56211779452292
shanghai,0089545,0092403,6.9602095833212845,5,142.10002188854472
shanghai,0089547,0092405,7.004934046365936,5,142.10181992168765
shanghai,0089549,0092407,6.744528158101986,6,142.08967304908535
shanghai,0089550,0092408,6.989746155518477,5,142.1012213152473
shanghai,0089554,0155222,3.871789385082095,10,24.342305491259346
shanghai,0089554,0155325,3.3479314558760294,5,14.636114919650517
shanghai,0089555,0092413,6.824569776732234,6,142.09386462299886
shanghai,0089563,0146725,6.048768353606721,8,99.89880777165435
shanghai,0089567,0092425,6.941997630595361,5,142.09925844425064
shanghai,0089572,0125449,5.761036977539976,5,70.17620476767141
shanghai,0089572,0092430,6.402545035322836,5,99.27224571361822
shanghai,0089579,0092437,6.9294687247402065,5,142.0987223652995
shanghai,0089591,0193567,6.3026508795933465,5,99.7875541356324
shanghai,0089594,0092452,6.797525387706109,6,142.09249811676384
shanghai,0089597,0092455,6.958104848894272,5,142.0999346026437
shanghai,0089605,0092462,6.260074627638038,5,93.30154756781613
shanghai,0089607,0092464,6.910913830253361,5,142.09791181530704
shanghai,0089611,0118576,4.9761024212548,6,48.29539480917712
shanghai,0089611,0138975,3.3711473919006565,5,12.930351184923214
shanghai,0089611,0138984,4.28716511215439,6,26.493627390496783
shanghai,0089615,0092472,6.433183677192647,6,114.5355528729067
shanghai,0089616,0092473,7.011058630948296,5,142.10205790348863
shanghai,0089621,0109153,5.7188047696838895,5,63.933389236045066
shanghai,0089621,0092478,6.326819560846646,7,112.0186670201979
shanghai,0089622,0117882,6.0751597495370495,5,72.21193703207847
shanghai,0089633,0092490,6.985732498712829,5,142.10106108789086
shanghai,0089636,0092493,6.8372284203224165,6,142.09448750823353
shanghai,0089644,0092501,6.765895817583863,6,142.0908361427149
shanghai,0089645,0092502,6.475699734717594,9,142.07182211322424
shanghai,0089648,0092505,6.879870596845691,5,142.09651007254658
shanghai,0089651,0092508,7.035911914518732,5,142.10300392396732
shanghai,0089658,0092515,6.87981854739943,5,142.09650767321932
shanghai,0089663,0092520,6.886311796646702,5,142.09680571138975
shanghai,0089676,0092533,7.032055322350126,5,142.1028591728513
shanghai,0089683,0118696,5.299699310724443,6,52.66452487554614
shanghai,0089691,0143423,6.2351271326742355,5,81.19682310322561
shanghai,0089694,0092551,5.517964374944879,8,72.61150197234211
shanghai,0089694,0153920,4.875514741428183,10,51.47673184814256
shanghai,0089700,0092557,7.122898112814373,5,142.10607867379517
shanghai,0089703,0092560,5.887963289301637,7,89.10559310721982
shanghai,0089707,0092564,6.88302825485647,5,142.09665532032022
shanghai,0089712,0092569,5.8047064321956645,6,82.2543587904419
shanghai,0089718,0092575,6.970317988144674,5,142.10043770004768
shanghai,0089720,0117427,6.9948973916470445,5,142.10142570292913
shanghai,0089725,0092582,5.878732721039612,7,87.07389698205309
shanghai,0089729,0092586,5.905657721116774,5,80.25369027872452
shanghai,0089734,0092591,5.807479762037134,6,77.13969116601588
shanghai,0089735,0092592,6.930064432185612,5,142.09874805734094
shanghai,0089744,0092601,6.013394430928769,7,94.580218858533
shanghai,0089756,0092613,6.964632084268238,5,142.10020449889416
shanghai,0089774,0147522,5.154407597677153,7,46.830334558578016
shanghai,0089804,0092661,6.864910327900982,6,142.0958135481232
shanghai,0089814,0092670,6.952526332961763,5,142.09970206628918
shanghai,0089864,0092719,6.916858385870227,5,142.09817368295046
shanghai,0089888,0092744,7.02325466721273,5,142.1025260534938
shanghai,0089897,0090088,6.53875104729961,5,81.30934825932219
shanghai,0090088,0092940,6.628704000901972,5,116.52115087386895
shanghai,0090112,0092961,6.76800778761383,6,142.0909493131226
shanghai,0090282,0096989,6.754993277302458,7,142.0902468316487
shanghai,0090355,0133742,4.270816607161239,5,29.994662018413052
shanghai,0090355,0138988,3.558462585394948,6,20.152564164211242
shanghai,0090355,0138983,3.2583386638452767,5,16.52981141144756
shanghai,0090355,0138977,3.0127175222161666,5,14.409350386115939
shanghai,0090920,0090922,6.997374259125846,5,142.10152347995262
shanghai,0091089,0166255,7.218425342000644,5,142.1090688288034
shanghai,0091097,0143481,7.114721844794588,9,142.10580460757924
shanghai,0091888,0118416,6.170455095220766,5,77.75408376497138
shanghai,0092099,0146791,6.311959472240837,5,97.77879033872823
shanghai,0096402,0194929,7.223005959227579,5,142.10920286234176
shanghai,0096603,0143100,6.878594308269539,6,142.09645119133137
shanghai,0097037,0164209,6.381740131324656,5,105.25841951275846
shanghai,0097038,0164209,6.357202893454864,5,95.41821691901072
shanghai,0097086,0155467,6.9026680654965515,5,142.09754512202372
shanghai,0097469,0187236,5.696578076705902,6,70.60028928501028
shanghai,0097855,0235112,6.8705951983985845,6,142.0960798638826
shanghai,0100354,0100363,3.646259990002428,7,20.04157855902273
shanghai,0100381,0100389,6.33519906254785,6,86.54140728471783
shanghai,0100389,0100395,6.342022169609204,5,88.93585900509203
shanghai,0100389,0100390,6.279199107799807,5,69.17386911330897
shanghai,0100414,0100416,6.619982590625365,5,100.244715587603
shanghai,0100446,0100450,4.106807364105095,14,38.282607200545776
shanghai,0100446,0100448,3.507325633916774,7,15.81330010216037
shanghai,0100446,0100454,3.306993400209234,7,17.99118743549503
shanghai,0100446,0100452,2.5224833552674975,9,10.672660989839855
shanghai,0100447,0100452,4.852221140603789,7,49.10695343782439
shanghai,0100448,0100452,4.113291640811449,8,27.959331571235143
shanghai,0100450,0100454,4.01503978676446,6,25.261572209156377
shanghai,0100452,0100453,3.79318822112886,10,26.38830351235123
shanghai,0100452,0100454,3.0623398264297963,7,13.469910619031069
shanghai,0100542,0100643,5.633288624930541,5,57.8027428088757
shanghai,0100549,0100653,5.845710808193252,7,75.67610559295228
shanghai,0100552,0100653,5.765112025416296,5,54.820671141806436
shanghai,0100622,0100659,7.466096477644956,5,142.11525972945068
shanghai,0100643,0100651,5.259198309184131,8,55.49996749800021
shanghai,0100643,0100646,4.861639985502742,5,32.9254201781097
shanghai,0100643,0100653,4.640203688725852,10,38.989062246799215
shanghai,0100643,0100655,4.554677504518463,7,34.52198131002341
shanghai,0100646,0100655,5.3925838549642995,6,50.283263052523836
shanghai,0100651,0100655,5.042104982943078,5,40.065274020583196
shanghai,0100653,0100655,4.754833813159049,8,39.24715035954447
shanghai,0100682,0201701,6.322471340866634,5,89.93321392100395
shanghai,0100696,0114337,4.990545532833914,5,32.912186010546215
shanghai,0100729,0100767,6.324929065979922,8,107.3188775117249
shanghai,0100743,0100751,6.948359272234396,5,90.09134999145151
shanghai,0100743,0100750,6.2338822469861315,5,70.99483066869914
shanghai,0100749,0100750,6.725276305594269,5,108.44131208267002
shanghai,0100754,0100755,7.173721128163975,5,142.10771684659582
shanghai,0100770,0100773,5.478888029283248,6,57.03288469800521
shanghai,0100771,0100772,5.45736949344363,11,72.70026597729078
shanghai,0100771,0100773,4.524856447415743,6,32.012190336909214
shanghai,0100772,0100774,4.839748161446213,7,41.7965591698747
shanghai,0100772,0100773,4.094865109577554,8,25.1459642870779
shanghai,0100774,0100775,6.0533756393667835,6,83.32056996445692
shanghai,0100782,0100789,5.5208440236680785,6,63.13723297976977
shanghai,0100782,0100783,5.2040478964687304,7,53.70700489334741
shanghai,0100782,0100785,4.205713413161374,5,23.54163232300768
shanghai,0100783,0100788,4.728367322798955,10,43.6703254707646
shanghai,0100783,0100785,4.212886967713258,6,24.62982491690835
shanghai,0100785,0100788,5.0380726153890505,16,71.07077811886374
shanghai,0100785,0100789,4.939240932375692,6,43.70038970711851
shanghai,0100787,0100788,5.452522894311213,6,58.64481232099948
shanghai,0100797,0100801,6.211893890556381,6,91.69617670845467
shanghai,0100800,0100801,5.137080241632218,6,45.077606187245784
shanghai,0100800,0132289,4.667547215199684,6,33.71134422724764
shanghai,0100800,0132294,4.563733402397198,7,36.966008351860594
shanghai,0100801,0132293,4.648986057172468,5,30.054293449238926
shanghai,0100889,0100891,5.2500124168400735,23,103.06624094285911
shanghai,0100890,0100891,5.236064119230713,23,97.47332073107113
shanghai,0101181,0101196,7.00200826921592,6,142.10170554756627
shanghai,0101562,0101625,6.553730173790132,6,105.61556452554082
shanghai,0101562,0101571,6.527356603733298,5,95.04129406487733
shanghai,0101584,0146710,6.252027272996745,7,103.28830107833319
shanghai,0101650,0101677,6.918887578558324,5,142.09826259816754
shanghai,0101946,0153923,6.10854344134831,5,71.17803310753716
shanghai,0102500,0102550,7.444741947489651,5,142.11480276100386
shanghai,0102570,0102578,6.345325116162971,5,98.08698654814226
shanghai,0102573,0102602,7.110689882967061,5,142.10566835340603
shanghai,0102578,0102582,6.356994318400679,5,102.77390843004376
shanghai,0102586,0102599,6.919542881291528,5,142.09829126088906
shanghai,0102621,0102625,6.2006868583389805,9,93.28453777363735
shanghai,0102621,0102626,5.057982571543255,6,41.00873040874574
shanghai,0102621,0102623,5.019479375501736,6,39.24506525433431
shanghai,0102623,0102626,5.967436176796951,18,102.0692733140355
shanghai,0102667,0118187,6.980248686948403,5,142.10084078042257
shanghai,0102977,0103006,6.992591770905064,6,142.1013343954069
shanghai,0103268,0103294,6.83601961019295,7,142.09442848013683
shanghai,0103272,0103313,7.307616015883595,5,142.11153695301016
shanghai,0103297,0103298,7.190791153194087,5,142.10824262491607
shanghai,0103320,0103348,7.233007638471757,5,142.1094926920762
shanghai,0103492,0103495,4.458291367018326,18,57.84061414670943
shanghai,0103492,0103497,4.298831179723713,20,54.886477444110206
shanghai,0103512,0103514,6.060214743999477,10,116.54452376620048
shanghai,0103513,0103514,5.969832444192296,5,81.18611045416468
shanghai,0106963,0106997,5.733884803840238,8,80.2107613062144
shanghai,0106972,0106997,5.663119721619506,5,60.43674965194648
shanghai,0106975,0106997,5.730546802401262,8,79.14690487314132
shanghai,0106983,0106997,5.668499078757084,5,61.7512850868055
shanghai,0109026,0109040,7.252962359230074,5,142.11005952099163
shanghai,0109105,0155452,5.709262288882978,5,60.840560644801094
shanghai,0109121,0235087,4.138578565426033,7,29.230768700484962
shanghai,0109121,0235085,4.3798319218458035,5,26.834301410582356
shanghai,0109143,0154929,7.205904241580474,5,142.10869824383283
shanghai,0109147,0164210,6.911038209926031,6,142.0979173157268
shanghai,0109155,0143436,6.919288890049857,6,142.09828015436958
shanghai,0109187,0129596,5.568257626999262,6,59.060411006057606
shanghai,0109211,0109711,5.676392450266213,5,59.717007815934664
shanghai,0109232,0143423,6.325535629576352,7,116.57211678289625
shanghai,0109248,0109250,5.403171211148637,6,62.12082425446758
shanghai,0109345,0118576,5.5694421739214315,5,62.750735646341006
shanghai,0109517,0109625,7.064004310765399,9,142.104036166431
shanghai,0109519,0147749,4.216727970780831,5,24.584648797235232
shanghai,0109560,0187053,5.011365944747333,7,50.83514665324975
shanghai,0109578,0109711,5.810295735367464,12,102.0262372624227
shanghai,0109585,0193175,6.0632416764617245,7,81.88128393549121
shanghai,0110240,0145132,6.506940423413697,10,142.07423982261554
shanghai,0112304,0234906,6.501328011076551,5,92.63282588761771
shanghai,0112411,0236760,4.438601697034822,5,31.674914022805083
shanghai,0112411,0236764,4.097999424334357,5,24.65377608952388
shanghai,0112411,0236762,5.290651297522236,10,68.7257773760675
shanghai,0113063,0162397,6.2136896848888385,5,91.27223729603035
shanghai,0113292,0113293,5.3567681146278785,7,66.28784733264261
shanghai,0113293,0118576,4.490728231064943,6,36.146583716603175
shanghai,0113338,0113339,6.901553602334093,7,142.09749525130255
shanghai,0113344,0113345,7.20162446745868,5,142.10857015064053
shanghai,0113346,0113347,7.046656962042214,6,142.10340331855406
shanghai,0113425,0113426,7.170669237969649,5,142.1076215770187
shanghai,0113777,0113778,5.655980825621203,26,123.38882095051721
shanghai,0113777,0114562,5.514994836613444,9,70.2033871145937
shanghai,0113779,0237523,6.558629475962599,11,142.0780253465874
shanghai,0114216,0114601,5.352521123423881,5,46.91583460704722
shanghai,0114229,0115210,5.854182736241515,6,68.60643824714003
shanghai,0114229,0115208,5.500066572548329,8,58.08829089366384
shanghai,0114229,0201701,4.406870894490712,5,22.728185325512868
shanghai,0114231,0232412,4.8308001961137945,5,33.77294295544166
shanghai,0114231,0115209,5.541950080111491,5,55.39008040754234
shanghai,0114231,0231746,5.509769288415794,5,48.69991851690065
shanghai,0114233,0114344,5.676719354237346,5,52.2205615416595
shanghai,0114337,0235081,5.450484742417898,6,50.84198291254891
shanghai,0114344,0232289,5.195227225380264,5,40.39924138929857
shanghai,0114345,0143637,5.796789523112467,5,57.91725353977115
shanghai,0114345,0232289,5.137950235528755,7,49.50784849804462
shanghai,0115196,0115205,7.148797493162694,5,142.10692735244157
shanghai,0115202,0115203,6.906160342332588,6,142.0977009176131
shanghai,0115275,0166167,6.945188428771487,7,142.09939354535578
shanghai,0115635,0235123,4.049572037503491,10,30.753187190864544
shanghai,0115635,0235124,5.526358160336655,8,70.77050128597577
shanghai,0115635,0164786,5.363540044279612,5,36.89845946083962
shanghai,0115925,0115928,5.964078695120494,6,74.33422674927654
shanghai,0115925,0115939,5.8589018029738655,5,64.76195017063505
shanghai,0115928,0115939,5.959104593274238,5,73.82208360599009
shanghai,0115969,0115972,6.791306972155834,8,142.09217688205246
shanghai,0116005,0116006,7.197790083446837,5,142.10845476547465
shanghai,0116041,0116044,6.438738003701393,12,142.06882850491698
shanghai,0116054,0116057,6.988067931683667,6,142.1011544239355
shanghai,0116059,0116063,6.998563506672837,7,142.10157031216823
shanghai,0116136,0116137,6.5129229040782795,12,142.07469142616327
shanghai,0116207,0116209,7.2930461869722185,5,142.11115355662074
shanghai,0117119,0146749,4.587601066748598,5,32.05200706687981
shanghai,0117677,0117678,7.4982475806016415,8,142.1159236546998
shanghai,0117787,0236761,5.787023269862114,6,75.49306499953335
shanghai,0117787,0236764,4.129925452994429,5,26.85903651775366
shanghai,0117882,0235087,3.9733400425571856,6,21.171685902513808
shanghai,0118416,0164207,6.179478529809453,6,80.61178158512985
shanghai,0118436,0147704,3.495460118905468,6,16.469265814147338
shanghai,0118436,0147702,2.847845448075888,6,10.67162285192721
shanghai,0118576,0138975,3.1615741812005824,5,13.812281992748963
shanghai,0118696,0235092,4.975810926781002,5,39.07093881851086
shanghai,0118696,0235093,5.829957389435002,6,72.0160804452255
shanghai,0118975,0170856,5.787511129478634,5,63.980784845242965
shanghai,0119727,0138975,4.847948713883267,5,37.61314981718829
shanghai,0119946,0119948,5.5110831405910385,5,60.94393365792041
shanghai,0119946,0119947,5.508752944885777,5,60.77316124788379
shanghai,0119947,0119948,5.783431400691042,9,89.81354861681505
shanghai,0123021,0236752,6.464811547112181,15,142.07095553241052
shanghai,0124497,0124498,6.758838772886238,7,142.09045566943882
shanghai,0124580,0131956,7.074537706351411,5,142.1044133529822
shanghai,0124669,0124692,6.969992787130111,7,142.1004244098955
shanghai,0125443,0188164,6.970714121106439,5,142.100453881228
shanghai,0125454,0218138,6.924188073632782,5,142.09849372365977
shanghai,0126723,0126733,4.368608977494534,9,35.36112056347959
shanghai,0126723,0126740,4.88895046669412,6,39.285966783685105
shanghai,0126723,0126724,4.277536350278734,5,24.438481248113153
shanghai,0126724,0126733,4.308296120432331,12,40.670699779815855
shanghai,0126724,0126740,4.906697208249229,9,48.87677773027269
shanghai,0126724,0126743,4.7500029651088616,6,35.234119095414755
shanghai,0126728,0126733,4.952436902720519,5,38.84925756479503
shanghai,0126731,0126733,4.313547851040615,5,26.973628561336074
shanghai,0126731,0126736,6.110284741012009,6,78.03426654417116
shanghai,0126733,0126741,4.9814182246153385,7,43.62429648215674
shanghai,0126733,0126743,4.6097818656085705,9,40.42683837368554
shanghai,0126733,0126736,4.1580134670344835,6,22.096970499951507
shanghai,0126733,0126740,4.028946795490742,8,26.736816886867853
shanghai,0126746,0126750,6.645549271290787,5,99.49453485094978
shanghai,0126748,0126749,6.46595562403849,8,111.28867583392237
shanghai,0126749,0126750,5.81844398236667,5,63.029569988785234
shanghai,0126975,0231994,6.866003162495292,6,142.09586490034692
shanghai,0126976,0143156,7.137151665143681,5,142.10654936250972
shanghai,0127037,0132735,6.913473025170714,5,142.09802480661764
shanghai,0128718,0129368,5.909811483090612,5,65.53336045032773
shanghai,0128718,0129369,4.728135027094586,6,34.15840939003737
shanghai,0128718,0205086,4.458932784621234,10,43.17986859089495
shanghai,0128720,0205086,4.886207239923153,5,42.21005315283308
shanghai,0128721,0205086,4.869540812311602,5,39.487837322091124
shanghai,0128722,0205086,4.991447442445785,13,64.30383225839283
shanghai,0128723,0129369,4.969790556543366,8,46.89981715220629
shanghai,0128723,0205086,4.732242390835025,17,61.21696613864215
shanghai,0128725,0129369,5.050123574174514,7,47.115184843749155
shanghai,0128725,0205086,4.662452595180185,12,52.906192367604795
shanghai,0128969,0148163,6.937394285607474,5,142.09906251914947
shanghai,0130076,0130077,7.257241119679974,5,142.11017911124404
shanghai,0131297,0131357,6.8487357654846175,6,142.09504469185075
shanghai,0132289,0132293,4.6901481919043215,6,37.49777199941624
shanghai,0132289,0132294,4.573257789179869,9,43.03327048194198
shanghai,0132289,0132292,4.398785772832165,5,26.705324799328984
shanghai,0132290,0132294,4.304402939443805,8,32.02238048418758
shanghai,0132290,0132293,4.582238524856161,7,32.80045456562806
shanghai,0132290,0132292,4.831691380835571,8,40.18554922588769
shanghai,0132290,0132296,5.822661945359206,5,66.5283033407651
shanghai,0132291,0132294,5.245069458387548,5,39.006536041610644
shanghai,0132292,0132294,4.706543951230288,11,44.25442070854283
shanghai,0132293,0132294,4.250334415429793,9,29.34342213969815
shanghai,0132306,0132315,7.076677514535363,7,142.1044893313498
shanghai,0132699,0153927,6.401956688788011,7,107.37047314925702
shanghai,0133268,0133337,7.41498865275969,5,142.11414397813573
shanghai,0133742,0138975,3.6955982938352276,6,21.575938878895474
shanghai,0133742,0138977,3.318585876281312,5,17.081550679019152
shanghai,0136094,0136097,7.068682314344245,8,142.10420433343953
shanghai,0138709,0138710,7.263718896857987,5,142.1103588700767
shanghai,0138975,0235098,3.5853060152534644,8,19.89448903226234
shanghai,0138975,0138977,3.513565776235607,14,30.746934718721263
shanghai,0138975,0138983,3.384784410385728,10,24.10550619748511
shanghai,0138977,0138979,4.558710509733501,6,38.69932858491766
shanghai,0138977,0138990,4.046451669972666,6,29.112644509609865
shanghai,0138977,0138984,3.4966429281568,9,24.615607434152977
shanghai,0138977,0138978,3.4493008135550847,9,23.96017427501716
shanghai,0138977,0138981,3.209766543291745,6,17.73414988187423
shanghai,0138977,0138988,3.1150903924975584,8,19.10656736144399
shanghai,0138977,0235098,2.942541789389872,5,12.00845645648415
shanghai,0138978,0138991,3.9507090803454243,5,25.248758307944826
shanghai,0138978,0138983,3.7456975427866697,9,28.882629482890305
shanghai,0138978,0235098,3.6932453703548997,5,18.446929932172978
shanghai,0138981,0138991,4.0056008327665245,5,25.18032145965792
shanghai,0138981,0138983,3.5771970583051624,7,22.991432700822116
shanghai,0138983,0138984,3.839986473568283,10,31.105486288101577
shanghai,0138983,0138988,3.5110463215765852,10,25.520090478778513
shanghai,0138983,0138990,4.090568292942993,5,27.179910771164025
shanghai,0138983,0235098,3.608638654072384,6,21.09229523526443
shanghai,0138984,0138991,3.826397189315256,5,21.814088703281286
shanghai,0138988,0162396,4.2738002816119165,6,32.11181287953186
shanghai,0138988,0138991,3.6327852366827456,5,20.527453408064734
shanghai,0138988,0235098,3.5143191994654774,5,17.24808211368197
shanghai,0143449,0146721,4.964940884110127,7,53.83126318390187
shanghai,0143450,0235123,4.16270019245735,6,27.479148619785306
shanghai,0143450,0143749,6.002823288554735,5,77.59184764160268
shanghai,0146578,0146610,5.67103236127383,5,58.351753319721496
shanghai,0146579,0146613,4.751074454628143,5,36.856611485514144
shanghai,0146586,0146610,5.082920611013523,5,46.98385817695586
shanghai,0146586,0146636,6.398361115058854,5,101.40556825065968
shanghai,0146593,0146613,4.815112603986102,8,47.61689409040219
shanghai,0146596,0146628,5.697452896079011,8,74.34763294354565
shanghai,0146599,0153927,5.756861515114598,6,65.65541304416165
shanghai,0146599,0146613,4.148364954753613,5,26.14154711455745
shanghai,0146605,0146628,5.66293580109618,6,64.75969737645455
shanghai,0146609,0146613,4.206454105334367,5,27.727091649789585
shanghai,0146609,0146628,4.98025967443064,5,40.99724281036356
shanghai,0146610,0146615,5.717704658051784,7,70.32860349899656
shanghai,0146610,0146629,5.085386337968344,5,42.636670748917936
shanghai,0146610,0146627,4.543221578512099,5,31.748611670167552
shanghai,0146613,0146635,4.841060657765824,9,52.82475001955299
shanghai,0146613,0146639,4.828511913481777,8,50.23866021539845
shanghai,0146613,0146640,4.8066047765748605,6,46.02369195911103
shanghai,0146613,0146646,4.754985220363574,5,37.437694891474436
shanghai,0146613,0146614,4.75087279297461,5,36.82689321233455
shanghai,0146613,0146623,4.747907317961077,5,36.39263692986795
shanghai,0146613,0146627,4.122931920192353,8,31.119824748043985
shanghai,0146627,0146628,4.497631701713082,6,30.8507498821693
shanghai,0146628,0146629,5.01208873083852,5,40.29986442120145
shanghai,0146648,0146670,3.9156490907283734,6,25.763070545410866
shanghai,0146650,0146673,4.196103952185211,5,18.241031413538256
shanghai,0146651,0146671,3.038430377466959,14,22.657305730478626
shanghai,0146651,0146670,2.5587119373394307,11,15.539327837809612
shanghai,0146651,0146674,2.556877874562204,20,12.874324541369763
shanghai,0146651,0146673,2.4003557250924947,19,10.993534867109613
shanghai,0146653,0146671,2.786127296695689,13,19.382642269810532
shanghai,0146653,0146670,2.572477868820873,14,17.463622917215673
shanghai,0146653,0146673,2.4403838972331666,25,12.697024754263465
shanghai,0146653,0146674,2.4140437453298134,24,12.293694406128528
shanghai,0146654,0146671,3.1853635136299525,21,29.824794189120507
shanghai,0146654,0146674,2.879726707578575,38,20.341067670047746
shanghai,0146654,0146673,2.7796517440388238,39,18.43972678314494
shanghai,0146654,0146670,2.282300101264852,12,13.169873911910914
shanghai,0146655,0146670,2.844968698142834,24,25.679502720122976
shanghai,0146655,0146674,2.75349707320792,39,19.389152645027615
shanghai,0146655,0146673,2.670956667851449,39,17.889754039471544
shanghai,0146655,0146671,2.5058236102553977,13,16.076948843065715
shanghai,0146655,0146656,1.671935801919039,5,5.700655239326136
shanghai,0146656,0146671,2.8164235225432313,14,20.395255664413902
shanghai,0146656,0146673,2.7700291068493748,39,18.2227112572046
shanghai,0146656,0146670,2.739361434994109,18,21.174230514399287
shanghai,0146656,0146674,2.4545217509232566,28,13.07808145438051
shanghai,0146657,0146671,2.9145076654883324,16,22.181176951709507
shanghai,0146657,0146674,2.8594159316790773,37,19.54898363507184
shanghai,0146657,0146670,2.5470418429186603,15,17.055168284000867
shanghai,0146657,0146673,2.523201220594295,24,13.878982317711884
shanghai,0146658,0146674,2.917866275127822,17,15.296052497455396
shanghai,0146658,0146670,3.0448891488282115,11,21.003354106974378
shanghai,0146658,0146671,2.7933956747193145,7,14.436176762047722
shanghai,0146658,0146673,2.348777450998842,12,8.543139827310746
shanghai,0146659,0146674,3.0065437520005807,11,12.507461853844442
shanghai,0146659,0146670,3.4888803562201742,9,24.62835070363873
shanghai,0146659,0146673,2.8556779020513074,12,10.773886455730706
shanghai,0146661,0146674,2.4979351770684923,9,9.753340811769563
shanghai,0146661,0146670,3.1696132703517677,12,23.433507917927347
shanghai,0146661,0146673,2.6439781735605,16,11.39698891508772
shanghai,0146661,0146671,3.3579895270736992,11,25.2346760230593
shanghai,0146662,0146670,3.7910051212730567,12,33.06701759301232
shanghai,0146662,0146673,2.9613737893292917,11,11.873941434860004
shanghai,0146664,0146670,3.705434258326659,6,23.375765800082394
shanghai,0146664,0146673,2.868903753920824,6,8.3351953860965
shanghai,0146666,0146673,4.278884273579046,10,25.40115931784323
shanghai,0146670,0146674,1.945168144209209,26,9.930391519433593
shanghai,0146671,0146674,1.5706505215565418,14,5.873783606949973
shanghai,0146671,0146673,1.7791497374933256,17,7.427680380864688
shanghai,0146673,0146674,1.8327691695426733,7,7.354116269041976
shanghai,0146710,0153920,5.299519395465679,6,57.00305091032983
shanghai,0146711,0153923,6.245162097241409,10,122.93538235430663
shanghai,0146725,0186275,5.948286509227717,5,66.83523248101744
shanghai,0146748,0146749,4.9574155452392725,8,51.25796740939363
shanghai,0146749,0234666,4.765923482518832,8,43.9989101818049
shanghai,0146758,0234807,7.078343917921489,6,142.10454835053164
shanghai,0146788,0146789,6.554924770730705,5,107.03625351654047
shanghai,0146857,0146860,6.808482756375053,7,142.09305771807092
shanghai,0146945,0146954,6.305645015232163,5,101.64987455985361
shanghai,0146967,0155452,4.954691384231144,5,38.73392628998107
shanghai,0147264,0147265,6.445173344896787,6,105.8556832537838
shanghai,0147264,0147266,6.417497400692791,5,94.76241940656642
shanghai,0147378,0147393,7.309608323306146,5,142.111588802918
shanghai,0147408,0147412,5.617495944361365,7,67.70692630150889
shanghai,0147414,0147419,5.902933012877525,6,69.72022303148724
shanghai,0147416,0147419,5.408349067974081,7,56.81102635044458
shanghai,0147433,0147662,5.721624946932627,24,131.39993883873896
shanghai,0147440,0147620,3.4904212481917396,7,18.027718429005066
shanghai,0147440,0147598,3.0256220983495146,6,10.736422747070359
shanghai,0147440,0147459,3.5554488569494103,5,16.018282998535224
shanghai,0147448,0147522,4.355125908555489,5,24.104547452775556
shanghai,0147448,0147580,5.894166043310688,5,65.80460632009708
shanghai,0147449,0147611,4.654683273883569,5,33.61084960567646
shanghai,0147449,0147543,5.167511598438293,5,43.39108526351431
shanghai,0147451,0147693,2.4034273158162573,15,12.324572762391943
shanghai,0147451,0147620,2.747284030348726,14,16.08487011209811
shanghai,0147451,0147598,1.5124708219565648,5,4.142030065400599
shanghai,0147451,0147573,3.0597442629225986,9,14.595817726227345
shanghai,0147451,0147476,4.584693076151296,5,30.835447237682217
shanghai,0147451,0147510,4.03029268796843,7,27.761638316070407
shanghai,0147451,0147597,3.5366759584050254,5,17.697868297199378
shanghai,0147451,0147459,3.179407651816498,16,20.84603242161191
shanghai,0147451,0147621,2.7960280596794025,8,12.026176742238547
shanghai,0147451,0147611,2.526156028820556,6,9.172038276191588
shanghai,0147451,0147690,2.5255480892450564,23,15.500640043093998
shanghai,0147454,0147693,2.0775773308650063,8,7.730742161917985
shanghai,0147454,0147598,1.6781572889244722,5,4.3998495249526925
shanghai,0147454,0147512,4.9026543126246525,6,40.25071667093151
shanghai,0147454,0147560,4.821233646921184,5,29.06239720709547
shanghai,0147454,0147469,4.524742645118512,9,35.88451727864488
shanghai,0147454,0147631,4.204570427542983,7,29.049441620853386
shanghai,0147454,0147597,3.937949939728223,7,23.39990494598859
shanghai,0147454,0147580,3.8225074483492323,5,18.347301205527742
shanghai,0147454,0147656,3.640802682816946,6,18.575389954452408
shanghai,0147454,0147484,3.3398818949137903,6,14.538674915058506
shanghai,0147454,0147522,3.0270743763231556,7,14.011300971517159
shanghai,0147454,0147459,2.064259411272153,6,5.8151124676134796
shanghai,0147454,0147690,1.8207255321032607,8,6.496296653173171
shanghai,0147455,0147478,6.08341183165999,8,101.86856988256001
shanghai,0147459,0147693,1.4493654369245264,5,3.9486205398569285
shanghai,0147459,0147620,2.171521997709543,7,7.888278867341612
shanghai,0147459,0147631,3.6396694261743052,5,16.626437345080603
shanghai,0147459,0147543,3.4484209498459197,6,16.223206976052328
shanghai,0147459,0147611,2.9483502330241196,8,12.626538251510983
shanghai,0147459,0147535,2.919284444863786,7,13.867618750149258
shanghai,0147459,0147522,2.6173404652284535,6,9.307748930105781
shanghai,0147459,0147690,1.300534275407385,6,3.6826690827431756
shanghai,0147469,0147598,3.657119479045222,5,17.38640200111773
shanghai,0147478,0147621,4.018514931506282,5,22.83983985462447
shanghai,0147478,0147508,5.986052747964833,5,69.00970294286277
shanghai,0147484,0147620,2.789216356009878,6,10.078569888890993
shanghai,0147484,0147598,3.248448839431739,9,15.360426603066205
shanghai,0147484,0147621,3.4609642675297634,6,14.171227910916281
shanghai,0147484,0147522,3.3476055553378536,6,13.171646314866306
shanghai,0147509,0147620,4.362985422801908,5,22.151766628877017
shanghai,0147510,0147611,4.6785992001443235,8,40.76218502538737
shanghai,0147522,0147598,3.047580028434851,12,16.579620603463173
shanghai,0147522,0147656,4.748895168967807,12,50.870560480480435
shanghai,0147522,0147567,4.225933886833425,5,20.951848021573422
shanghai,0147522,0147690,1.376978749316126,5,3.5901201744636935
shanghai,0147535,0147620,3.0871131302632637,12,19.771256603362723
shanghai,0147535,0147598,3.0199520242655575,12,17.619378612605697
shanghai,0147535,0147573,3.057021902266494,5,12.625209009657196
shanghai,0147535,0147574,4.124639546026757,5,26.804072823445928
shanghai,0147535,0147543,3.8884846361973304,7,24.59450556008198
shanghai,0147535,0147551,3.3633287418205695,5,13.479410271474237
shanghai,0147535,0147690,1.113404198833684,5,2.8843770683427588
shanghai,0147543,0147598,3.0990459384038767,5,13.052521614908127
shanghai,0147543,0147573,3.4852351522303158,5,13.310105071319219
shanghai,0147546,0147693,4.167322396605841,5,21.020060615310662
shanghai,0147551,0147620,3.5263330702328846,10,19.648281102125004
shanghai,0147551,0147621,4.274838640566834,10,29.63158719430251
shanghai,0147567,0147662,5.081639899546988,5,42.34570923146858
shanghai,0147573,0147620,3.1243417778874685,9,16.704771529157217
shanghai,0147573,0147621,2.966576934836046,5,10.105059391440493
shanghai,0147574,0147611,4.111952718698244,5,23.37482869428157
shanghai,0147580,0147690,2.941411873414503,6,11.086411181018045
shanghai,0147590,0147620,4.411634983125947,5,26.910471665913267
shanghai,0147597,0147621,4.404869518528695,7,32.25503979484519
shanghai,0147598,0147620,2.1666282890538326,9,8.98261735217702
shanghai,0147598,0147631,3.493685085220328,5,16.455496198293286
shanghai,0147598,0147621,2.736300043363493,9,11.567196928593065
shanghai,0147598,0147690,1.4245314586415312,8,4.836503965198689
shanghai,0147611,0147620,2.9164070846148435,9,14.677979837460112
shanghai,0147611,0147690,2.5258470132811386,14,11.907166315991898
shanghai,0147620,0147621,1.82704382262807,5,4.680039780644731
shanghai,0147620,0147690,1.7828895783080727,13,7.536980145317767
shanghai,0147621,0147690,2.104205698115017,7,7.6064860833216414
shanghai,0147674,0147683,3.8258160751135497,10,28.299529848811254
shanghai,0147674,0147686,3.4594751866589517,7,20.753202144288025
shanghai,0147674,0147687,3.3641035958732415,8,20.406587772430704
shanghai,0147674,0147677,2.9763100800587807,6,12.57016081592065
shanghai,0147675,0147683,4.8164155003747435,7,47.77938242410827
shanghai,0147677,0147687,3.8367061313998265,34,48.67826970883773
shanghai,0147677,0147684,3.827056307201019,13,30.40214892086231
shanghai,0147677,0147678,3.491406681495495,5,16.488522996435545
shanghai,0147677,0147679,3.3458332351911366,7,17.678853663012163
shanghai,0147677,0147686,3.2875693315515777,19,25.766690931463884
shanghai,0147677,0147683,2.9585244536783852,11,17.352028110384904
shanghai,0147678,0147683,4.031052977115562,6,27.040665662588875
shanghai,0147678,0147686,3.541488385185694,5,17.52736152315547
shanghai,0147679,0147683,3.9032544722660747,10,29.550986750533042
shanghai,0147679,0147686,3.455117720426398,8,19.956380072937673
shanghai,0147679,0147687,2.89361050778634,6,12.209819326928079
shanghai,0147683,0147686,3.1931178914816343,13,22.277874903833396
shanghai,0147683,0147687,3.064178938351211,14,21.15149451699264
shanghai,0147683,0147684,2.966605981992127,6,12.0963994196207
shanghai,0147684,0147686,3.1322245568350766,6,15.202331668989892
shanghai,0147684,0147687,3.548610011726127,14,25.118566245631463
shanghai,0147686,0147688,3.764677767531019,6,22.230738783143224
shanghai,0147686,0147687,3.6448826450657554,31,40.51898289033041
shanghai,0147687,0147688,4.101080024473544,10,33.79354812894387
shanghai,0147689,0147693,3.279491525580398,10,20.609362418781448
shanghai,0147689,0147690,3.6159054208084473,18,32.12756361687295
shanghai,0147689,0147692,3.237216584387041,5,14.636544167208713
shanghai,0147690,0147693,3.5013869942385467,59,49.49871503712239
shanghai,0147690,0147692,3.6216440934221366,31,41.449834246521185
shanghai,0147690,0147691,3.5033753293554577,17,31.344538524256148
shanghai,0147691,0147693,3.559738390271181,18,29.938500737044258
shanghai,0147691,0147692,3.1606930570883955,5,14.804963684723598
shanghai,0147692,0147693,3.3140318598820455,19,27.370508113460524
shanghai,0147701,0147702,2.510030198045028,6,8.614157850996682
shanghai,0147701,0147703,5.809145275678609,12,95.85099157681768
shanghai,0147702,0147704,3.7054444782824936,50,52.70534600084601
shanghai,0147702,0147706,3.6516713039440702,46,49.938676276410085
shanghai,0147702,0147705,3.372439732682335,23,31.10117939828026
shanghai,0147702,0147703,2.668285178303549,5,9.166554138439842
shanghai,0147704,0147705,3.1750177284721435,11,20.33468487308714
shanghai,0147704,0147706,3.721920558141039,31,42.83649400118954
shanghai,0147705,0147706,3.6686467707981096,17,33.567401282310904
shanghai,0147707,0147711,6.032193546408147,5,72.10585651935078
shanghai,0147707,0147714,5.527163289531253,6,56.26603168499986
shanghai,0147707,0147717,5.123989260395387,5,44.136953127489754
shanghai,0147709,0147710,5.580870560454119,9,69.98883021657929
shanghai,0147710,0147720,5.614504084882475,11,80.06747836407244
shanghai,0147710,0147721,4.960035674956754,7,44.642696331880785
shanghai,0147714,0147715,5.7630949169055095,5,58.70411561612053
shanghai,0147726,0147728,5.929771495318501,14,108.02252286343756
shanghai,0147726,0147732,5.8901723278105615,11,92.19842798673682
shanghai,0147737,0147740,5.427466748854581,11,77.95838302058513
shanghai,0147737,0147739,5.277116894110095,9,61.748291035827265
shanghai,0147738,0147741,6.382922253517772,13,142.0640188098814
shanghai,0147739,0147740,5.23875061772158,6,50.59570957447401
shanghai,0147742,0147749,4.865920945070731,20,69.36011619105331
shanghai,0147742,0147747,5.019708668381647,21,79.43083228977088
shanghai,0147743,0147748,5.428734936008037,17,92.42193724358188
shanghai,0147743,0147744,4.918631510180995,8,47.10334829493189
shanghai,0147744,0147748,5.262786597730012,12,70.87520045070868
shanghai,0147747,0147749,4.697204126868633,16,55.98559614024034
shanghai,0147768,0147769,5.706275705257007,5,66.19678452591106
shanghai,0147770,0147771,6.315884373213936,10,119.6152065315263
shanghai,0147786,0147788,6.372654091378612,12,142.06309434606302
shanghai,0147795,0147796,7.108967981411642,5,142.10560994071616
shanghai,0147802,0147804,7.0438441676453545,6,142.1032993189371
shanghai,0147952,0148852,7.012745465902017,6,142.10212310789558
shanghai,0148198,0148201,6.42656131925814,10,142.06780953919574
shanghai,0148206,0148210,7.054723813874289,5,142.10369942624678
shanghai,0148211,0148212,7.180386168538631,6,142.1079235634599
shanghai,0150340,0150342,6.259045405799282,6,101.04321967259452
shanghai,0150340,0150347,6.256093408131487,6,99.8571187927142
shanghai,0150565,0150566,6.623429321804075,8,142.0824169542899
shanghai,0150986,0150998,7.104858246362391,5,142.10546998147103
shanghai,0151274,0153968,6.346890922739568,5,99.45614992830927
shanghai,0151278,0153968,6.351851528387582,5,101.44931005185548
shanghai,0151279,0155466,6.734140844944197,7,142.0890955600574
shanghai,0152370,0152380,7.0393740592821485,5,142.10313323760965
shanghai,0152455,0152456,6.009479119349715,17,142.02074298099495
shanghai,0152800,0152802,6.802773102640544,6,142.09276714187467
shanghai,0152942,0152948,6.3743814140721105,6,110.96884771753858
shanghai,0153215,0153217,4.0731983576421635,12,34.63125974981509
shanghai,0153215,0153222,3.5131400817118044,10,21.138907069036144
shanghai,0153215,0153220,3.3201438935414656,5,16.541843056781794
shanghai,0153216,0153217,3.294817532961347,8,16.89614914139394
shanghai,0153216,0153220,3.6056419740271046,10,23.648191217127888
shanghai,0153216,0153222,3.6061715855495686,10,24.868924962743208
shanghai,0153216,0153219,3.4940910532425873,6,17.150220460319087
shanghai,0153217,0153221,4.053807775036545,10,32.28923898821197
shanghai,0153217,0153222,3.753911004333835,31,43.20071505860115
shanghai,0153217,0153220,3.4777988814461525,22,31.08079085164012
shanghai,0153217,0153219,3.3170205158819774,10,21.439058188902695
shanghai,0153219,0153220,3.8968887541528003,20,39.38175193577037
shanghai,0153219,0153222,3.704754885563827,18,34.09516311175189
shanghai,0153220,0153222,3.8349740596373403,35,47.90708519302163
shanghai,0153220,0153221,3.2966423486196854,5,15.358715106855103
shanghai,0153221,0153222,3.5048066633080657,7,19.930776464492144
shanghai,0153273,0153275,5.410694240840859,14,78.98860568087508
shanghai,0153273,0153274,5.4056650046293955,17,78.39489284647708
shanghai,0153274,0153275,5.121452305659699,11,54.64483293292067
shanghai,0153623,0153629,7.117429586854489,5,142.10589570142997
shanghai,0153656,0153658,6.605398310448437,6,109.25668117631334
shanghai,0153657,0153658,6.55923819212154,5,90.8363479868182
shanghai,0153746,0153749,7.078355605300035,6,142.10454876400186
shanghai,0154928,0154931,6.90391844870294,8,142.09760098684066
shanghai,0154930,0154932,6.015126363563447,6,73.2043058495829
shanghai,0154930,0154933,5.874445882696513,5,61.170320022266814
shanghai,0154932,0154933,6.062621594453719,7,78.33309686287105
shanghai,0154936,0154937,7.008914144371938,6,142.1019747965993
shanghai,0155144,0155171,7.264645509755392,5,142.11038445696434
shanghai,0155175,0155177,5.273342643071974,6,52.09619069114417
shanghai,0155177,0155184,4.8471333668763075,23,70.1218092327055
shanghai,0155177,0155183,4.746005482594227,6,37.015876389419965
shanghai,0155177,0155179,4.551920009691471,9,38.304110532496225
shanghai,0155177,0155181,4.499449280102513,5,28.378374713537642
shanghai,0155179,0155184,4.924520880651532,12,54.185134800050974
shanghai,0155181,0155184,4.819368842586567,6,38.07799025528579
shanghai,0155183,0155184,4.5896245799800655,5,30.804882182098794
shanghai,0155187,0155209,5.741182484142132,7,70.18473380486166
shanghai,0155187,0155202,4.779176338403885,8,42.94679987510736
shanghai,0155187,0155200,4.603226689430149,8,40.592114121703965
shanghai,0155187,0155207,4.496419597410077,5,28.849234315072977
shanghai,0155190,0155200,5.551349228101621,5,54.93210178242964
shanghai,0155192,0155200,4.829007429156621,6,34.28153008333923
shanghai,0155192,0155207,5.591331213633183,5,58.18766889349028
shanghai,0155200,0155205,4.8254038977766,5,34.352652491846584
shanghai,0155200,0155202,4.488417958805857,8,34.21018341587832
shanghai,0155200,0155207,4.202478050945834,6,22.90078997508801
shanghai,0155202,0155205,5.330768063623151,6,50.54278048228989
shanghai,0155202,0155207,4.475454510712043,5,26.71450568857992
shanghai,0155217,0155325,3.5650464252874814,20,32.916866423977794
shanghai,0155217,0155219,5.055214880246585,5,36.013361921262565
shanghai,0155217,0155266,4.223990660871174,7,27.4661017677127
shanghai,0155217,0155251,4.1903862252985,6,26.325855335286725
shanghai,0155217,0155218,3.233311562264201,7,14.317763638388818
shanghai,0155217,0155341,2.7138630647114734,10,11.298172936448873
shanghai,0155218,0155287,5.314736470660078,5,40.30211975450899
shanghai,0155218,0225261,4.292386894130273,8,25.442267559782685
shanghai,0155218,0155280,4.136358562016148,7,24.720258275715597
shanghai,0155218,0155254,3.3172939825431067,9,16.989200512733454
shanghai,0155218,0155341,2.8045352842175015,9,11.055776914125303
shanghai,0155221,0155341,3.3581674643958825,7,15.000778184714502
shanghai,0155221,0155224,5.589949095709538,5,59.00892582805495
shanghai,0155221,0155343,3.165363996232191,5,9.186980314643453
shanghai,0155222,0155230,4.267373133842258,7,27.8841494330642
shanghai,0155222,0155321,4.261998514173411,6,27.291080522855363
shanghai,0155222,0155350,4.25105920151357,5,26.122647996555685
shanghai,0155222,0155363,4.249932012141607,5,26.00513243546176
shanghai,0155222,0155361,4.245382141014394,7,25.5361331483213
shanghai,0155222,0155293,4.231693579148099,6,24.175511224240825
shanghai,0155222,0155291,4.218691179839801,5,22.95029041551017
shanghai,0155222,0155242,3.700916203791719,8,22.07145766620106
shanghai,0155222,0155334,3.5973015489162776,13,23.7088569173609
shanghai,0155222,0155364,3.106442424432699,9,15.072434346236006
shanghai,0155222,0225261,3.0298481614995314,8,11.452121495343352
shanghai,0155224,0155325,3.264559187838013,6,12.162713667691216
shanghai,0155227,0155325,3.6169889963000896,5,14.522371537891292
shanghai,0155237,0155325,4.20868724902396,6,25.95624291224496
shanghai,0155241,0155341,4.664666838551202,5,31.75464363730979
shanghai,0155242,0155325,3.6244788066924043,7,20.85243761009002
shanghai,0155251,0155325,3.5871872619223373,10,21.002336583548033
shanghai,0155251,0155341,3.118660371087903,5,10.674578527770551
shanghai,0155254,0155325,3.292932628922064,19,27.21381732450222
shanghai,0155254,0155266,4.090918332955476,6,26.18835612896717
shanghai,0155254,0155341,2.7605603942230523,8,12.911645942942647
shanghai,0155254,0155300,4.873967849154008,5,34.77126039282939
shanghai,0155254,0155351,4.847475345396357,5,31.27506640982657
shanghai,0155254,0155255,4.381564712370715,5,24.729326911199475
shanghai,0155254,0155343,3.150624002046695,7,14.332562127001996
shanghai,0155254,0155334,2.9538098400297805,5,9.377978865970107
shanghai,0155255,0155343,4.529144257467443,5,23.41658599646842
shanghai,0155266,0155341,3.4478248490193204,5,15.030163135210895
shanghai,0155276,0155334,5.836836206856189,5,53.374973789701386
shanghai,0155280,0155325,3.41366509423165,9,19.60489208843411
shanghai,0155280,0155341,3.139193578347321,6,12.125071878329425
shanghai,0155285,0155325,4.22177374458279,5,27.351138021587097
shanghai,0155303,0155341,4.6229476700333505,5,26.87408117069853
shanghai,0155325,0155349,4.190449932461662,5,24.130169138508048
shanghai,0155325,0155334,3.2156831478411805,11,16.43652390523561
shanghai,0155325,0225261,2.941716836308774,6,10.682895629518198
shanghai,0155341,0155364,3.9439810769380204,9,29.32468693112043
shanghai,0155341,0155343,3.6241923467330306,9,25.417641213871285
shanghai,0155343,0225261,3.8848486852592616,5,16.87565759713554
shanghai,0155343,0155364,4.51494123934589,10,38.732775357713926
shanghai,0155370,0155373,6.435452708635991,6,102.89869684577907
shanghai,0155370,0155376,6.423169067814546,6,97.96501402595901
shanghai,0155458,0235088,4.95158822010527,7,52.97116527183015
shanghai,0155458,0235089,4.378832455623124,5,31.75905002119682
shanghai,0156047,0156048,7.137474060582419,5,142.10655990571976
shanghai,0157054,0187053,5.113144138035287,14,76.37846248338545
shanghai,0157412,0157413,6.571391763090654,8,142.07892053542633
shanghai,0157430,0208083,6.270135755628529,5,94.0946929051859
shanghai,0157431,0208083,6.300940811515569,6,106.43365891758144
shanghai,0158260,0158262,7.181378241000547,5,142.1079541759149
shanghai,0161225,0161226,6.719187776168402,8,142.08825006444715
shanghai,0161278,0161280,6.756453779026383,6,142.09032627342845
shanghai,0165040,0235056,6.080289282156781,5,68.82169684403193
shanghai,0166427,0166429,6.56597873056774,6,90.69492592649286
shanghai,0166428,0166429,6.612798201867208,9,109.37466669088255
shanghai,0169281,0169288,7.059394800737841,6,142.1038694324947
shanghai,0170300,0187053,5.00852622995105,7,50.26098446782995
shanghai,0170753,0170757,7.730996588230576,5,142.1199677629687
shanghai,0170773,0170860,6.511747282220213,5,92.70352117181125
shanghai,0170833,0170858,6.126835436109327,5,68.11600311016963
shanghai,0170855,0170857,5.798079952225708,8,86.0582437653847
shanghai,0170855,0170856,4.397635815379534,5,26.060561581125885
shanghai,0170856,0170858,5.0077983684707865,7,45.32264591129353
shanghai,0170857,0170861,4.991888858562478,6,37.910648267639445
shanghai,0170858,0170861,5.2186019276147375,6,49.85971216909042
shanghai,0170860,0170861,4.993386793960698,5,34.11528323339115
shanghai,0170860,0170872,6.450271822993878,5,72.49405942504173
shanghai,0170928,0235123,5.181047720214058,5,48.88042538321512
shanghai,0171360,0236870,7.170893082865603,5,142.10762857787293
shanghai,0172533,0172534,4.851653126283373,17,68.41911570671826
shanghai,0172768,0172770,7.260052401198645,5,142.1102573152563
shanghai,0173737,0193868,6.875013146719919,5,142.09628543942515
shanghai,0174864,0174865,6.515737446238424,11,142.0749026465845
shanghai,0174959,0231978,6.964870394221445,5,142.10021430845498
shanghai,0175059,0186957,6.420846515285071,5,93.31076655428036
shanghai,0175674,0180422,6.480723131543797,6,96.38366143790017
shanghai,0175888,0175889,6.8254056993639685,7,142.09390608066434
shanghai,0177396,0230538,6.734671779915271,6,142.08912527207175
shanghai,0182088,0183183,6.760524959880368,6,142.09054690424145
shanghai,0187019,0187236,5.163231946510211,5,50.49904679640549
shanghai,0187868,0187869,7.0162329806088435,5,142.1022574532264
shanghai,0188025,0188026,6.785331673937022,6,142.09186568701838
shanghai,0188194,0188230,7.26850656901956,5,142.11049073410658
shanghai,0188777,0194091,6.758237977006771,7,142.09042311248103
shanghai,0192607,0193050,7.643758659939217,5,142.11859683704273
shanghai,0196423,0196424,7.376915941476212,5,142.11326196139134
shanghai,0205104,0205107,5.183038860704005,7,59.08724421993347
shanghai,0205105,0205107,4.96648271610657,14,69.74289354483257
shanghai,0205107,0205108,4.988245736859654,20,82.08860934867064
shanghai,0209363,0209409,5.743799370188925,5,63.65402901996387
shanghai,0209395,0209408,4.829008455868595,14,55.1692942290316
shanghai,0209395,0209410,4.437638044841026,10,41.497796127287316
shanghai,0209395,0209396,4.264387189588785,6,31.573412091242474
shanghai,0209396,0209409,4.184025878889821,5,27.209299714411888
shanghai,0209396,0209467,5.5361384925690516,6,68.10539027481477
shanghai,0209396,0209410,4.555750082505457,12,48.831474885865234
shanghai,0209408,0209409,4.773117699506844,9,48.73101838622099
shanghai,0209408,0209410,4.374317347094116,10,40.34923982109136
shanghai,0209409,0209410,3.739773267234522,5,19.213216658264464
shanghai,0209410,0209475,5.240566057649514,6,46.2445347545735
shanghai,0212204,0212205,4.604599477701082,8,40.817551505765024
shanghai,0216176,0216179,6.745127724813046,7,142.08970613883926
shanghai,0216178,0216236,6.35461706195809,5,94.04638037852587
shanghai,0216186,0216260,7.410197436764862,5,142.11403542886686
shanghai,0216187,0216197,6.07422276813643,19,142.0298684122891
shanghai,0216189,0216192,6.546459337158608,5,110.74927829010649
shanghai,0216189,0216226,5.631945546507494,6,54.42078149608586
shanghai,0216191,0216259,6.957007103605087,6,142.09988898052129
shanghai,0216226,0216235,6.514679621000285,5,112.3864993816273
shanghai,0216233,0216236,5.893207850583475,6,80.34115022829722
shanghai,0216233,0216248,6.362720078894171,5,93.20546091668209
shanghai,0216237,0216247,6.652176998480695,5,106.4690090654704
shanghai,0216237,0216265,6.6212845857163645,5,94.0930604244885
shanghai,0216242,0216254,7.170665769832971,5,142.10762146853466
shanghai,0216261,0216269,6.883956055540496,6,142.09669788172226
shanghai,0220039,0236760,5.20070178648863,9,66.38941661226141
shanghai,0220039,0236762,5.127928078257462,7,56.99628049084551
shanghai,0223611,0223819,7.125263727793867,5,142.1061574128663
shanghai,0223654,0223805,5.358903398675906,8,69.81933141224702
shanghai,0223654,0223662,5.032466175572037,8,56.45714476416773
shanghai,0223656,0223822,6.391283191768893,7,112.24731001776765
shanghai,0223656,0223664,6.327837513015716,5,87.08823909378725
shanghai,0223657,0223662,5.410493134201899,11,83.03358012351876
shanghai,0223657,0223805,4.799362161111209,5,40.138842167658765
shanghai,0223662,0223805,4.4067720392184535,5,31.1823649166526
shanghai,0223917,0223919,6.250002678617421,5,96.94838081003843
shanghai,0223917,0223920,5.647493769938078,6,72.83655113633024
shanghai,0223920,0223925,6.199724585367641,6,101.19512497288534
shanghai,0225378,0225379,6.626868969828054,7,142.08263962931963
shanghai,0227624,0236764,4.87011489580093,5,44.07622209759458
shanghai,0231583,0231585,7.393157557463534,5,142.11364370771875
shanghai,0231650,0231652,7.316753703487913,5,142.11177363308678
shanghai,0234527,0234529,6.46826228558371,7,112.14786785988974
shanghai,0234528,0234529,6.405433416439329,6,87.22602800778283
shanghai,0234666,0235056,5.368894009655344,5,44.50013462010608
shanghai,0234872,0234873,6.567741652369008,8,142.07866605807862
shanghai,0234890,0234891,6.93601943956883,5,142.0990037700971
shanghai,0237008,0237009,5.0633096398358575,5,44.14099859565691
shanghai,0237009,0237018,5.246222748697675,19,91.7476120040672
shanghai,0237009,0237012,5.218938966293185,17,82.26175766590279
shanghai,0237009,0237011,5.116975518217601,7,54.71032986926648
shanghai,0237350,0237368,6.930430419162307,7,142.09876383173815
